id,description,start,end,lhs_gc_content,rhs_gc_content,lhs_max_homopolymer,rhs_max_homopolymer,lhs_entropy,rhs_entropy,lhs_repetitiveness,rhs_repetitiveness,lhs_sequence,rhs_sequence
N34_bin_14,50-bp bin starting at position 14,14,63,44.0,56.0,4,2,0.989,0.961,72,44,TATTCCTTCAAAGGGGCAAACAGGT,GTCGGATCACTGGCACAGACCAAGA
N34_bin_16,50-bp bin starting at position 16,16,65,48.0,60.0,4,2,0.993,0.921,76,84,TTCCTTCAAAGGGGCAAACAGGTGT,CGGATCACTGGCACAGACCAAGACC
N34_bin_21,50-bp bin starting at position 21,21,70,52.0,60.0,4,3,0.951,0.881,68,91,TCAAAGGGGCAAACAGGTGTCGGAT,CACTGGCACAGACCAAGACCTACCC
N34_bin_25,50-bp bin starting at position 25,25,74,56.0,60.0,4,3,0.966,0.855,48,105,AGGGGCAAACAGGTGTCGGATCACT,GGCACAGACCAAGACCTACCCAGCA
N34_bin_42,50-bp bin starting at position 42,42,91,56.0,68.0,2,3,0.957,0.923,88,96,GGATCACTGGCACAGACCAAGACCT,ACCCAGCAACCTTTGCCGGGCCAGC
N34_bin_55,50-bp bin starting at position 55,55,104,52.0,64.0,3,3,0.897,0.966,118,63,AGACCAAGACCTACCCAGCAACCTT,TGCCGGGCCAGCCGACTCATATTGC
N34_bin_56,50-bp bin starting at position 56,56,105,52.0,64.0,3,3,0.922,0.966,96,57,GACCAAGACCTACCCAGCAACCTTT,GCCGGGCCAGCCGACTCATATTGCT
N34_bin_72,50-bp bin starting at position 72,72,121,68.0,44.0,3,2,0.945,0.966,63,48,GCAACCTTTGCCGGGCCAGCCGACT,CATATTGCTGACGTCTGTATAGTGG
N34_bin_75,50-bp bin starting at position 75,75,124,64.0,48.0,3,2,0.955,0.985,61,46,ACCTTTGCCGGGCCAGCCGACTCAT,ATTGCTGACGTCTGTATAGTGGACC
N34_bin_77,50-bp bin starting at position 77,77,126,60.0,56.0,3,2,0.971,0.966,59,50,CTTTGCCGGGCCAGCCGACTCATAT,TGCTGACGTCTGTATAGTGGACCGG
N34_bin_78,50-bp bin starting at position 78,78,127,56.0,60.0,3,3,0.979,0.955,57,50,TTTGCCGGGCCAGCCGACTCATATT,GCTGACGTCTGTATAGTGGACCGGG
N34_bin_81,50-bp bin starting at position 81,81,130,64.0,56.0,3,3,0.966,0.955,57,50,GCCGGGCCAGCCGACTCATATTGCT,GACGTCTGTATAGTGGACCGGGAAG
N34_bin_86,50-bp bin starting at position 86,86,135,56.0,56.0,2,3,0.989,0.966,50,58,GCCAGCCGACTCATATTGCTGACGT,CTGTATAGTGGACCGGGAAGCCGAA
N34_bin_88,50-bp bin starting at position 88,88,137,52.0,56.0,2,3,0.985,0.922,44,72,CAGCCGACTCATATTGCTGACGTCT,GTATAGTGGACCGGGAAGCCGAAGA
N34_bin_90,50-bp bin starting at position 90,90,139,52.0,60.0,2,3,0.979,0.905,52,76,GCCGACTCATATTGCTGACGTCTGT,ATAGTGGACCGGGAAGCCGAAGACG
N34_bin_92,50-bp bin starting at position 92,92,141,44.0,68.0,2,3,0.977,0.858,60,82,CGACTCATATTGCTGACGTCTGTAT,AGTGGACCGGGAAGCCGAAGACGCG
N34_bin_119,50-bp bin starting at position 119,119,168,68.0,56.0,3,2,0.914,0.977,88,54,TGGACCGGGAAGCCGAAGACGCGCT,CCATCTCGGTACACCACAGGATGTC
N34_bin_123,50-bp bin starting at position 123,123,172,68.0,60.0,3,2,0.921,0.961,70,60,CCGGGAAGCCGAAGACGCGCTCCAT,CTCGGTACACCACAGGATGTCCTCC
N34_bin_125,50-bp bin starting at position 125,125,174,64.0,56.0,3,2,0.957,0.977,68,66,GGGAAGCCGAAGACGCGCTCCATCT,CGGTACACCACAGGATGTCCTCCTT
N34_bin_129,50-bp bin starting at position 129,129,178,64.0,52.0,2,2,0.966,0.942,48,72,AGCCGAAGACGCGCTCCATCTCGGT,ACACCACAGGATGTCCTCCTTCTCA
N34_bin_141,50-bp bin starting at position 141,141,190,56.0,48.0,2,2,0.977,0.944,60,90,GCTCCATCTCGGTACACCACAGGAT,GTCCTCCTTCTCATTCATGAACACG
N34_bin_143,50-bp bin starting at position 143,143,192,52.0,52.0,2,3,0.989,0.966,54,78,TCCATCTCGGTACACCACAGGATGT,CCTCCTTCTCATTCATGAACACGGG
N34_bin_146,50-bp bin starting at position 146,146,195,52.0,44.0,2,3,0.989,0.979,50,74,ATCTCGGTACACCACAGGATGTCCT,CCTTCTCATTCATGAACACGGGAAA
N34_bin_149,50-bp bin starting at position 149,149,198,56.0,44.0,2,3,0.977,0.989,68,64,TCGGTACACCACAGGATGTCCTCCT,TCTCATTCATGAACACGGGAAAGTG
N34_bin_150,50-bp bin starting at position 150,150,199,56.0,48.0,2,3,0.977,0.989,66,62,CGGTACACCACAGGATGTCCTCCTT,CTCATTCATGAACACGGGAAAGTGC
N34_bin_152,50-bp bin starting at position 152,152,201,52.0,48.0,2,3,0.966,0.985,66,46,GTACACCACAGGATGTCCTCCTTCT,CATTCATGAACACGGGAAAGTGCTG
N34_bin_155,50-bp bin starting at position 155,155,204,52.0,52.0,2,3,0.937,0.985,68,44,CACCACAGGATGTCCTCCTTCTCAT,TCATGAACACGGGAAAGTGCTGGTC
N34_bin_156,50-bp bin starting at position 156,156,205,48.0,56.0,2,3,0.944,0.979,64,40,ACCACAGGATGTCCTCCTTCTCATT,CATGAACACGGGAAAGTGCTGGTCC
N34_bin_159,50-bp bin starting at position 159,159,208,44.0,56.0,2,3,0.944,0.977,88,40,ACAGGATGTCCTCCTTCTCATTCAT,GAACACGGGAAAGTGCTGGTCCTTG
N34_bin_182,50-bp bin starting at position 182,182,231,52.0,44.0,3,3,0.985,0.945,40,99,ATGAACACGGGAAAGTGCTGGTCCT,TGCCTTGCTTGATTGAATTTGAGCG
N34_bin_183,50-bp bin starting at position 183,183,232,52.0,48.0,3,3,0.989,0.951,40,91,TGAACACGGGAAAGTGCTGGTCCTT,GCCTTGCTTGATTGAATTTGAGCGG
N34_bin_187,50-bp bin starting at position 187,187,236,60.0,44.0,3,3,0.979,0.887,46,77,CACGGGAAAGTGCTGGTCCTTGCCT,TGCTTGATTGAATTTGAGCGGGTTG
N34_bin_188,50-bp bin starting at position 188,188,237,56.0,44.0,3,3,0.979,0.887,64,79,ACGGGAAAGTGCTGGTCCTTGCCTT,GCTTGATTGAATTTGAGCGGGTTGT
N34_bin_210,50-bp bin starting at position 210,210,259,44.0,44.0,3,3,0.922,0.989,93,40,CTTGCTTGATTGAATTTGAGCGGGT,TGTGATGGTTCGGACCTTACTAAAC
N34_bin_213,50-bp bin starting at position 213,213,262,44.0,44.0,3,3,0.887,0.989,79,50,GCTTGATTGAATTTGAGCGGGTTGT,GATGGTTCGGACCTTACTAAACTTG
N34_bin_219,50-bp bin starting at position 219,219,268,44.0,48.0,3,3,0.833,0.998,72,52,TTGAATTTGAGCGGGTTGTGATGGT,TCGGACCTTACTAAACTTGGCGATG
N34_bin_220,50-bp bin starting at position 220,220,269,44.0,52.0,3,3,0.833,0.998,75,56,TGAATTTGAGCGGGTTGTGATGGTT,CGGACCTTACTAAACTTGGCGATGC
N34_bin_227,50-bp bin starting at position 227,227,276,60.0,56.0,3,3,0.913,0.989,60,56,GAGCGGGTTGTGATGGTTCGGACCT,TACTAAACTTGGCGATGCGGCCGTG
N34_bin_228,50-bp bin starting at position 228,228,277,56.0,56.0,3,3,0.922,0.989,60,56,AGCGGGTTGTGATGGTTCGGACCTT,ACTAAACTTGGCGATGCGGCCGTGT
N34_bin_231,50-bp bin starting at position 231,231,280,52.0,56.0,3,3,0.926,0.989,58,46,GGGTTGTGATGGTTCGGACCTTACT,AAACTTGGCGATGCGGCCGTGTTCA
N34_bin_236,50-bp bin starting at position 236,236,285,44.0,64.0,3,2,0.989,0.955,46,49,GTGATGGTTCGGACCTTACTAAACT,TGGCGATGCGGCCGTGTTCAAGGCA
N34_bin_243,50-bp bin starting at position 243,243,292,44.0,64.0,3,2,0.989,0.957,50,46,TTCGGACCTTACTAAACTTGGCGAT,GCGGCCGTGTTCAAGGCACTCTTGC
N34_bin_253,50-bp bin starting at position 253,253,302,56.0,44.0,3,2,0.989,0.989,56,112,ACTAAACTTGGCGATGCGGCCGTGT,TCAAGGCACTCTTGCAGTTCAAGTT
N34_bin_254,50-bp bin starting at position 254,254,303,56.0,44.0,3,3,0.979,0.989,50,88,CTAAACTTGGCGATGCGGCCGTGTT,CAAGGCACTCTTGCAGTTCAAGTTT
N34_bin_277,50-bp bin starting at position 277,277,326,44.0,44.0,2,3,0.989,0.957,122,40,TTCAAGGCACTCTTGCAGTTCAAGT,TTATCGTTTACTGTAGAAGCGAGGG
N34_bin_278,50-bp bin starting at position 278,278,327,44.0,48.0,2,4,0.989,0.953,112,40,TCAAGGCACTCTTGCAGTTCAAGTT,TATCGTTTACTGTAGAAGCGAGGGG
N34_bin_352,50-bp bin starting at position 352,352,401,56.0,60.0,3,2,0.979,0.971,42,44,CCAGAAATATCGGGCGCGATGAGCT,GCGCTGACCTCCTTAGCGTCGATCA
N34_bin_357,50-bp bin starting at position 357,357,406,60.0,56.0,3,2,0.977,0.977,69,64,AATATCGGGCGCGATGAGCTGCGCT,GACCTCCTTAGCGTCGATCATCACG
N34_bin_362,50-bp bin starting at position 362,362,411,72.0,52.0,3,3,0.922,0.993,89,60,CGGGCGCGATGAGCTGCGCTGACCT,CCTTAGCGTCGATCATCACGGGATT
N34_bin_365,50-bp bin starting at position 365,365,414,68.0,52.0,2,3,0.944,0.993,95,60,GCGCGATGAGCTGCGCTGACCTCCT,TAGCGTCGATCATCACGGGATTGCT
N34_bin_366,50-bp bin starting at position 366,366,415,64.0,56.0,2,3,0.953,0.993,82,62,CGCGATGAGCTGCGCTGACCTCCTT,AGCGTCGATCATCACGGGATTGCTC
N34_bin_371,50-bp bin starting at position 371,371,420,60.0,56.0,2,3,0.961,0.989,82,68,TGAGCTGCGCTGACCTCCTTAGCGT,CGATCATCACGGGATTGCTCTCCAG
N34_bin_375,50-bp bin starting at position 375,375,424,60.0,56.0,2,3,0.953,0.989,54,46,CTGCGCTGACCTCCTTAGCGTCGAT,CATCACGGGATTGCTCTCCAGGAAC
N34_bin_378,50-bp bin starting at position 378,378,427,56.0,60.0,2,3,0.966,0.985,40,48,CGCTGACCTCCTTAGCGTCGATCAT,CACGGGATTGCTCTCCAGGAACCTG
N34_bin_386,50-bp bin starting at position 386,386,435,52.0,56.0,3,2,0.993,0.979,58,66,TCCTTAGCGTCGATCATCACGGGAT,TGCTCTCCAGGAACCTGCTGATGTC
N34_bin_387,50-bp bin starting at position 387,387,436,52.0,60.0,3,2,0.993,0.971,60,58,CCTTAGCGTCGATCATCACGGGATT,GCTCTCCAGGAACCTGCTGATGTCC
N34_bin_390,50-bp bin starting at position 390,390,439,52.0,64.0,3,3,0.993,0.955,60,44,TAGCGTCGATCATCACGGGATTGCT,CTCCAGGAACCTGCTGATGTCCCGC
N34_bin_392,50-bp bin starting at position 392,392,441,56.0,60.0,3,3,0.983,0.971,66,40,GCGTCGATCATCACGGGATTGCTCT,CCAGGAACCTGCTGATGTCCCGCTT
N34_bin_402,50-bp bin starting at position 402,402,451,56.0,52.0,3,3,0.989,0.993,46,62,TCACGGGATTGCTCTCCAGGAACCT,GCTGATGTCCCGCTTGTCAGAAACT
N34_bin_405,50-bp bin starting at position 405,405,454,60.0,56.0,3,3,0.979,0.977,66,74,CGGGATTGCTCTCCAGGAACCTGCT,GATGTCCCGCTTGTCAGAAACTCCC
N34_bin_408,50-bp bin starting at position 408,408,457,52.0,56.0,2,3,0.993,0.977,74,60,GATTGCTCTCCAGGAACCTGCTGAT,GTCCCGCTTGTCAGAAACTCCCATG
N34_bin_410,50-bp bin starting at position 410,410,459,52.0,60.0,2,3,0.979,0.961,64,38,TTGCTCTCCAGGAACCTGCTGATGT,CCCGCTTGTCAGAAACTCCCATGGC
N34_bin_416,50-bp bin starting at position 416,416,465,60.0,56.0,3,3,0.971,0.945,50,57,TCCAGGAACCTGCTGATGTCCCGCT,TGTCAGAAACTCCCATGGCCACCAC
N34_bin_417,50-bp bin starting at position 417,417,466,60.0,60.0,3,3,0.971,0.937,40,53,CCAGGAACCTGCTGATGTCCCGCTT,GTCAGAAACTCCCATGGCCACCACG
N34_bin_419,50-bp bin starting at position 419,419,468,56.0,56.0,3,3,0.983,0.945,50,49,AGGAACCTGCTGATGTCCCGCTTGT,CAGAAACTCCCATGGCCACCACGTT
N34_bin_427,50-bp bin starting at position 427,427,476,52.0,52.0,3,4,0.993,0.937,62,63,GCTGATGTCCCGCTTGTCAGAAACT,CCCATGGCCACCACGTTTTCAAACA
N34_bin_432,50-bp bin starting at position 432,432,481,52.0,52.0,3,4,0.966,0.951,74,87,TGTCCCGCTTGTCAGAAACTCCCAT,GGCCACCACGTTTTCAAACAGCCAA
N34_bin_509,50-bp bin starting at position 509,509,558,60.0,44.0,2,4,0.979,0.922,76,53,GGCCTTGCATCGTGCAGGAGCCTAT,AAAACTCAAAGAACAGCCTTCCCGT
N34_bin_515,50-bp bin starting at position 515,515,564,48.0,56.0,4,3,0.989,0.923,44,88,GCATCGTGCAGGAGCCTATAAAACT,CAAAGAACAGCCTTCCCGTTCCCTC
N34_bin_534,50-bp bin starting at position 534,534,583,44.0,56.0,4,3,0.922,0.945,53,57,AAAACTCAAAGAACAGCCTTCCCGT,TCCCTCGTAAAGACCCTTCCTGGCT
N34_bin_535,50-bp bin starting at position 535,535,584,44.0,60.0,3,3,0.944,0.955,52,59,AAACTCAAAGAACAGCCTTCCCGTT,CCCTCGTAAAGACCCTTCCTGGCTG
N34_bin_539,50-bp bin starting at position 539,539,588,52.0,56.0,3,3,0.942,0.983,88,60,TCAAAGAACAGCCTTCCCGTTCCCT,CGTAAAGACCCTTCCTGGCTGGGTT
N34_bin_542,50-bp bin starting at position 542,542,591,56.0,56.0,3,3,0.955,0.989,96,70,AAGAACAGCCTTCCCGTTCCCTCGT,AAAGACCCTTCCTGGCTGGGTTCAC
N34_bin_551,50-bp bin starting at position 551,551,600,56.0,52.0,3,3,0.913,0.979,107,61,CTTCCCGTTCCCTCGTAAAGACCCT,TCCTGGCTGGGTTCACTATACTGAG
N34_bin_552,50-bp bin starting at position 552,552,601,52.0,56.0,3,3,0.922,0.979,107,59,TTCCCGTTCCCTCGTAAAGACCCTT,CCTGGCTGGGTTCACTATACTGAGG
N34_bin_555,50-bp bin starting at position 555,555,604,56.0,52.0,3,3,0.913,0.985,89,62,CCGTTCCCTCGTAAAGACCCTTCCT,GGCTGGGTTCACTATACTGAGGTCA
N34_bin_559,50-bp bin starting at position 559,559,608,56.0,44.0,3,3,0.945,0.989,57,66,TCCCTCGTAAAGACCCTTCCTGGCT,GGGTTCACTATACTGAGGTCATTAC
N34_bin_564,50-bp bin starting at position 564,564,613,56.0,44.0,3,3,0.983,0.989,60,54,CGTAAAGACCCTTCCTGGCTGGGTT,CACTATACTGAGGTCATTACAAGGG
N34_bin_568,50-bp bin starting at position 568,568,617,56.0,44.0,3,4,0.979,0.979,68,56,AAGACCCTTCCTGGCTGGGTTCACT,ATACTGAGGTCATTACAAGGGGATC
N34_bin_570,50-bp bin starting at position 570,570,619,56.0,52.0,3,4,0.957,0.993,68,48,GACCCTTCCTGGCTGGGTTCACTAT,ACTGAGGTCATTACAAGGGGATCCC
N34_bin_622,50-bp bin starting at position 622,622,671,52.0,52.0,4,3,0.97,0.979,72,34,GATCACCAGATCGAAAGGTCCCCAT,TCCTGAATATGCTTCTGGGTCACGG
N34_bin_623,50-bp bin starting at position 623,623,672,48.0,52.0,4,3,0.97,0.993,56,36,ATCACCAGATCGAAAGGTCCCCATT,CCTGAATATGCTTCTGGGTCACGGA
N34_bin_626,50-bp bin starting at position 626,626,675,52.0,56.0,4,3,0.966,0.977,54,34,ACCAGATCGAAAGGTCCCCATTCCT,GAATATGCTTCTGGGTCACGGAGCG
N34_bin_630,50-bp bin starting at position 630,630,679,48.0,64.0,4,3,0.993,0.966,50,58,GATCGAAAGGTCCCCATTCCTGAAT,ATGCTTCTGGGTCACGGAGCGCACG
N34_bin_632,50-bp bin starting at position 632,632,681,44.0,68.0,4,3,0.983,0.944,48,66,TCGAAAGGTCCCCATTCCTGAATAT,GCTTCTGGGTCACGGAGCGCACGTC
N34_bin_635,50-bp bin starting at position 635,635,684,44.0,72.0,4,3,0.983,0.926,44,70,AAAGGTCCCCATTCCTGAATATGCT,TCTGGGTCACGGAGCGCACGTCGCC
N34_bin_642,50-bp bin starting at position 642,642,691,48.0,68.0,3,2,0.966,0.914,48,60,CCCATTCCTGAATATGCTTCTGGGT,CACGGAGCGCACGTCGCCGACATAC
N34_bin_656,50-bp bin starting at position 656,656,705,64.0,52.0,3,3,0.953,0.966,62,64,TGCTTCTGGGTCACGGAGCGCACGT,CGCCGACATACATGATCTTTCCCTG
N34_bin_665,50-bp bin starting at position 665,665,714,68.0,48.0,2,3,0.944,0.993,72,64,GTCACGGAGCGCACGTCGCCGACAT,ACATGATCTTTCCCTGATGGCGAAC
N34_bin_669,50-bp bin starting at position 669,669,718,64.0,48.0,2,3,0.953,0.985,62,42,CGGAGCGCACGTCGCCGACATACAT,GATCTTTCCCTGATGGCGAACCATT
N34_bin_672,50-bp bin starting at position 672,672,721,56.0,56.0,2,3,0.979,0.966,62,58,AGCGCACGTCGCCGACATACATGAT,CTTTCCCTGATGGCGAACCATTCCG
N34_bin_674,50-bp bin starting at position 674,674,723,56.0,56.0,2,3,0.977,0.977,64,64,CGCACGTCGCCGACATACATGATCT,TTCCCTGATGGCGAACCATTCCGAC
N34_bin_675,50-bp bin starting at position 675,675,724,52.0,56.0,2,3,0.989,0.977,56,50,GCACGTCGCCGACATACATGATCTT,TCCCTGATGGCGAACCATTCCGACA
N34_bin_676,50-bp bin starting at position 676,676,725,48.0,60.0,3,3,0.979,0.971,56,40,CACGTCGCCGACATACATGATCTTT,CCCTGATGGCGAACCATTCCGACAG
N34_bin_680,50-bp bin starting at position 680,680,729,48.0,48.0,3,2,0.944,0.989,62,38,TCGCCGACATACATGATCTTTCCCT,GATGGCGAACCATTCCGACAGTAAT
N34_bin_683,50-bp bin starting at position 683,683,732,44.0,52.0,3,2,0.957,0.979,84,40,CCGACATACATGATCTTTCCCTGAT,GGCGAACCATTCCGACAGTAATGGA
N34_bin_693,50-bp bin starting at position 693,693,742,48.0,48.0,3,2,0.985,0.993,56,48,TGATCTTTCCCTGATGGCGAACCAT,TCCGACAGTAATGGAGTCTTCACAC
N34_bin_694,50-bp bin starting at position 694,694,743,48.0,48.0,3,2,0.985,0.985,42,59,GATCTTTCCCTGATGGCGAACCATT,CCGACAGTAATGGAGTCTTCACACA
N34_bin_702,50-bp bin starting at position 702,702,751,56.0,48.0,2,2,0.989,0.985,38,87,CCTGATGGCGAACCATTCCGACAGT,AATGGAGTCTTCACACACCTCAGAG
N34_bin_705,50-bp bin starting at position 705,705,754,48.0,60.0,2,2,0.989,0.979,38,91,GATGGCGAACCATTCCGACAGTAAT,GGAGTCTTCACACACCTCAGAGGCG
N34_bin_710,50-bp bin starting at position 710,710,759,48.0,48.0,2,2,0.989,0.97,50,91,CGAACCATTCCGACAGTAATGGAGT,CTTCACACACCTCAGAGGCGATATA
N34_bin_712,50-bp bin starting at position 712,712,761,44.0,52.0,2,2,0.989,0.951,42,99,AACCATTCCGACAGTAATGGAGTCT,TCACACACCTCAGAGGCGATATACC
N34_bin_713,50-bp bin starting at position 713,713,762,44.0,56.0,2,2,0.993,0.944,42,93,ACCATTCCGACAGTAATGGAGTCTT,CACACACCTCAGAGGCGATATACCG
N34_bin_722,50-bp bin starting at position 722,722,771,44.0,56.0,2,2,0.979,0.979,82,70,ACAGTAATGGAGTCTTCACACACCT,CAGAGGCGATATACCGATCCACCTG
N34_bin_732,50-bp bin starting at position 732,732,781,52.0,52.0,2,2,0.985,0.97,81,60,AGTCTTCACACACCTCAGAGGCGAT,ATACCGATCCACCTGAATGCCGAGA
N34_bin_734,50-bp bin starting at position 734,734,783,48.0,56.0,2,2,0.979,0.966,83,84,TCTTCACACACCTCAGAGGCGATAT,ACCGATCCACCTGAATGCCGAGATC
N34_bin_740,50-bp bin starting at position 740,740,789,52.0,56.0,2,2,0.97,0.989,78,52,CACACCTCAGAGGCGATATACCGAT,CCACCTGAATGCCGAGATCCTTGAG
N34_bin_746,50-bp bin starting at position 746,746,795,52.0,52.0,2,2,0.985,0.979,74,44,TCAGAGGCGATATACCGATCCACCT,GAATGCCGAGATCCTTGAGCACCAA
N34_bin_750,50-bp bin starting at position 750,750,799,48.0,56.0,2,2,0.985,0.983,64,45,AGGCGATATACCGATCCACCTGAAT,GCCGAGATCCTTGAGCACCAAGAGT
N34_bin_758,50-bp bin starting at position 758,758,807,52.0,60.0,2,2,0.985,0.977,66,58,TACCGATCCACCTGAATGCCGAGAT,CCTTGAGCACCAAGAGTCCTGTCGC
N34_bin_761,50-bp bin starting at position 761,761,810,56.0,56.0,2,2,0.977,0.993,94,52,CGATCCACCTGAATGCCGAGATCCT,TGAGCACCAAGAGTCCTGTCGCGAT
N34_bin_762,50-bp bin starting at position 762,762,811,52.0,60.0,2,2,0.989,0.979,84,50,GATCCACCTGAATGCCGAGATCCTT,GAGCACCAAGAGTCCTGTCGCGATC
N34_bin_775,50-bp bin starting at position 775,775,824,56.0,64.0,2,3,0.983,0.966,45,54,GCCGAGATCCTTGAGCACCAAGAGT,CCTGTCGCGATCCCATCGAAGAGGC
N34_bin_778,50-bp bin starting at position 778,778,827,52.0,60.0,2,3,0.993,0.979,69,58,GAGATCCTTGAGCACCAAGAGTCCT,GTCGCGATCCCATCGAAGAGGCTCA
N34_bin_780,50-bp bin starting at position 780,780,829,52.0,56.0,2,3,0.998,0.957,64,56,GATCCTTGAGCACCAAGAGTCCTGT,CGCGATCCCATCGAAGAGGCTCAAA
N34_bin_786,50-bp bin starting at position 786,786,835,56.0,56.0,2,4,0.993,0.957,52,44,TGAGCACCAAGAGTCCTGTCGCGAT,CCCATCGAAGAGGCTCAAAACGCGT
N34_bin_791,50-bp bin starting at position 791,791,840,56.0,56.0,3,4,0.977,0.944,56,38,ACCAAGAGTCCTGTCGCGATCCCAT,CGAAGAGGCTCAAAACGCGTATGGG
N34_bin_801,50-bp bin starting at position 801,801,850,60.0,52.0,3,4,0.985,0.985,56,60,CTGTCGCGATCCCATCGAAGAGGCT,CAAAACGCGTATGGGCTTCCTCTTC
N34_bin_811,50-bp bin starting at position 811,811,860,56.0,64.0,4,3,0.957,0.925,44,97,CCCATCGAAGAGGCTCAAAACGCGT,ATGGGCTTCCTCTTCTCGGCCGGCA
N34_bin_813,50-bp bin starting at position 813,813,862,48.0,68.0,4,3,0.971,0.871,44,99,CATCGAAGAGGCTCAAAACGCGTAT,GGGCTTCCTCTTCTCGGCCGGCACT
N34_bin_818,50-bp bin starting at position 818,818,867,52.0,68.0,4,2,0.97,0.921,58,68,AAGAGGCTCAAAACGCGTATGGGCT,TCCTCTTCTCGGCCGGCACTGGAGG
N34_bin_819,50-bp bin starting at position 819,819,868,52.0,72.0,4,3,0.985,0.909,56,68,AGAGGCTCAAAACGCGTATGGGCTT,CCTCTTCTCGGCCGGCACTGGAGGG
N34_bin_822,50-bp bin starting at position 822,822,871,56.0,68.0,4,3,0.993,0.937,58,52,GGCTCAAAACGCGTATGGGCTTCCT,CTTCTCGGCCGGCACTGGAGGGTAG
N34_bin_824,50-bp bin starting at position 824,824,873,52.0,68.0,4,3,0.985,0.945,44,58,CTCAAAACGCGTATGGGCTTCCTCT,TCTCGGCCGGCACTGGAGGGTAGAC
N34_bin_825,50-bp bin starting at position 825,825,874,48.0,72.0,4,3,0.985,0.922,46,58,TCAAAACGCGTATGGGCTTCCTCTT,CTCGGCCGGCACTGGAGGGTAGACC
N34_bin_827,50-bp bin starting at position 827,827,876,48.0,68.0,4,3,0.985,0.945,68,58,AAAACGCGTATGGGCTTCCTCTTCT,CGGCCGGCACTGGAGGGTAGACCTT
N105_bin_3,50-bp bin starting at position 3,3,52,48.0,56.0,2,3,0.905,0.925,66,70,CTTCATCGCCACTGTCCATCTCAAT,ATCCATTTCTTCGGTGTCGGCTGCG
N105_bin_5,50-bp bin starting at position 5,5,54,44.0,64.0,2,3,0.921,0.882,66,74,TCATCGCCACTGTCCATCTCAATAT,CCATTTCTTCGGTGTCGGCTGCGCG
N105_bin_9,50-bp bin starting at position 9,9,58,48.0,68.0,2,3,0.914,0.871,87,79,CGCCACTGTCCATCTCAATATCCAT,TTCTTCGGTGTCGGCTGCGCGGGAC
N105_bin_10,50-bp bin starting at position 10,10,59,44.0,68.0,2,3,0.921,0.914,87,69,GCCACTGTCCATCTCAATATCCATT,TCTTCGGTGTCGGCTGCGCGGGACA
N105_bin_25,50-bp bin starting at position 25,25,74,44.0,60.0,3,3,0.955,0.953,62,62,AATATCCATTTCTTCGGTGTCGGCT,GCGCGGGACAGGATATCGGCCATAA
N105_bin_39,50-bp bin starting at position 39,39,88,72.0,56.0,3,2,0.896,0.955,57,90,CGGTGTCGGCTGCGCGGGACAGGAT,ATCGGCCATAAGTGCCTCCTCCAAC
N105_bin_41,50-bp bin starting at position 41,41,90,64.0,56.0,3,2,0.936,0.955,54,86,GTGTCGGCTGCGCGGGACAGGATAT,CGGCCATAAGTGCCTCCTCCAACTT
N105_bin_48,50-bp bin starting at position 48,48,97,64.0,52.0,3,3,0.966,0.922,52,92,CTGCGCGGGACAGGATATCGGCCAT,AAGTGCCTCCTCCAACTTCTTTCGC
N105_bin_52,50-bp bin starting at position 52,52,101,56.0,56.0,3,3,0.966,0.846,56,103,GCGGGACAGGATATCGGCCATAAGT,GCCTCCTCCAACTTCTTTCGCACCT
N105_bin_56,50-bp bin starting at position 56,56,105,52.0,52.0,2,3,0.993,0.897,46,58,GACAGGATATCGGCCATAAGTGCCT,CCTCCAACTTCTTTCGCACCTGTTG
N105_bin_59,50-bp bin starting at position 59,59,108,52.0,52.0,2,3,0.998,0.922,54,74,AGGATATCGGCCATAAGTGCCTCCT,CCAACTTCTTTCGCACCTGTTGCAC
N105_bin_65,50-bp bin starting at position 65,65,114,56.0,60.0,2,3,0.955,0.905,88,73,TCGGCCATAAGTGCCTCCTCCAACT,TCTTTCGCACCTGTTGCACGCGCTC
N105_bin_66,50-bp bin starting at position 66,66,115,56.0,60.0,2,3,0.955,0.905,86,73,CGGCCATAAGTGCCTCCTCCAACTT,CTTTCGCACCTGTTGCACGCGCTCT
N105_bin_68,50-bp bin starting at position 68,68,117,52.0,60.0,2,2,0.937,0.905,90,79,GCCATAAGTGCCTCCTCCAACTTCT,TTCGCACCTGTTGCACGCGCTCTTC
N105_bin_69,50-bp bin starting at position 69,69,118,48.0,64.0,2,2,0.905,0.896,90,75,CCATAAGTGCCTCCTCCAACTTCTT,TCGCACCTGTTGCACGCGCTCTTCC
N105_bin_70,50-bp bin starting at position 70,70,119,44.0,64.0,3,2,0.909,0.896,84,81,CATAAGTGCCTCCTCCAACTTCTTT,CGCACCTGTTGCACGCGCTCTTCCT
N105_bin_91,50-bp bin starting at position 91,91,140,60.0,48.0,3,2,0.905,0.922,73,98,CTTTCGCACCTGTTGCACGCGCTCT,TCCTGCTTCCTGATATCTTCGTCAG
N105_bin_92,50-bp bin starting at position 92,92,141,56.0,48.0,3,2,0.909,0.922,73,76,TTTCGCACCTGTTGCACGCGCTCTT,CCTGCTTCCTGATATCTTCGTCAGT
N105_bin_95,50-bp bin starting at position 95,95,144,64.0,48.0,2,2,0.896,0.951,81,72,CGCACCTGTTGCACGCGCTCTTCCT,GCTTCCTGATATCTTCGTCAGTCAC
N105_bin_98,50-bp bin starting at position 98,98,147,60.0,44.0,2,2,0.905,0.966,82,62,ACCTGTTGCACGCGCTCTTCCTGCT,TCCTGATATCTTCGTCAGTCACGAT
N105_bin_99,50-bp bin starting at position 99,99,148,60.0,44.0,2,2,0.855,0.979,86,78,CCTGTTGCACGCGCTCTTCCTGCTT,CCTGATATCTTCGTCAGTCACGATA
N105_bin_117,50-bp bin starting at position 117,117,166,48.0,48.0,2,3,0.922,0.998,76,46,CCTGCTTCCTGATATCTTCGTCAGT,CACGATAAATGCTTTGCACAGTGGC
N105_bin_123,50-bp bin starting at position 123,123,172,44.0,48.0,2,3,0.966,0.979,62,58,TCCTGATATCTTCGTCAGTCACGAT,AAATGCTTTGCACAGTGGCTGAGAG
N105_bin_143,50-bp bin starting at position 143,143,192,44.0,68.0,3,3,0.993,0.902,48,65,ACGATAAATGCTTTGCACAGTGGCT,GAGAGGTGTTGAGCCACACGGCGGG
N105_bin_150,50-bp bin starting at position 150,150,199,52.0,60.0,3,3,0.966,0.979,62,54,ATGCTTTGCACAGTGGCTGAGAGGT,GTTGAGCCACACGGCGGGATTCTTC
N105_bin_152,50-bp bin starting at position 152,152,201,56.0,60.0,3,3,0.945,0.979,64,72,GCTTTGCACAGTGGCTGAGAGGTGT,TGAGCCACACGGCGGGATTCTTCTC
N105_bin_153,50-bp bin starting at position 153,153,202,52.0,60.0,3,3,0.951,0.979,58,77,CTTTGCACAGTGGCTGAGAGGTGTT,GAGCCACACGGCGGGATTCTTCTCT
N105_bin_170,50-bp bin starting at position 170,170,219,64.0,56.0,3,3,0.936,0.979,60,75,GAGGTGTTGAGCCACACGGCGGGAT,TCTTCTCTACTGCGGCGGAAACCTG
N105_bin_171,50-bp bin starting at position 171,171,220,60.0,56.0,3,3,0.961,0.989,56,74,AGGTGTTGAGCCACACGGCGGGATT,CTTCTCTACTGCGGCGGAAACCTGA
N105_bin_173,50-bp bin starting at position 173,173,222,60.0,60.0,3,3,0.971,0.977,50,84,GTGTTGAGCCACACGGCGGGATTCT,TCTCTACTGCGGCGGAAACCTGACC
N105_bin_174,50-bp bin starting at position 174,174,223,56.0,60.0,3,3,0.979,0.977,48,90,TGTTGAGCCACACGGCGGGATTCTT,CTCTACTGCGGCGGAAACCTGACCT
N105_bin_176,50-bp bin starting at position 176,176,225,56.0,60.0,3,3,0.983,0.985,72,111,TTGAGCCACACGGCGGGATTCTTCT,CTACTGCGGCGGAAACCTGACCTGT
N105_bin_178,50-bp bin starting at position 178,178,227,60.0,60.0,3,3,0.979,0.979,77,119,GAGCCACACGGCGGGATTCTTCTCT,ACTGCGGCGGAAACCTGACCTGTGA
N105_bin_181,50-bp bin starting at position 181,181,230,56.0,64.0,3,3,0.966,0.955,73,114,CCACACGGCGGGATTCTTCTCTACT,GCGGCGGAAACCTGACCTGTGATGG
N105_bin_231,50-bp bin starting at position 231,231,280,56.0,64.0,3,2,0.993,0.97,70,54,GGGCACTACTAGTATGCAACGCGCT,TGCCACGGCGGACAGCAGTGTCTCA
N105_bin_232,50-bp bin starting at position 232,232,281,52.0,64.0,2,2,0.998,0.97,66,50,GGCACTACTAGTATGCAACGCGCTT,GCCACGGCGGACAGCAGTGTCTCAT
N105_bin_250,50-bp bin starting at position 250,250,299,72.0,52.0,2,3,0.926,0.998,60,48,CGCGCTTGCCACGGCGGACAGCAGT,GTCTCATCGTTTGAACCGGGACCAA
N105_bin_252,50-bp bin starting at position 252,252,301,68.0,56.0,2,3,0.951,0.989,52,52,CGCTTGCCACGGCGGACAGCAGTGT,CTCATCGTTTGAACCGGGACCAACG
N105_bin_254,50-bp bin starting at position 254,254,303,64.0,60.0,2,3,0.97,0.971,52,50,CTTGCCACGGCGGACAGCAGTGTCT,CATCGTTTGAACCGGGACCAACGCC
N105_bin_257,50-bp bin starting at position 257,257,306,64.0,60.0,2,3,0.97,0.985,50,58,GCCACGGCGGACAGCAGTGTCTCAT,CGTTTGAACCGGGACCAACGCCTTG
N105_bin_260,50-bp bin starting at position 260,260,309,60.0,56.0,2,3,0.985,0.979,52,70,ACGGCGGACAGCAGTGTCTCATCGT,TTGAACCGGGACCAACGCCTTGCAA
N105_bin_261,50-bp bin starting at position 261,261,310,60.0,60.0,2,3,0.979,0.961,48,60,CGGCGGACAGCAGTGTCTCATCGTT,TGAACCGGGACCAACGCCTTGCAAG
N105_bin_262,50-bp bin starting at position 262,262,311,56.0,64.0,3,3,0.979,0.925,44,58,GGCGGACAGCAGTGTCTCATCGTTT,GAACCGGGACCAACGCCTTGCAAGC
N105_bin_280,50-bp bin starting at position 280,280,329,56.0,48.0,3,3,0.989,0.989,46,48,ATCGTTTGAACCGGGACCAACGCCT,TGCAAGCCTTTCGGAAGTTCCATTG
N105_bin_281,50-bp bin starting at position 281,281,330,56.0,48.0,3,3,0.989,0.989,48,48,TCGTTTGAACCGGGACCAACGCCTT,GCAAGCCTTTCGGAAGTTCCATTGT
N105_bin_343,50-bp bin starting at position 343,343,392,48.0,52.0,2,4,0.993,0.937,58,46,TTCTGTAACGTCGCTAGCAGAGAGT,CCCTGAAGCCGTTTCTCCCAAAACA
N105_bin_347,50-bp bin starting at position 347,347,396,56.0,52.0,3,4,0.993,0.985,68,50,GTAACGTCGCTAGCAGAGAGTCCCT,GAAGCCGTTTCTCCCAAAACAGCTG
N105_bin_355,50-bp bin starting at position 355,355,404,60.0,56.0,3,4,0.979,0.977,62,60,GCTAGCAGAGAGTCCCTGAAGCCGT,TTCTCCCAAAACAGCTGCCTGGGCT
N105_bin_356,50-bp bin starting at position 356,356,405,56.0,60.0,3,4,0.993,0.977,60,73,CTAGCAGAGAGTCCCTGAAGCCGTT,TCTCCCAAAACAGCTGCCTGGGCTG
N105_bin_357,50-bp bin starting at position 357,357,406,52.0,64.0,3,4,0.998,0.955,60,95,TAGCAGAGAGTCCCTGAAGCCGTTT,CTCCCAAAACAGCTGCCTGGGCTGC
N105_bin_359,50-bp bin starting at position 359,359,408,56.0,64.0,3,4,0.993,0.955,60,98,GCAGAGAGTCCCTGAAGCCGTTTCT,CCCAAAACAGCTGCCTGGGCTGCTC
N105_bin_371,50-bp bin starting at position 371,371,420,48.0,64.0,4,3,0.979,0.878,50,65,TGAAGCCGTTTCTCCCAAAACAGCT,GCCTGGGCTGCTCGTTCATCCTCTG
N105_bin_375,50-bp bin starting at position 375,375,424,56.0,68.0,4,3,0.955,0.878,50,76,GCCGTTTCTCCCAAAACAGCTGCCT,GGGCTGCTCGTTCATCCTCTGCGGG
N105_bin_380,50-bp bin starting at position 380,380,429,56.0,64.0,4,3,0.977,0.878,60,56,TTCTCCCAAAACAGCTGCCTGGGCT,GCTCGTTCATCCTCTGCGGGTCGCT
N105_bin_383,50-bp bin starting at position 383,383,432,60.0,60.0,4,3,0.977,0.871,98,60,TCCCAAAACAGCTGCCTGGGCTGCT,CGTTCATCCTCTGCGGGTCGCTCTT
N105_bin_386,50-bp bin starting at position 386,386,435,60.0,56.0,4,3,0.985,0.944,92,50,CAAAACAGCTGCCTGGGCTGCTCGT,TCATCCTCTGCGGGTCGCTCTTAAC
N105_bin_387,50-bp bin starting at position 387,387,436,56.0,56.0,4,3,0.993,0.944,88,50,AAAACAGCTGCCTGGGCTGCTCGTT,CATCCTCTGCGGGTCGCTCTTAACT
N105_bin_390,50-bp bin starting at position 390,390,439,60.0,56.0,3,3,0.961,0.921,84,64,ACAGCTGCCTGGGCTGCTCGTTCAT,CCTCTGCGGGTCGCTCTTAACTTTG
N105_bin_393,50-bp bin starting at position 393,393,442,64.0,48.0,3,3,0.878,0.942,94,56,GCTGCCTGGGCTGCTCGTTCATCCT,CTGCGGGTCGCTCTTAACTTTGTTA
N105_bin_395,50-bp bin starting at position 395,395,444,60.0,48.0,3,3,0.871,0.966,68,50,TGCCTGGGCTGCTCGTTCATCCTCT,GCGGGTCGCTCTTAACTTTGTTAGA
N105_bin_401,50-bp bin starting at position 401,401,450,64.0,48.0,3,4,0.882,0.951,72,54,GGCTGCTCGTTCATCCTCTGCGGGT,CGCTCTTAACTTTGTTAGAGGGGTG
N105_bin_412,50-bp bin starting at position 412,412,461,56.0,44.0,3,4,0.944,0.944,50,62,CATCCTCTGCGGGTCGCTCTTAACT,TTGTTAGAGGGGTGATTAGTCACCT
N105_bin_413,50-bp bin starting at position 413,413,462,52.0,44.0,3,4,0.944,0.944,60,62,ATCCTCTGCGGGTCGCTCTTAACTT,TGTTAGAGGGGTGATTAGTCACCTT
N105_bin_414,50-bp bin starting at position 414,414,463,52.0,44.0,3,4,0.905,0.957,62,63,TCCTCTGCGGGTCGCTCTTAACTTT,GTTAGAGGGGTGATTAGTCACCTTA
N105_bin_416,50-bp bin starting at position 416,416,465,52.0,44.0,3,4,0.914,0.957,68,87,CTCTGCGGGTCGCTCTTAACTTTGT,TAGAGGGGTGATTAGTCACCTTAGT
N105_bin_417,50-bp bin starting at position 417,417,466,48.0,48.0,3,4,0.9,0.979,54,110,TCTGCGGGTCGCTCTTAACTTTGTT,AGAGGGGTGATTAGTCACCTTAGTC
N105_bin_486,50-bp bin starting at position 486,486,535,64.0,52.0,3,3,0.859,0.944,95,65,TGGCGGTCTGGCGAATTGGGAGGGT,AGTGTTGAGATCTGGCTTGCCCTTG
N105_bin_489,50-bp bin starting at position 489,489,538,60.0,52.0,3,3,0.896,0.914,52,71,CGGTCTGGCGAATTGGGAGGGTAGT,GTTGAGATCTGGCTTGCCCTTGTTC
N105_bin_491,50-bp bin starting at position 491,491,540,56.0,52.0,3,3,0.869,0.914,44,80,GTCTGGCGAATTGGGAGGGTAGTGT,TGAGATCTGGCTTGCCCTTGTTCTG
N105_bin_492,50-bp bin starting at position 492,492,541,52.0,52.0,3,3,0.881,0.953,46,80,TCTGGCGAATTGGGAGGGTAGTGTT,GAGATCTGGCTTGCCCTTGTTCTGA
N105_bin_497,50-bp bin starting at position 497,497,546,48.0,52.0,3,3,0.858,0.914,60,68,CGAATTGGGAGGGTAGTGTTGAGAT,CTGGCTTGCCCTTGTTCTGATTCAG
N105_bin_499,50-bp bin starting at position 499,499,548,44.0,52.0,3,3,0.867,0.953,58,66,AATTGGGAGGGTAGTGTTGAGATCT,GGCTTGCCCTTGTTCTGATTCAGAG
N105_bin_503,50-bp bin starting at position 503,503,552,56.0,52.0,3,3,0.869,0.953,50,48,GGGAGGGTAGTGTTGAGATCTGGCT,TGCCCTTGTTCTGATTCAGAGGGTC
N105_bin_504,50-bp bin starting at position 504,504,553,52.0,52.0,3,3,0.881,0.979,46,56,GGAGGGTAGTGTTGAGATCTGGCTT,GCCCTTGTTCTGATTCAGAGGGTCA
N105_bin_509,50-bp bin starting at position 509,509,558,52.0,48.0,3,3,0.944,0.951,46,60,GTAGTGTTGAGATCTGGCTTGCCCT,TGTTCTGATTCAGAGGGTCATTGCG
N105_bin_510,50-bp bin starting at position 510,510,559,48.0,52.0,3,3,0.937,0.97,52,62,TAGTGTTGAGATCTGGCTTGCCCTT,GTTCTGATTCAGAGGGTCATTGCGC
N105_bin_512,50-bp bin starting at position 512,512,561,52.0,48.0,3,3,0.905,0.993,69,52,GTGTTGAGATCTGGCTTGCCCTTGT,TCTGATTCAGAGGGTCATTGCGCAA
N105_bin_513,50-bp bin starting at position 513,513,562,48.0,52.0,3,3,0.896,0.989,83,52,TGTTGAGATCTGGCTTGCCCTTGTT,CTGATTCAGAGGGTCATTGCGCAAG
N105_bin_515,50-bp bin starting at position 515,515,564,48.0,56.0,3,3,0.9,0.977,69,60,TTGAGATCTGGCTTGCCCTTGTTCT,GATTCAGAGGGTCATTGCGCAAGCG
N105_bin_518,50-bp bin starting at position 518,518,567,48.0,56.0,3,3,0.942,0.977,88,60,AGATCTGGCTTGCCCTTGTTCTGAT,TCAGAGGGTCATTGCGCAAGCGTTG
N105_bin_519,50-bp bin starting at position 519,519,568,48.0,60.0,3,3,0.9,0.977,90,66,GATCTGGCTTGCCCTTGTTCTGATT,CAGAGGGTCATTGCGCAAGCGTTGC
N105_bin_527,50-bp bin starting at position 527,527,576,48.0,48.0,3,2,0.937,0.942,54,81,TTGCCCTTGTTCTGATTCAGAGGGT,CATTGCGCAAGCGTTGCTTGTTCTT
N105_bin_530,50-bp bin starting at position 530,530,579,48.0,52.0,3,2,0.971,0.914,60,92,CCCTTGTTCTGATTCAGAGGGTCAT,TGCGCAAGCGTTGCTTGTTCTTCTG
N105_bin_531,50-bp bin starting at position 531,531,580,44.0,52.0,3,2,0.955,0.953,64,84,CCTTGTTCTGATTCAGAGGGTCATT,GCGCAAGCGTTGCTTGTTCTTCTGA
N105_bin_541,50-bp bin starting at position 541,541,590,52.0,44.0,3,2,0.989,0.923,60,124,ATTCAGAGGGTCATTGCGCAAGCGT,TGCTTGTTCTTCTGAAGCTTGCTAG
N105_bin_542,50-bp bin starting at position 542,542,591,52.0,48.0,3,2,0.985,0.937,52,108,TTCAGAGGGTCATTGCGCAAGCGTT,GCTTGTTCTTCTGAAGCTTGCTAGG
N105_bin_545,50-bp bin starting at position 545,545,594,56.0,44.0,3,2,0.977,0.955,64,66,AGAGGGTCATTGCGCAAGCGTTGCT,TGTTCTTCTGAAGCTTGCTAGGCAT
N105_bin_546,50-bp bin starting at position 546,546,595,56.0,48.0,3,2,0.966,0.966,64,66,GAGGGTCATTGCGCAAGCGTTGCTT,GTTCTTCTGAAGCTTGCTAGGCATG
N105_bin_548,50-bp bin starting at position 548,548,597,56.0,48.0,3,2,0.944,0.966,67,54,GGGTCATTGCGCAAGCGTTGCTTGT,TCTTCTGAAGCTTGCTAGGCATGGT
N105_bin_549,50-bp bin starting at position 549,549,598,52.0,52.0,2,2,0.944,0.97,71,46,GGTCATTGCGCAAGCGTTGCTTGTT,CTTCTGAAGCTTGCTAGGCATGGTG
N105_bin_551,50-bp bin starting at position 551,551,600,48.0,56.0,2,2,0.942,0.966,77,50,TCATTGCGCAAGCGTTGCTTGTTCT,TCTGAAGCTTGCTAGGCATGGTGGC
N111_bin_2,50-bp bin starting at position 2,2,51,52.0,64.0,2,4,0.985,0.859,38,81,ATGGCCTCCAACTCATTGAGTCGCT,GGACTCGTGGGGTGAAGCGGAAGGA
N111_bin_7,50-bp bin starting at position 7,7,56,52.0,56.0,2,4,0.985,0.923,42,78,CTCCAACTCATTGAGTCGCTGGACT,CGTGGGGTGAAGCGGAAGGACTTTA
N111_bin_10,50-bp bin starting at position 10,10,59,52.0,52.0,2,4,0.993,0.942,62,90,CAACTCATTGAGTCGCTGGACTCGT,GGGGTGAAGCGGAAGGACTTTACTT
N111_bin_15,50-bp bin starting at position 15,15,64,60.0,52.0,4,3,0.937,0.985,54,88,CATTGAGTCGCTGGACTCGTGGGGT,GAAGCGGAAGGACTTTACTTCGCAG
N111_bin_29,50-bp bin starting at position 29,29,78,60.0,56.0,4,3,0.931,0.977,88,61,ACTCGTGGGGTGAAGCGGAAGGACT,TTACTTCGCAGGCGAAAGGAGGCTG
N111_bin_30,50-bp bin starting at position 30,30,79,60.0,60.0,4,3,0.936,0.971,78,59,CTCGTGGGGTGAAGCGGAAGGACTT,TACTTCGCAGGCGAAAGGAGGCTGC
N111_bin_31,50-bp bin starting at position 31,31,80,56.0,64.0,4,3,0.923,0.953,78,59,TCGTGGGGTGAAGCGGAAGGACTTT,ACTTCGCAGGCGAAAGGAGGCTGCC
N111_bin_34,50-bp bin starting at position 34,34,83,52.0,60.0,4,3,0.942,0.953,78,61,TGGGGTGAAGCGGAAGGACTTTACT,TCGCAGGCGAAAGGAGGCTGCCAAT
N111_bin_35,50-bp bin starting at position 35,35,84,52.0,64.0,4,3,0.942,0.925,90,61,GGGGTGAAGCGGAAGGACTTTACTT,CGCAGGCGAAAGGAGGCTGCCAATC
N111_bin_130,50-bp bin starting at position 130,130,179,44.0,48.0,4,3,0.977,0.998,84,40,CCTGATCCTGCCAATAAAAGAGAGT,GGGTCTGTAAACTCTTCCCAAGATG
N111_bin_134,50-bp bin starting at position 134,134,183,44.0,48.0,4,3,0.966,0.979,64,34,ATCCTGCCAATAAAAGAGAGTGGGT,CTGTAAACTCTTCCCAAGATGGCTC
N111_bin_136,50-bp bin starting at position 136,136,185,48.0,44.0,4,3,0.985,0.979,64,40,CCTGCCAATAAAAGAGAGTGGGTCT,GTAAACTCTTCCCAAGATGGCTCAA
N111_bin_138,50-bp bin starting at position 138,138,187,44.0,44.0,4,3,0.957,0.944,60,66,TGCCAATAAAAGAGAGTGGGTCTGT,AAACTCTTCCCAAGATGGCTCAAAC
N111_bin_154,50-bp bin starting at position 154,154,203,44.0,60.0,3,4,0.989,0.971,40,51,TGGGTCTGTAAACTCTTCCCAAGAT,GGCTCAAACACGGGACATTCTGGGG
N131_bin_8,50-bp bin starting at position 8,8,57,44.0,60.0,4,2,0.979,0.961,46,80,TTAAAAGTCTCCTGCACAACGACGT,CTTGTTCAGCAGCGCTCTGAGGCTC
N131_bin_10,50-bp bin starting at position 10,10,59,48.0,56.0,4,2,0.97,0.961,70,104,AAAAGTCTCCTGCACAACGACGTCT,TGTTCAGCAGCGCTCTGAGGCTCTT
N131_bin_11,50-bp bin starting at position 11,11,60,48.0,60.0,3,2,0.979,0.961,62,108,AAAGTCTCCTGCACAACGACGTCTT,GTTCAGCAGCGCTCTGAGGCTCTTC
N131_bin_13,50-bp bin starting at position 13,13,62,52.0,64.0,2,2,0.985,0.953,62,110,AGTCTCCTGCACAACGACGTCTTGT,TCAGCAGCGCTCTGAGGCTCTTCGC
N131_bin_14,50-bp bin starting at position 14,14,63,52.0,68.0,2,2,0.97,0.944,66,116,GTCTCCTGCACAACGACGTCTTGTT,CAGCAGCGCTCTGAGGCTCTTCGCG
N131_bin_24,50-bp bin starting at position 24,24,73,56.0,64.0,2,2,0.989,0.925,68,88,CAACGACGTCTTGTTCAGCAGCGCT,CTGAGGCTCTTCGCGTGGCTTCAGG
N131_bin_26,50-bp bin starting at position 26,26,75,56.0,68.0,2,2,0.979,0.921,76,95,ACGACGTCTTGTTCAGCAGCGCTCT,GAGGCTCTTCGCGTGGCTTCAGGCC
N131_bin_32,50-bp bin starting at position 32,32,81,56.0,60.0,2,2,0.961,0.878,72,106,TCTTGTTCAGCAGCGCTCTGAGGCT,CTTCGCGTGGCTTCAGGCCTTCGTT
N131_bin_34,50-bp bin starting at position 34,34,83,56.0,56.0,2,4,0.961,0.871,104,84,TTGTTCAGCAGCGCTCTGAGGCTCT,TCGCGTGGCTTCAGGCCTTCGTTTT
N131_bin_35,50-bp bin starting at position 35,35,84,56.0,60.0,2,4,0.961,0.878,104,81,TGTTCAGCAGCGCTCTGAGGCTCTT,CGCGTGGCTTCAGGCCTTCGTTTTC
N131_bin_40,50-bp bin starting at position 40,40,89,64.0,56.0,2,4,0.957,0.921,98,91,AGCAGCGCTCTGAGGCTCTTCGCGT,GGCTTCAGGCCTTCGTTTTCCAGCT
N131_bin_44,50-bp bin starting at position 44,44,93,68.0,52.0,2,4,0.878,0.887,113,77,GCGCTCTGAGGCTCTTCGCGTGGCT,TCAGGCCTTCGTTTTCCAGCTCTTC
N131_bin_45,50-bp bin starting at position 45,45,94,64.0,56.0,2,4,0.882,0.887,115,91,CGCTCTGAGGCTCTTCGCGTGGCTT,CAGGCCTTCGTTTTCCAGCTCTTCC
N131_bin_73,50-bp bin starting at position 73,73,122,52.0,44.0,4,3,0.83,0.855,89,120,GCCTTCGTTTTCCAGCTCTTCCTGT,TTAAAGGAAATCATTGGGAGGGAGG
N131_bin_101,50-bp bin starting at position 101,101,150,52.0,56.0,3,2,0.922,0.977,108,48,AAGGAAATCATTGGGAGGGAGGCCT,CCAGGTTGTCGCCACTGCTAACAAC
N131_bin_107,50-bp bin starting at position 107,107,156,60.0,52.0,3,2,0.961,0.993,109,60,ATCATTGGGAGGGAGGCCTCCAGGT,TGTCGCCACTGCTAACAACTGAGGA
N131_bin_108,50-bp bin starting at position 108,108,157,60.0,56.0,3,2,0.955,0.983,109,68,TCATTGGGAGGGAGGCCTCCAGGTT,GTCGCCACTGCTAACAACTGAGGAG
N131_bin_110,50-bp bin starting at position 110,110,159,60.0,52.0,3,2,0.931,0.979,115,70,ATTGGGAGGGAGGCCTCCAGGTTGT,CGCCACTGCTAACAACTGAGGAGAT
N131_bin_117,50-bp bin starting at position 117,117,166,68.0,48.0,3,2,0.944,0.966,56,76,GGGAGGCCTCCAGGTTGTCGCCACT,GCTAACAACTGAGGAGATAGCACTG
N131_bin_120,50-bp bin starting at position 120,120,169,64.0,48.0,2,2,0.953,0.937,60,125,AGGCCTCCAGGTTGTCGCCACTGCT,AACAACTGAGGAGATAGCACTGAGC
N131_bin_127,50-bp bin starting at position 127,127,176,52.0,64.0,2,4,0.989,0.832,46,86,CAGGTTGTCGCCACTGCTAACAACT,GAGGAGATAGCACTGAGCGGAGGGG
N131_bin_241,50-bp bin starting at position 241,241,290,72.0,60.0,3,2,0.841,0.979,72,70,GGATGAGAGGGTGGGCGGCCCAGGT,GAGGCAGCTGACATCAGCGGCTCTA
N131_bin_255,50-bp bin starting at position 255,255,304,68.0,68.0,3,4,0.937,0.902,62,56,GCGGCCCAGGTGAGGCAGCTGACAT,CAGCGGCTCTACTGGTGGGATGGGG
N131_bin_304,50-bp bin starting at position 304,304,353,60.0,60.0,4,3,0.855,0.931,103,70,GGAGGGGCTTGGAGAGACAGTTGGT,GACAGTATGGGCAGAGGGCTCTGAG
N131_bin_324,50-bp bin starting at position 324,324,373,56.0,64.0,3,2,0.923,0.859,70,88,TTGGTGACAGTATGGGCAGAGGGCT,CTGAGCGGTGGCGTTGGAGAGTGGT
N131_bin_326,50-bp bin starting at position 326,326,375,60.0,64.0,3,2,0.936,0.824,66,101,GGTGACAGTATGGGCAGAGGGCTCT,GAGCGGTGGCGTTGGAGAGTGGTGA
N131_bin_333,50-bp bin starting at position 333,333,382,64.0,64.0,3,4,0.909,0.824,64,73,GTATGGGCAGAGGGCTCTGAGCGGT,GGCGTTGGAGAGTGGTGAGGGGCAT
N131_bin_470,50-bp bin starting at position 470,470,519,60.0,64.0,3,3,0.878,0.873,59,123,GGACATGGAGGCGGACTAGAAGGGT,CGGTGGGTATCAGCAGTGGTGGGAG
N131_bin_474,50-bp bin starting at position 474,474,523,60.0,60.0,3,3,0.896,0.85,56,83,ATGGAGGCGGACTAGAAGGGTCGGT,GGGTATCAGCAGTGGTGGGAGTTGG
N131_bin_478,50-bp bin starting at position 478,478,527,64.0,64.0,3,3,0.873,0.909,69,71,AGGCGGACTAGAAGGGTCGGTGGGT,ATCAGCAGTGGTGGGAGTTGGCCGG
N131_bin_480,50-bp bin starting at position 480,480,529,60.0,64.0,3,3,0.902,0.909,63,81,GCGGACTAGAAGGGTCGGTGGGTAT,CAGCAGTGGTGGGAGTTGGCCGGAA
N131_bin_487,50-bp bin starting at position 487,487,536,56.0,64.0,3,3,0.923,0.811,63,111,AGAAGGGTCGGTGGGTATCAGCAGT,GGTGGGAGTTGGCCGGAAGAGAGAG
N131_bin_497,50-bp bin starting at position 497,497,546,56.0,64.0,3,3,0.869,0.832,108,123,GTGGGTATCAGCAGTGGTGGGAGTT,GGCCGGAAGAGAGAGAGGGAGTCTG
N131_bin_521,50-bp bin starting at position 521,521,570,60.0,68.0,3,3,0.878,0.914,123,114,TGGCCGGAAGAGAGAGAGGGAGTCT,GCAGAGCAGGGCTGCTGGGACACAC
N131_bin_534,50-bp bin starting at position 534,534,583,64.0,56.0,3,3,0.896,0.977,108,83,GAGAGGGAGTCTGCAGAGCAGGGCT,GCTGGGACACACATCGGGTGTAGAT
N131_bin_537,50-bp bin starting at position 537,537,586,64.0,52.0,3,3,0.936,0.985,116,85,AGGGAGTCTGCAGAGCAGGGCTGCT,GGGACACACATCGGGTGTAGATTCA
N131_bin_548,50-bp bin starting at position 548,548,597,60.0,52.0,3,3,0.953,0.971,113,74,AGAGCAGGGCTGCTGGGACACACAT,CGGGTGTAGATTCAACTGTAGGAGC
N131_bin_553,50-bp bin starting at position 553,553,602,64.0,44.0,3,2,0.955,0.944,106,74,AGGGCTGCTGGGACACACATCGGGT,GTAGATTCAACTGTAGGAGCAGGAA
N131_bin_555,50-bp bin starting at position 555,555,604,64.0,44.0,3,3,0.955,0.922,107,50,GGCTGCTGGGACACACATCGGGTGT,AGATTCAACTGTAGGAGCAGGAAAG
N131_bin_559,50-bp bin starting at position 559,559,608,56.0,56.0,3,3,0.977,0.957,83,58,GCTGGGACACACATCGGGTGTAGAT,TCAACTGTAGGAGCAGGAAAGCCGC
N131_bin_560,50-bp bin starting at position 560,560,609,52.0,56.0,3,3,0.989,0.957,83,62,CTGGGACACACATCGGGTGTAGATT,CAACTGTAGGAGCAGGAAAGCCGCT
N131_bin_565,50-bp bin starting at position 565,565,614,44.0,60.0,3,3,0.989,0.971,73,60,ACACACATCGGGTGTAGATTCAACT,GTAGGAGCAGGAAAGCCGCTTCCTG
N131_bin_567,50-bp bin starting at position 567,567,616,44.0,60.0,3,3,0.993,0.971,46,62,ACACATCGGGTGTAGATTCAACTGT,AGGAGCAGGAAAGCCGCTTCCTGGT
N131_bin_585,50-bp bin starting at position 585,585,634,56.0,68.0,3,3,0.957,0.921,62,88,CAACTGTAGGAGCAGGAAAGCCGCT,TCCTGGTCCCAGATCTGGGTCGGGC
N131_bin_586,50-bp bin starting at position 586,586,635,52.0,68.0,3,3,0.97,0.921,58,82,AACTGTAGGAGCAGGAAAGCCGCTT,CCTGGTCCCAGATCTGGGTCGGGCT
N131_bin_589,50-bp bin starting at position 589,589,638,56.0,68.0,3,3,0.989,0.923,60,72,TGTAGGAGCAGGAAAGCCGCTTCCT,GGTCCCAGATCTGGGTCGGGCTGAG
N131_bin_592,50-bp bin starting at position 592,592,641,60.0,64.0,3,3,0.971,0.953,62,56,AGGAGCAGGAAAGCCGCTTCCTGGT,CCCAGATCTGGGTCGGGCTGAGCTT
N131_bin_599,50-bp bin starting at position 599,599,648,60.0,64.0,3,3,0.985,0.923,42,82,GGAAAGCCGCTTCCTGGTCCCAGAT,CTGGGTCGGGCTGAGCTTCGAGTGA
N131_bin_601,50-bp bin starting at position 601,601,650,56.0,60.0,3,3,0.977,0.913,38,76,AAAGCCGCTTCCTGGTCCCAGATCT,GGGTCGGGCTGAGCTTCGAGTGATT
N131_bin_605,50-bp bin starting at position 605,605,654,64.0,52.0,3,3,0.925,0.985,66,54,CCGCTTCCTGGTCCCAGATCTGGGT,CGGGCTGAGCTTCGAGTGATTTACA
N131_bin_611,50-bp bin starting at position 611,611,660,68.0,44.0,3,3,0.921,0.979,82,40,CCTGGTCCCAGATCTGGGTCGGGCT,GAGCTTCGAGTGATTTACATGGACT
N131_bin_662,50-bp bin starting at position 662,662,711,68.0,48.0,4,3,0.879,0.993,57,64,GGGGATCGTGTGCCGTCAGCTGGGT,TTTCCACAGGCAGGTCGATACCATT
N131_bin_663,50-bp bin starting at position 663,663,712,64.0,48.0,3,2,0.896,0.993,52,66,GGGATCGTGTGCCGTCAGCTGGGTT,TTCCACAGGCAGGTCGATACCATTA
N131_bin_664,50-bp bin starting at position 664,664,713,60.0,48.0,3,2,0.905,0.993,48,64,GGATCGTGTGCCGTCAGCTGGGTTT,TCCACAGGCAGGTCGATACCATTAT
N131_bin_665,50-bp bin starting at position 665,665,714,56.0,48.0,4,2,0.909,0.985,54,68,GATCGTGTGCCGTCAGCTGGGTTTT,CCACAGGCAGGTCGATACCATTATA
N131_bin_691,50-bp bin starting at position 691,691,740,44.0,44.0,2,4,0.989,0.957,66,105,CACAGGCAGGTCGATACCATTATAT,TCATTCAGCAAAACCTTCTGCAGCA
N131_bin_717,50-bp bin starting at position 717,717,766,44.0,52.0,4,2,0.957,0.849,107,119,CATTCAGCAAAACCTTCTGCAGCAT,GCATGTTGTTGGCTTGCGCTTCTTG
N131_bin_721,50-bp bin starting at position 721,721,770,48.0,56.0,4,2,0.97,0.855,124,99,CAGCAAAACCTTCTGCAGCATGCAT,GTTGTTGGCTTGCGCTTCTTGACGG
N131_bin_723,50-bp bin starting at position 723,723,772,48.0,56.0,4,2,0.993,0.921,106,84,GCAAAACCTTCTGCAGCATGCATGT,TGTTGGCTTGCGCTTCTTGACGGCA
N131_bin_724,50-bp bin starting at position 724,724,773,44.0,60.0,4,2,0.983,0.929,105,86,CAAAACCTTCTGCAGCATGCATGTT,GTTGGCTTGCGCTTCTTGACGGCAC
N131_bin_726,50-bp bin starting at position 726,726,775,44.0,60.0,3,2,0.989,0.929,107,85,AAACCTTCTGCAGCATGCATGTTGT,TGGCTTGCGCTTCTTGACGGCACTG
N131_bin_727,50-bp bin starting at position 727,727,776,44.0,64.0,2,2,0.977,0.929,119,91,AACCTTCTGCAGCATGCATGTTGTT,GGCTTGCGCTTCTTGACGGCACTGC
N131_bin_740,50-bp bin starting at position 740,740,789,48.0,56.0,2,2,0.896,0.989,119,66,ATGCATGTTGTTGGCTTGCGCTTCT,TGACGGCACTGCAAGTAGGCTGTAC
N131_bin_741,50-bp bin starting at position 741,741,790,48.0,60.0,2,2,0.836,0.971,114,74,TGCATGTTGTTGGCTTGCGCTTCTT,GACGGCACTGCAAGTAGGCTGTACG
N131_bin_750,50-bp bin starting at position 750,750,799,56.0,52.0,2,2,0.925,0.937,88,54,TTGGCTTGCGCTTCTTGACGGCACT,GCAAGTAGGCTGTACGGAGTGAGAT
N131_bin_756,50-bp bin starting at position 756,756,805,56.0,48.0,2,2,0.983,0.979,54,42,TGCGCTTCTTGACGGCACTGCAAGT,AGGCTGTACGGAGTGAGATTCCTTA
N131_bin_761,50-bp bin starting at position 761,761,810,52.0,44.0,2,3,0.993,0.993,48,44,TTCTTGACGGCACTGCAAGTAGGCT,GTACGGAGTGAGATTCCTTAAACTC
N131_bin_770,50-bp bin starting at position 770,770,819,56.0,44.0,2,4,0.977,0.909,66,84,GCACTGCAAGTAGGCTGTACGGAGT,GAGATTCCTTAAACTCTTTCCCCTC
N131_bin_775,50-bp bin starting at position 775,775,824,52.0,44.0,2,4,0.937,0.833,54,76,GCAAGTAGGCTGTACGGAGTGAGAT,TCCTTAAACTCTTTCCCCTCACTGT
N131_bin_776,50-bp bin starting at position 776,776,825,48.0,48.0,2,4,0.953,0.83,50,70,CAAGTAGGCTGTACGGAGTGAGATT,CCTTAAACTCTTTCCCCTCACTGTC
N131_bin_779,50-bp bin starting at position 779,779,828,52.0,48.0,2,4,0.966,0.944,46,52,GTAGGCTGTACGGAGTGAGATTCCT,TAAACTCTTTCCCCTCACTGTCGGA
N131_bin_780,50-bp bin starting at position 780,780,829,48.0,52.0,2,4,0.97,0.966,42,52,TAGGCTGTACGGAGTGAGATTCCTT,AAACTCTTTCCCCTCACTGTCGGAG
N131_bin_812,50-bp bin starting at position 812,812,861,60.0,44.0,4,4,0.953,0.989,44,60,TTCCCCTCACTGTCGGAGCAGTGCT,TTTTGTGCACAGACAAATCCAGGAC
N131_bin_813,50-bp bin starting at position 813,813,862,60.0,48.0,4,3,0.953,0.989,44,52,TCCCCTCACTGTCGGAGCAGTGCTT,TTTGTGCACAGACAAATCCAGGACG
N131_bin_814,50-bp bin starting at position 814,814,863,60.0,52.0,4,3,0.953,0.979,46,52,CCCCTCACTGTCGGAGCAGTGCTTT,TTGTGCACAGACAAATCCAGGACGC
N131_bin_815,50-bp bin starting at position 815,815,864,56.0,52.0,4,3,0.957,0.979,46,52,CCCTCACTGTCGGAGCAGTGCTTTT,TGTGCACAGACAAATCCAGGACGCT
N131_bin_840,50-bp bin starting at position 840,840,889,52.0,64.0,3,4,0.979,0.923,52,86,TGTGCACAGACAAATCCAGGACGCT,CTCCCATTGCACCGGGGTCTTCCCA
N131_bin_842,50-bp bin starting at position 842,842,891,52.0,64.0,3,4,0.97,0.942,56,60,TGCACAGACAAATCCAGGACGCTCT,CCCATTGCACCGGGGTCTTCCCAGT
N131_bin_847,50-bp bin starting at position 847,847,896,52.0,68.0,3,4,0.951,0.914,66,58,AGACAAATCCAGGACGCTCTCCCAT,TGCACCGGGGTCTTCCCAGTGCCCT
N131_bin_848,50-bp bin starting at position 848,848,897,52.0,72.0,3,4,0.966,0.896,62,50,GACAAATCCAGGACGCTCTCCCATT,GCACCGGGGTCTTCCCAGTGCCCTC
N131_bin_858,50-bp bin starting at position 858,858,907,68.0,60.0,4,3,0.944,0.855,50,58,GGACGCTCTCCCATTGCACCGGGGT,CTTCCCAGTGCCCTCGGCTTTCTGT
N131_bin_860,50-bp bin starting at position 860,860,909,64.0,56.0,4,3,0.942,0.855,58,52,ACGCTCTCCCATTGCACCGGGGTCT,TCCCAGTGCCCTCGGCTTTCTGTTT
N131_bin_861,50-bp bin starting at position 861,861,910,64.0,60.0,4,3,0.914,0.855,58,66,CGCTCTCCCATTGCACCGGGGTCTT,CCCAGTGCCCTCGGCTTTCTGTTTC
N131_bin_867,50-bp bin starting at position 867,867,916,64.0,60.0,4,3,0.942,0.855,60,64,CCCATTGCACCGGGGTCTTCCCAGT,GCCCTCGGCTTTCTGTTTCACTCCG
N131_bin_872,50-bp bin starting at position 872,872,921,68.0,52.0,4,3,0.914,0.905,58,76,TGCACCGGGGTCTTCCCAGTGCCCT,CGGCTTTCTGTTTCACTCCGCTTGA
N131_bin_877,50-bp bin starting at position 877,877,926,72.0,44.0,4,3,0.867,0.945,58,42,CGGGGTCTTCCCAGTGCCCTCGGCT,TTCTGTTTCACTCCGCTTGACAAGT
N131_bin_878,50-bp bin starting at position 878,878,927,68.0,48.0,4,3,0.878,0.951,58,36,GGGGTCTTCCCAGTGCCCTCGGCTT,TCTGTTTCACTCCGCTTGACAAGTC
N131_bin_879,50-bp bin starting at position 879,879,928,64.0,48.0,3,3,0.878,0.97,52,42,GGGTCTTCCCAGTGCCCTCGGCTTT,CTGTTTCACTCCGCTTGACAAGTCA
N131_bin_881,50-bp bin starting at position 881,881,930,60.0,48.0,3,3,0.855,0.993,62,64,GTCTTCCCAGTGCCCTCGGCTTTCT,GTTTCACTCCGCTTGACAAGTCAAG
N131_bin_883,50-bp bin starting at position 883,883,932,60.0,52.0,3,3,0.855,0.998,58,62,CTTCCCAGTGCCCTCGGCTTTCTGT,TTCACTCCGCTTGACAAGTCAAGGG
N131_bin_884,50-bp bin starting at position 884,884,933,56.0,56.0,3,4,0.855,0.993,52,66,TTCCCAGTGCCCTCGGCTTTCTGTT,TCACTCCGCTTGACAAGTCAAGGGG
N131_bin_885,50-bp bin starting at position 885,885,934,56.0,60.0,3,4,0.855,0.979,52,62,TCCCAGTGCCCTCGGCTTTCTGTTT,CACTCCGCTTGACAAGTCAAGGGGC
N131_bin_889,50-bp bin starting at position 889,889,938,52.0,60.0,3,4,0.905,0.985,58,69,AGTGCCCTCGGCTTTCTGTTTCACT,CCGCTTGACAAGTCAAGGGGCTGCT
N131_bin_894,50-bp bin starting at position 894,894,943,56.0,52.0,3,4,0.833,0.971,70,90,CCTCGGCTTTCTGTTTCACTCCGCT,TGACAAGTCAAGGGGCTGCTGATTG
N131_bin_895,50-bp bin starting at position 895,895,944,52.0,56.0,3,4,0.83,0.977,82,90,CTCGGCTTTCTGTTTCACTCCGCTT,GACAAGTCAAGGGGCTGCTGATTGC
N131_bin_902,50-bp bin starting at position 902,902,951,44.0,60.0,3,4,0.945,0.971,42,76,TTCTGTTTCACTCCGCTTGACAAGT,CAAGGGGCTGCTGATTGCACACGGA
N131_bin_911,50-bp bin starting at position 911,911,960,56.0,52.0,4,3,0.993,0.97,68,58,ACTCCGCTTGACAAGTCAAGGGGCT,GCTGATTGCACACGGATGAGAAAGC
N131_bin_914,50-bp bin starting at position 914,914,963,60.0,52.0,4,3,0.985,0.926,69,78,CCGCTTGACAAGTCAAGGGGCTGCT,GATTGCACACGGATGAGAAAGCGGA
N131_bin_917,50-bp bin starting at position 917,917,966,52.0,56.0,4,3,0.989,0.944,90,82,CTTGACAAGTCAAGGGGCTGCTGAT,TGCACACGGATGAGAAAGCGGAGCT
N131_bin_918,50-bp bin starting at position 918,918,967,48.0,56.0,4,3,0.979,0.909,92,78,TTGACAAGTCAAGGGGCTGCTGATT,GCACACGGATGAGAAAGCGGAGCTA
N131_bin_928,50-bp bin starting at position 928,928,977,56.0,60.0,4,3,0.977,0.953,84,89,AAGGGGCTGCTGATTGCACACGGAT,GAGAAAGCGGAGCTAGCGGTCCACT
N131_bin_942,50-bp bin starting at position 942,942,991,56.0,52.0,3,4,0.944,0.944,82,60,TGCACACGGATGAGAAAGCGGAGCT,AGCGGTCCACTCCTTGCTCATTTTG
N131_bin_970,50-bp bin starting at position 970,970,1019,44.0,44.0,4,4,0.913,0.977,64,66,GGTCCACTCCTTGCTCATTTTGTAT,TCATCAAAACATGGAGGTGACACTG
N131_bin_996,50-bp bin starting at position 996,996,1045,44.0,60.0,4,3,0.977,0.953,60,66,CATCAAAACATGGAGGTGACACTGT,TTCTCTTTCGTCCCGACCGGACAGG
N131_bin_1002,50-bp bin starting at position 1002,1002,1051,44.0,64.0,3,3,0.989,0.955,54,54,AACATGGAGGTGACACTGTTTCTCT,TTCGTCCCGACCGGACAGGCTCCAA
N131_bin_1003,50-bp bin starting at position 1003,1003,1052,44.0,68.0,3,3,0.977,0.937,56,58,ACATGGAGGTGACACTGTTTCTCTT,TCGTCCCGACCGGACAGGCTCCAAG
N131_bin_1004,50-bp bin starting at position 1004,1004,1053,44.0,72.0,3,3,0.955,0.896,56,60,CATGGAGGTGACACTGTTTCTCTTT,CGTCCCGACCGGACAGGCTCCAAGC
N131_bin_1023,50-bp bin starting at position 1023,1023,1072,64.0,64.0,3,2,0.942,0.955,52,70,CTCTTTCGTCCCGACCGGACAGGCT,CCAAGCCGGTGAGTCGGAGTGGCTT
N131_bin_1033,50-bp bin starting at position 1033,1033,1082,72.0,52.0,2,3,0.905,0.951,69,63,CCGACCGGACAGGCTCCAAGCCGGT,GAGTCGGAGTGGCTTTCCAGTTTAG
N131_bin_1037,50-bp bin starting at position 1037,1037,1086,68.0,48.0,2,3,0.944,0.966,58,50,CCGGACAGGCTCCAAGCCGGTGAGT,CGGAGTGGCTTTCCAGTTTAGACTT
N131_bin_1043,50-bp bin starting at position 1043,1043,1092,64.0,44.0,2,3,0.955,0.955,66,55,AGGCTCCAAGCCGGTGAGTCGGAGT,GGCTTTCCAGTTTAGACTTCTTGGA
N131_bin_1054,50-bp bin starting at position 1054,1054,1103,60.0,48.0,3,2,0.937,0.993,75,44,CGGTGAGTCGGAGTGGCTTTCCAGT,TTAGACTTCTTGGAAGTCAAGCCGG
N131_bin_1055,50-bp bin starting at position 1055,1055,1104,56.0,52.0,3,2,0.922,0.998,67,46,GGTGAGTCGGAGTGGCTTTCCAGTT,TAGACTTCTTGGAAGTCAAGCCGGC
N131_bin_1056,50-bp bin starting at position 1056,1056,1105,52.0,56.0,3,2,0.926,0.989,73,50,GTGAGTCGGAGTGGCTTTCCAGTTT,AGACTTCTTGGAAGTCAAGCCGGCG
N131_bin_1061,50-bp bin starting at position 1061,1061,1110,48.0,60.0,3,2,0.966,0.971,46,54,TCGGAGTGGCTTTCCAGTTTAGACT,TCTTGGAAGTCAAGCCGGCGTCGGT
N131_bin_1062,50-bp bin starting at position 1062,1062,1111,48.0,64.0,3,2,0.966,0.966,50,57,CGGAGTGGCTTTCCAGTTTAGACTT,CTTGGAAGTCAAGCCGGCGTCGGTC
N131_bin_1064,50-bp bin starting at position 1064,1064,1113,44.0,64.0,3,2,0.955,0.966,58,65,GAGTGGCTTTCCAGTTTAGACTTCT,TGGAAGTCAAGCCGGCGTCGGTCCA
N131_bin_1082,50-bp bin starting at position 1082,1082,1131,56.0,56.0,2,2,0.989,0.955,52,54,GACTTCTTGGAAGTCAAGCCGGCGT,CGGTCCATGCAGCCTTACCATCACT
N131_bin_1086,50-bp bin starting at position 1086,1086,1135,60.0,56.0,2,2,0.971,0.955,54,60,TCTTGGAAGTCAAGCCGGCGTCGGT,CCATGCAGCCTTACCATCACTAGGC
N131_bin_1090,50-bp bin starting at position 1090,1090,1139,64.0,52.0,2,3,0.966,0.966,65,50,GGAAGTCAAGCCGGCGTCGGTCCAT,GCAGCCTTACCATCACTAGGCTTTC
N131_bin_1097,50-bp bin starting at position 1097,1097,1146,68.0,48.0,2,3,0.951,0.979,72,34,AAGCCGGCGTCGGTCCATGCAGCCT,TACCATCACTAGGCTTTCCGAAGTC
N131_bin_1098,50-bp bin starting at position 1098,1098,1147,68.0,48.0,2,3,0.944,0.979,72,32,AGCCGGCGTCGGTCCATGCAGCCTT,ACCATCACTAGGCTTTCCGAAGTCT
N131_bin_1103,50-bp bin starting at position 1103,1103,1152,60.0,52.0,2,3,0.971,0.993,60,34,GCGTCGGTCCATGCAGCCTTACCAT,CACTAGGCTTTCCGAAGTCTCTGAG
N131_bin_1107,50-bp bin starting at position 1107,1107,1156,56.0,52.0,2,3,0.955,0.979,54,58,CGGTCCATGCAGCCTTACCATCACT,AGGCTTTCCGAAGTCTCTGAGTGCT
N131_bin_1112,50-bp bin starting at position 1112,1112,1161,52.0,56.0,2,4,0.971,0.966,46,62,CATGCAGCCTTACCATCACTAGGCT,TTCCGAAGTCTCTGAGTGCTGGGGA
N131_bin_1113,50-bp bin starting at position 1113,1113,1162,48.0,56.0,2,4,0.979,0.977,48,72,ATGCAGCCTTACCATCACTAGGCTT,TCCGAAGTCTCTGAGTGCTGGGGAA
N131_bin_1114,50-bp bin starting at position 1114,1114,1163,48.0,56.0,3,4,0.97,0.977,46,70,TGCAGCCTTACCATCACTAGGCTTT,CCGAAGTCTCTGAGTGCTGGGGAAT
N131_bin_1121,50-bp bin starting at position 1121,1121,1170,44.0,60.0,3,4,0.979,0.913,34,105,TTACCATCACTAGGCTTTCCGAAGT,CTCTGAGTGCTGGGGAATGCTGTGG
N131_bin_1123,50-bp bin starting at position 1123,1123,1172,48.0,60.0,3,4,0.979,0.931,32,111,ACCATCACTAGGCTTTCCGAAGTCT,CTGAGTGCTGGGGAATGCTGTGGAC
N131_bin_1125,50-bp bin starting at position 1125,1125,1174,48.0,60.0,3,4,0.97,0.896,34,111,CATCACTAGGCTTTCCGAAGTCTCT,GAGTGCTGGGGAATGCTGTGGACTG
N131_bin_1129,50-bp bin starting at position 1129,1129,1178,48.0,60.0,3,4,0.989,0.896,44,111,ACTAGGCTTTCCGAAGTCTCTGAGT,GCTGGGGAATGCTGTGGACTGGATG
N131_bin_1132,50-bp bin starting at position 1132,1132,1181,52.0,64.0,3,4,0.979,0.824,58,98,AGGCTTTCCGAAGTCTCTGAGTGCT,GGGGAATGCTGTGGACTGGATGGGG
N131_bin_1183,50-bp bin starting at position 1183,1183,1232,48.0,52.0,3,2,0.97,0.926,50,40,GGAAGATGTTCTGCGTTTGAACCGT,GATGAGGTCACAGGAAGCATAGACG
N131_bin_1186,50-bp bin starting at position 1186,1186,1235,44.0,56.0,3,2,0.966,0.909,58,54,AGATGTTCTGCGTTTGAACCGTGAT,GAGGTCACAGGAAGCATAGACGCAG
N131_bin_1191,50-bp bin starting at position 1191,1191,1240,48.0,60.0,3,4,0.951,0.871,45,75,TTCTGCGTTTGAACCGTGATGAGGT,CACAGGAAGCATAGACGCAGGGGCA
N131_bin_1238,50-bp bin starting at position 1238,1238,1287,60.0,56.0,4,3,0.929,0.955,124,107,GCAGACACACACACGGGGCCAAGTT,TCGCAATCTCGGTCGCACTAATCCC
N131_bin_1239,50-bp bin starting at position 1239,1239,1288,56.0,56.0,4,3,0.957,0.955,124,86,CAGACACACACACGGGGCCAAGTTT,CGCAATCTCGGTCGCACTAATCCCA
N131_bin_1245,50-bp bin starting at position 1245,1245,1294,56.0,64.0,4,3,0.979,0.966,91,46,CACACACGGGGCCAAGTTTCGCAAT,CTCGGTCGCACTAATCCCAGCGGGA
N131_bin_1247,50-bp bin starting at position 1247,1247,1296,56.0,64.0,4,3,0.989,0.97,56,42,CACACGGGGCCAAGTTTCGCAATCT,CGGTCGCACTAATCCCAGCGGGAGT
N131_bin_1251,50-bp bin starting at position 1251,1251,1300,60.0,60.0,4,3,0.979,0.979,64,48,CGGGGCCAAGTTTCGCAATCTCGGT,CGCACTAATCCCAGCGGGAGTCAGT
N131_bin_1257,50-bp bin starting at position 1257,1257,1306,52.0,56.0,3,3,0.985,0.993,93,60,CAAGTTTCGCAATCTCGGTCGCACT,AATCCCAGCGGGAGTCAGTTTGTCC
N131_bin_1260,50-bp bin starting at position 1260,1260,1309,48.0,64.0,3,3,0.985,0.953,95,58,GTTTCGCAATCTCGGTCGCACTAAT,CCCAGCGGGAGTCAGTTTGTCCTGG
N131_bin_1272,50-bp bin starting at position 1272,1272,1321,64.0,60.0,3,3,0.97,0.953,42,62,CGGTCGCACTAATCCCAGCGGGAGT,CAGTTTGTCCTGGGTCTGCAGGAGC
N131_bin_1276,50-bp bin starting at position 1276,1276,1325,60.0,60.0,3,3,0.979,0.921,48,75,CGCACTAATCCCAGCGGGAGTCAGT,TTGTCCTGGGTCTGCAGGAGCTGCT
N131_bin_1277,50-bp bin starting at position 1277,1277,1326,56.0,60.0,3,3,0.993,0.921,44,75,GCACTAATCCCAGCGGGAGTCAGTT,TGTCCTGGGTCTGCAGGAGCTGCTT
N131_bin_1278,50-bp bin starting at position 1278,1278,1327,52.0,64.0,3,3,0.998,0.925,44,75,CACTAATCCCAGCGGGAGTCAGTTT,GTCCTGGGTCTGCAGGAGCTGCTTC
N131_bin_1280,50-bp bin starting at position 1280,1280,1329,52.0,64.0,3,3,0.993,0.953,44,75,CTAATCCCAGCGGGAGTCAGTTTGT,CCTGGGTCTGCAGGAGCTGCTTCAG
N131_bin_1283,50-bp bin starting at position 1283,1283,1332,56.0,56.0,3,3,0.983,0.944,60,78,ATCCCAGCGGGAGTCAGTTTGTCCT,GGGTCTGCAGGAGCTGCTTCAGTTT
N131_bin_1287,50-bp bin starting at position 1287,1287,1336,60.0,52.0,3,3,0.937,0.985,62,80,CAGCGGGAGTCAGTTTGTCCTGGGT,CTGCAGGAGCTGCTTCAGTTTGGAA
N131_bin_1289,50-bp bin starting at position 1289,1289,1338,60.0,52.0,3,3,0.905,0.971,59,60,GCGGGAGTCAGTTTGTCCTGGGTCT,GCAGGAGCTGCTTCAGTTTGGAAGA
N131_bin_1298,50-bp bin starting at position 1298,1298,1347,56.0,48.0,3,3,0.944,0.993,54,48,AGTTTGTCCTGGGTCTGCAGGAGCT,GCTTCAGTTTGGAAGACAGGTACAC
N131_bin_1301,50-bp bin starting at position 1301,1301,1350,60.0,44.0,3,3,0.921,0.989,75,67,TTGTCCTGGGTCTGCAGGAGCTGCT,TCAGTTTGGAAGACAGGTACACACT
N131_bin_1302,50-bp bin starting at position 1302,1302,1351,60.0,44.0,3,3,0.921,0.989,75,69,TGTCCTGGGTCTGCAGGAGCTGCTT,CAGTTTGGAAGACAGGTACACACTT
N131_bin_1327,50-bp bin starting at position 1327,1327,1376,44.0,44.0,3,4,0.989,0.955,69,44,CAGTTTGGAAGACAGGTACACACTT,TTTTCCTTGTGGAATGAGACTGCCT
N131_bin_1352,50-bp bin starting at position 1352,1352,1401,44.0,48.0,4,2,0.955,0.944,44,96,TTTTCCTTGTGGAATGAGACTGCCT,CGGTTGTGCTAATAGAGAGAGGCAA
N131_bin_1356,50-bp bin starting at position 1356,1356,1405,56.0,48.0,2,2,0.979,0.926,38,102,CCTTGTGGAATGAGACTGCCTCGGT,TGTGCTAATAGAGAGAGGCAAGGAC
N131_bin_1357,50-bp bin starting at position 1357,1357,1406,52.0,48.0,2,2,0.97,0.897,32,102,CTTGTGGAATGAGACTGCCTCGGTT,GTGCTAATAGAGAGAGGCAAGGACA
N131_bin_1359,50-bp bin starting at position 1359,1359,1408,52.0,52.0,2,2,0.951,0.858,36,109,TGTGGAATGAGACTGCCTCGGTTGT,GCTAATAGAGAGAGGCAAGGACAGG
N131_bin_1362,50-bp bin starting at position 1362,1362,1411,56.0,48.0,2,2,0.966,0.855,38,123,GGAATGAGACTGCCTCGGTTGTGCT,AATAGAGAGAGGCAAGGACAGGCTA
N131_bin_1386,50-bp bin starting at position 1386,1386,1435,48.0,56.0,2,3,0.897,0.966,123,56,TAATAGAGAGAGGCAAGGACAGGCT,ACAGGAGGGCACCATTGGATCTGAG
N131_bin_1401,50-bp bin starting at position 1401,1401,1450,60.0,48.0,3,4,0.921,0.896,110,83,AGGACAGGCTACAGGAGGGCACCAT,TGGATCTGAGTCTGTCTCGGCTTTT
N131_bin_1402,50-bp bin starting at position 1402,1402,1451,60.0,48.0,3,4,0.953,0.937,97,81,GGACAGGCTACAGGAGGGCACCATT,GGATCTGAGTCTGTCTCGGCTTTTA
N131_bin_1406,50-bp bin starting at position 1406,1406,1455,56.0,44.0,3,4,0.966,0.879,59,75,AGGCTACAGGAGGGCACCATTGGAT,CTGAGTCTGTCTCGGCTTTTATCTT
N131_bin_1408,50-bp bin starting at position 1408,1408,1457,56.0,48.0,3,4,0.989,0.896,50,71,GCTACAGGAGGGCACCATTGGATCT,GAGTCTGTCTCGGCTTTTATCTTGG
N131_bin_1412,50-bp bin starting at position 1412,1412,1461,56.0,52.0,3,4,0.977,0.905,52,58,CAGGAGGGCACCATTGGATCTGAGT,CTGTCTCGGCTTTTATCTTGGGGAG
N131_bin_1414,50-bp bin starting at position 1414,1414,1463,56.0,56.0,3,4,0.977,0.887,56,59,GGAGGGCACCATTGGATCTGAGTCT,GTCTCGGCTTTTATCTTGGGGAGGG
N131_bin_1416,50-bp bin starting at position 1416,1416,1465,52.0,56.0,3,4,0.985,0.944,60,61,AGGGCACCATTGGATCTGAGTCTGT,CTCGGCTTTTATCTTGGGGAGGGCA
N131_bin_1418,50-bp bin starting at position 1418,1418,1467,52.0,60.0,2,4,0.979,0.913,75,67,GGCACCATTGGATCTGAGTCTGTCT,CGGCTTTTATCTTGGGGAGGGCAGG
N131_bin_1423,50-bp bin starting at position 1423,1423,1472,52.0,64.0,2,4,0.953,0.896,75,67,CATTGGATCTGAGTCTGTCTCGGCT,TTTATCTTGGGGAGGGCAGGCGGGC
N131_bin_1424,50-bp bin starting at position 1424,1424,1473,48.0,64.0,2,4,0.937,0.896,79,69,ATTGGATCTGAGTCTGTCTCGGCTT,TTATCTTGGGGAGGGCAGGCGGGCT
N131_bin_1425,50-bp bin starting at position 1425,1425,1474,48.0,68.0,3,4,0.896,0.902,77,69,TTGGATCTGAGTCTGTCTCGGCTTT,TATCTTGGGGAGGGCAGGCGGGCTC
N131_bin_1426,50-bp bin starting at position 1426,1426,1475,48.0,72.0,4,4,0.896,0.873,83,73,TGGATCTGAGTCTGTCTCGGCTTTT,ATCTTGGGGAGGGCAGGCGGGCTCG
N131_bin_1464,50-bp bin starting at position 1464,1464,1513,72.0,60.0,3,3,0.871,0.929,98,104,CAGGCGGGCTCGCGGTCCTTCGCTT,CTTCGCTTCGGAGTTAGTGCTGCCC
N131_bin_1492,50-bp bin starting at position 1492,1492,1541,60.0,60.0,3,3,0.961,0.961,59,70,CGCTTCGGAGTTAGTGCTGCCCAGT,GGCTCCTTTGGCAAGTCCTCGGTGA
N131_bin_1496,50-bp bin starting at position 1496,1496,1545,60.0,60.0,3,3,0.953,0.961,71,46,TCGGAGTTAGTGCTGCCCAGTGGCT,CCTTTGGCAAGTCCTCGGTGACTGG
N131_bin_1499,50-bp bin starting at position 1499,1499,1548,60.0,60.0,3,2,0.961,0.979,71,80,GAGTTAGTGCTGCCCAGTGGCTCCT,TTGGCAAGTCCTCGGTGACTGGCAC
N131_bin_1500,50-bp bin starting at position 1500,1500,1549,56.0,64.0,3,2,0.961,0.97,75,84,AGTTAGTGCTGCCCAGTGGCTCCTT,TGGCAAGTCCTCGGTGACTGGCACC
N131_bin_1501,50-bp bin starting at position 1501,1501,1550,56.0,64.0,3,2,0.925,0.97,72,66,GTTAGTGCTGCCCAGTGGCTCCTTT,GGCAAGTCCTCGGTGACTGGCACCT
N131_bin_1508,50-bp bin starting at position 1508,1508,1557,60.0,68.0,3,3,0.961,0.914,70,90,CTGCCCAGTGGCTCCTTTGGCAAGT,CCTCGGTGACTGGCACCTGGGTGGT
N131_bin_1511,50-bp bin starting at position 1511,1511,1560,60.0,60.0,3,4,0.953,0.905,92,90,CCCAGTGGCTCCTTTGGCAAGTCCT,CGGTGACTGGCACCTGGGTGGTTTT
N131_bin_1515,50-bp bin starting at position 1515,1515,1564,60.0,52.0,3,4,0.929,0.951,86,73,GTGGCTCCTTTGGCAAGTCCTCGGT,GACTGGCACCTGGGTGGTTTTGATA
N131_bin_1519,50-bp bin starting at position 1519,1519,1568,56.0,48.0,3,4,0.957,0.922,60,52,CTCCTTTGGCAAGTCCTCGGTGACT,GGCACCTGGGTGGTTTTGATATTCT
N131_bin_1526,50-bp bin starting at position 1526,1526,1575,64.0,44.0,2,4,0.97,0.801,66,121,GGCAAGTCCTCGGTGACTGGCACCT,GGGTGGTTTTGATATTCTGGGTGAT
N131_bin_1530,50-bp bin starting at position 1530,1530,1579,64.0,44.0,3,4,0.953,0.913,70,82,AGTCCTCGGTGACTGGCACCTGGGT,GGTTTTGATATTCTGGGTGATCTCC
N131_bin_1534,50-bp bin starting at position 1534,1534,1583,64.0,44.0,3,3,0.914,0.977,80,64,CTCGGTGACTGGCACCTGGGTGGTT,TTGATATTCTGGGTGATCTCCACAG
N131_bin_1535,50-bp bin starting at position 1535,1535,1584,60.0,44.0,3,3,0.905,0.977,82,64,TCGGTGACTGGCACCTGGGTGGTTT,TGATATTCTGGGTGATCTCCACAGT
N131_bin_1536,50-bp bin starting at position 1536,1536,1585,60.0,48.0,4,3,0.905,0.985,90,56,CGGTGACTGGCACCTGGGTGGTTTT,GATATTCTGGGTGATCTCCACAGTG
N131_bin_1539,50-bp bin starting at position 1539,1539,1588,52.0,48.0,4,3,0.926,0.998,81,74,TGACTGGCACCTGGGTGGTTTTGAT,ATTCTGGGTGATCTCCACAGTGACA
N131_bin_1541,50-bp bin starting at position 1541,1541,1590,48.0,56.0,4,3,0.951,0.989,73,90,ACTGGCACCTGGGTGGTTTTGATAT,TCTGGGTGATCTCCACAGTGACAGG
N131_bin_1542,50-bp bin starting at position 1542,1542,1591,48.0,56.0,4,3,0.922,0.989,71,90,CTGGCACCTGGGTGGTTTTGATATT,CTGGGTGATCTCCACAGTGACAGGT
N131_bin_1544,50-bp bin starting at position 1544,1544,1593,48.0,56.0,4,3,0.922,0.977,52,99,GGCACCTGGGTGGTTTTGATATTCT,GGGTGATCTCCACAGTGACAGGTGT
N131_bin_1548,50-bp bin starting at position 1548,1548,1597,48.0,52.0,4,2,0.855,0.993,120,60,CCTGGGTGGTTTTGATATTCTGGGT,GATCTCCACAGTGACAGGTGTAAGC
N131_bin_1551,50-bp bin starting at position 1551,1551,1600,44.0,56.0,4,2,0.801,0.979,121,77,GGGTGGTTTTGATATTCTGGGTGAT,CTCCACAGTGACAGGTGTAAGCAGG
N131_bin_1560,50-bp bin starting at position 1560,1560,1609,44.0,44.0,3,2,0.977,0.944,64,80,TGATATTCTGGGTGATCTCCACAGT,GACAGGTGTAAGCAGGCAATTAATG
N131_bin_1567,50-bp bin starting at position 1567,1567,1616,56.0,44.0,3,2,0.989,0.977,90,60,CTGGGTGATCTCCACAGTGACAGGT,GTAAGCAGGCAATTAATGCCGTACA
N131_bin_1569,50-bp bin starting at position 1569,1569,1618,56.0,48.0,3,2,0.977,0.966,99,68,GGGTGATCTCCACAGTGACAGGTGT,AAGCAGGCAATTAATGCCGTACAGG
N131_bin_1580,50-bp bin starting at position 1580,1580,1629,48.0,52.0,2,2,0.951,0.998,91,58,ACAGTGACAGGTGTAAGCAGGCAAT,TAATGCCGTACAGGTCAGCTGATGC
N131_bin_1581,50-bp bin starting at position 1581,1581,1630,48.0,56.0,2,2,0.97,0.989,73,58,CAGTGACAGGTGTAAGCAGGCAATT,AATGCCGTACAGGTCAGCTGATGCG
N131_bin_1589,50-bp bin starting at position 1589,1589,1638,48.0,56.0,2,2,0.979,0.989,60,54,GGTGTAAGCAGGCAATTAATGCCGT,ACAGGTCAGCTGATGCGCTCTCCAT
N131_bin_1595,50-bp bin starting at position 1595,1595,1644,48.0,56.0,2,2,0.985,0.966,70,79,AGCAGGCAATTAATGCCGTACAGGT,CAGCTGATGCGCTCTCCATCTCGAT
N131_bin_1600,50-bp bin starting at position 1600,1600,1649,48.0,52.0,2,2,0.998,0.985,44,63,GCAATTAATGCCGTACAGGTCAGCT,GATGCGCTCTCCATCTCGATAACGT
N131_bin_1603,50-bp bin starting at position 1603,1603,1652,44.0,60.0,2,2,0.993,0.955,36,69,ATTAATGCCGTACAGGTCAGCTGAT,GCGCTCTCCATCTCGATAACGTCGC
N131_bin_1608,50-bp bin starting at position 1608,1608,1657,60.0,52.0,2,2,0.979,0.985,52,42,TGCCGTACAGGTCAGCTGATGCGCT,CTCCATCTCGATAACGTCGCAGTTG
N131_bin_1610,50-bp bin starting at position 1610,1610,1659,60.0,52.0,2,2,0.979,0.985,48,38,CCGTACAGGTCAGCTGATGCGCTCT,CCATCTCGATAACGTCGCAGTTGCT
N131_bin_1614,50-bp bin starting at position 1614,1614,1663,56.0,56.0,2,2,0.989,0.979,54,36,ACAGGTCAGCTGATGCGCTCTCCAT,CTCGATAACGTCGCAGTTGCTGGTG
N131_bin_1616,50-bp bin starting at position 1616,1616,1665,56.0,52.0,2,2,0.979,0.97,56,34,AGGTCAGCTGATGCGCTCTCCATCT,CGATAACGTCGCAGTTGCTGGTGTT
N131_bin_1620,50-bp bin starting at position 1620,1620,1669,56.0,48.0,2,2,0.966,0.951,79,69,CAGCTGATGCGCTCTCCATCTCGAT,AACGTCGCAGTTGCTGGTGTTGTTA
N131_bin_1625,50-bp bin starting at position 1625,1625,1674,52.0,48.0,2,2,0.985,0.855,63,96,GATGCGCTCTCCATCTCGATAACGT,CGCAGTTGCTGGTGTTGTTATTGGT
N131_bin_1632,50-bp bin starting at position 1632,1632,1681,48.0,44.0,2,2,0.97,0.891,58,92,TCTCCATCTCGATAACGTCGCAGTT,GCTGGTGTTGTTATTGGTCTGAATC
N131_bin_1641,50-bp bin starting at position 1641,1641,1690,52.0,44.0,2,3,0.97,0.923,34,50,CGATAACGTCGCAGTTGCTGGTGTT,GTTATTGGTCTGAATCTTTCCGTCG
N131_bin_1644,50-bp bin starting at position 1644,1644,1693,48.0,44.0,2,3,0.922,0.955,69,54,TAACGTCGCAGTTGCTGGTGTTGTT,ATTGGTCTGAATCTTTCCGTCGATG
N131_bin_1646,50-bp bin starting at position 1646,1646,1695,48.0,44.0,2,3,0.922,0.955,69,52,ACGTCGCAGTTGCTGGTGTTGTTAT,TGGTCTGAATCTTTCCGTCGATGTA
N131_bin_1647,50-bp bin starting at position 1647,1647,1696,48.0,44.0,2,3,0.881,0.977,71,54,CGTCGCAGTTGCTGGTGTTGTTATT,GGTCTGAATCTTTCCGTCGATGTAA
N131_bin_1736,50-bp bin starting at position 1736,1736,1785,52.0,52.0,3,3,0.97,0.914,30,116,ATGTAGACGTCATCGGCTTCTCCCT,CTTCTTCTGGTTCTGTGCTAGGGAC
N131_bin_1738,50-bp bin starting at position 1738,1738,1787,56.0,48.0,3,3,0.944,0.937,42,81,GTAGACGTCATCGGCTTCTCCCTCT,TCTTCTGGTTCTGTGCTAGGGACAT
N131_bin_1739,50-bp bin starting at position 1739,1739,1788,52.0,48.0,3,3,0.926,0.966,48,80,TAGACGTCATCGGCTTCTCCCTCTT,CTTCTGGTTCTGTGCTAGGGACATA
N131_bin_1741,50-bp bin starting at position 1741,1741,1790,56.0,48.0,3,3,0.887,0.985,87,64,GACGTCATCGGCTTCTCCCTCTTCT,TCTGGTTCTGTGCTAGGGACATACA
N131_bin_1742,50-bp bin starting at position 1742,1742,1791,52.0,52.0,3,3,0.858,0.993,100,48,ACGTCATCGGCTTCTCCCTCTTCTT,CTGGTTCTGTGCTAGGGACATACAC
N131_bin_1763,50-bp bin starting at position 1763,1763,1812,48.0,64.0,3,3,0.937,0.925,81,54,TCTTCTGGTTCTGTGCTAGGGACAT,ACACGTTCTGGGTGGCCTGCGCTTG
N131_bin_1770,50-bp bin starting at position 1770,1770,1819,48.0,68.0,3,3,0.985,0.871,48,60,GTTCTGTGCTAGGGACATACACGTT,CTGGGTGGCCTGCGCTTGTTCGGCA
N131_bin_1772,50-bp bin starting at position 1772,1772,1821,48.0,72.0,3,3,0.989,0.841,48,46,TCTGTGCTAGGGACATACACGTTCT,GGGTGGCCTGCGCTTGTTCGGCAGG
N131_bin_1776,50-bp bin starting at position 1776,1776,1825,52.0,72.0,3,2,0.985,0.858,46,49,TGCTAGGGACATACACGTTCTGGGT,GGCCTGCGCTTGTTCGGCAGGTGGC
N131_bin_1781,50-bp bin starting at position 1781,1781,1830,60.0,68.0,3,2,0.971,0.879,50,60,GGGACATACACGTTCTGGGTGGCCT,GCGCTTGTTCGGCAGGTGGCTGAGG
N131_bin_1786,50-bp bin starting at position 1786,1786,1835,60.0,64.0,3,2,0.961,0.914,48,67,ATACACGTTCTGGGTGGCCTGCGCT,TGTTCGGCAGGTGGCTGAGGCTCCT
N131_bin_1787,50-bp bin starting at position 1787,1787,1836,60.0,68.0,3,2,0.929,0.914,52,73,TACACGTTCTGGGTGGCCTGCGCTT,GTTCGGCAGGTGGCTGAGGCTCCTC
N131_bin_1789,50-bp bin starting at position 1789,1789,1838,64.0,64.0,3,2,0.878,0.966,52,73,CACGTTCTGGGTGGCCTGCGCTTGT,TCGGCAGGTGGCTGAGGCTCCTCAA
N131_bin_1790,50-bp bin starting at position 1790,1790,1839,60.0,68.0,3,2,0.871,0.945,60,73,ACGTTCTGGGTGGCCTGCGCTTGTT,CGGCAGGTGGCTGAGGCTCCTCAAG
N131_bin_1802,50-bp bin starting at position 1802,1802,1851,68.0,64.0,2,3,0.871,0.953,52,116,GCCTGCGCTTGTTCGGCAGGTGGCT,GAGGCTCCTCAAGGCCTCCTTTGCG
N131_bin_1808,50-bp bin starting at position 1808,1808,1857,64.0,60.0,2,3,0.896,0.913,72,74,GCTTGTTCGGCAGGTGGCTGAGGCT,CCTCAAGGCCTCCTTTGCGTCTCAC
N131_bin_1811,50-bp bin starting at position 1811,1811,1860,64.0,64.0,2,3,0.914,0.923,67,54,TGTTCGGCAGGTGGCTGAGGCTCCT,CAAGGCCTCCTTTGCGTCTCACGCC
N131_bin_1819,50-bp bin starting at position 1819,1819,1868,64.0,60.0,2,3,0.966,0.953,92,54,AGGTGGCTGAGGCTCCTCAAGGCCT,CCTTTGCGTCTCACGCCCTTAGGGA
N131_bin_1824,50-bp bin starting at position 1824,1824,1873,60.0,60.0,3,3,0.953,0.985,124,40,GCTGAGGCTCCTCAAGGCCTCCTTT,GCGTCTCACGCCCTTAGGGATCAAG
N131_bin_1828,50-bp bin starting at position 1828,1828,1877,60.0,60.0,3,3,0.953,0.985,116,36,AGGCTCCTCAAGGCCTCCTTTGCGT,CTCACGCCCTTAGGGATCAAGTGGC
N131_bin_1830,50-bp bin starting at position 1830,1830,1879,60.0,60.0,3,3,0.905,0.985,92,30,GCTCCTCAAGGCCTCCTTTGCGTCT,CACGCCCTTAGGGATCAAGTGGCGT
N131_bin_1838,50-bp bin starting at position 1838,1838,1887,64.0,52.0,3,3,0.896,0.966,57,40,AGGCCTCCTTTGCGTCTCACGCCCT,TAGGGATCAAGTGGCGTTCCATGGT
N131_bin_1839,50-bp bin starting at position 1839,1839,1888,64.0,56.0,3,3,0.849,0.955,73,48,GGCCTCCTTTGCGTCTCACGCCCTT,AGGGATCAAGTGGCGTTCCATGGTG
N218_bin_24,50-bp bin starting at position 24,24,73,68.0,44.0,3,2,0.923,0.983,89,65,GGCCTTCAGGCCCGCCCAGTCTCAT,CTGCAGATTAATCCTGTAACACTGC
N218_bin_33,50-bp bin starting at position 33,33,82,60.0,44.0,3,3,0.955,0.944,70,121,GCCCGCCCAGTCTCATCTGCAGATT,AATCCTGTAACACTGCAAACTGCAC
N218_bin_216,50-bp bin starting at position 216,216,265,68.0,56.0,4,3,0.944,0.983,74,46,AGAGCGTGGACCCCTGAGCACCGCT,ACAGTACCTCACCATGGGAGCAGGT
N218_bin_221,50-bp bin starting at position 221,221,270,64.0,68.0,4,3,0.966,0.944,54,42,GTGGACCCCTGAGCACCGCTACAGT,ACCTCACCATGGGAGCAGGTGCGGC
N218_bin_367,50-bp bin starting at position 367,367,416,68.0,60.0,3,3,0.914,0.871,107,54,GTGCTCCTCAGCCCTGCGTGCAGCT,TGCAGTCTCCGCTTTCTGGCCCGTT
N218_bin_368,50-bp bin starting at position 368,368,417,64.0,64.0,3,3,0.914,0.867,89,58,TGCTCCTCAGCCCTGCGTGCAGCTT,GCAGTCTCCGCTTTCTGGCCCGTTC
N218_bin_380,50-bp bin starting at position 380,380,429,64.0,60.0,2,3,0.925,0.871,97,58,CTGCGTGCAGCTTGCAGTCTCCGCT,TTCTGGCCCGTTCCTCTCGCTTGAG
N218_bin_381,50-bp bin starting at position 381,381,430,60.0,64.0,2,3,0.929,0.867,113,52,TGCGTGCAGCTTGCAGTCTCCGCTT,TCTGGCCCGTTCCTCTCGCTTGAGC
N218_bin_382,50-bp bin starting at position 382,382,431,60.0,64.0,3,3,0.929,0.914,110,44,GCGTGCAGCTTGCAGTCTCCGCTTT,CTGGCCCGTTCCTCTCGCTTGAGCA
N218_bin_384,50-bp bin starting at position 384,384,433,56.0,68.0,3,3,0.921,0.914,114,50,GTGCAGCTTGCAGTCTCCGCTTTCT,GGCCCGTTCCTCTCGCTTGAGCAGC
N218_bin_391,50-bp bin starting at position 391,391,440,60.0,52.0,3,3,0.871,0.926,54,86,TTGCAGTCTCCGCTTTCTGGCCCGT,TCCTCTCGCTTGAGCAGCATTTCCT
N218_bin_392,50-bp bin starting at position 392,392,441,60.0,56.0,3,3,0.871,0.922,54,83,TGCAGTCTCCGCTTTCTGGCCCGTT,CCTCTCGCTTGAGCAGCATTTCCTC
N218_bin_395,50-bp bin starting at position 395,395,444,60.0,56.0,3,3,0.855,0.957,66,76,AGTCTCCGCTTTCTGGCCCGTTCCT,CTCGCTTGAGCAGCATTTCCTCGGT
N218_bin_465,50-bp bin starting at position 465,465,514,56.0,60.0,3,3,0.961,0.905,82,103,CTTCAGCGACGGGCAAAGGCAACAT,GGGTGAAGGCTGGCTTCTGGCCTTT
N218_bin_469,50-bp bin starting at position 469,469,518,60.0,56.0,3,4,0.905,0.957,90,109,AGCGACGGGCAAAGGCAACATGGGT,GAAGGCTGGCTTCTGGCCTTTTGCA
N218_bin_476,50-bp bin starting at position 476,476,525,56.0,64.0,3,4,0.922,0.914,123,67,GGCAAAGGCAACATGGGTGAAGGCT,GGCTTCTGGCCTTTTGCAGGAGGGC
N218_bin_480,50-bp bin starting at position 480,480,529,56.0,68.0,3,4,0.945,0.921,107,72,AAGGCAACATGGGTGAAGGCTGGCT,TCTGGCCTTTTGCAGGAGGGCCCGC
N218_bin_481,50-bp bin starting at position 481,481,530,56.0,68.0,3,4,0.955,0.921,81,74,AGGCAACATGGGTGAAGGCTGGCTT,CTGGCCTTTTGCAGGAGGGCCCGCT
N218_bin_483,50-bp bin starting at position 483,483,532,56.0,68.0,3,4,0.977,0.914,60,72,GCAACATGGGTGAAGGCTGGCTTCT,GGCCTTTTGCAGGAGGGCCCGCTGT
N218_bin_488,50-bp bin starting at position 488,488,537,60.0,64.0,3,3,0.937,0.953,96,42,ATGGGTGAAGGCTGGCTTCTGGCCT,TTTGCAGGAGGGCCCGCTGTCTAGC
N218_bin_489,50-bp bin starting at position 489,489,538,60.0,68.0,3,3,0.905,0.937,106,42,TGGGTGAAGGCTGGCTTCTGGCCTT,TTGCAGGAGGGCCCGCTGTCTAGCG
N218_bin_490,50-bp bin starting at position 490,490,539,60.0,72.0,3,3,0.905,0.913,103,44,GGGTGAAGGCTGGCTTCTGGCCTTT,TGCAGGAGGGCCCGCTGTCTAGCGG
N218_bin_491,50-bp bin starting at position 491,491,540,56.0,72.0,4,3,0.909,0.913,109,44,GGTGAAGGCTGGCTTCTGGCCTTTT,GCAGGAGGGCCCGCTGTCTAGCGGT
N218_bin_506,50-bp bin starting at position 506,506,555,68.0,52.0,4,2,0.921,0.979,74,74,CTGGCCTTTTGCAGGAGGGCCCGCT,GTCTAGCGGTCAGAAGTCTCTCGTT
N218_bin_508,50-bp bin starting at position 508,508,557,68.0,48.0,4,2,0.914,0.998,72,64,GGCCTTTTGCAGGAGGGCCCGCTGT,CTAGCGGTCAGAAGTCTCTCGTTAA
N218_bin_510,50-bp bin starting at position 510,510,559,64.0,44.0,4,2,0.929,0.989,50,62,CCTTTTGCAGGAGGGCCCGCTGTCT,AGCGGTCAGAAGTCTCTCGTTAATT
N218_bin_527,50-bp bin starting at position 527,527,576,56.0,44.0,2,3,0.983,0.913,62,103,CGCTGTCTAGCGGTCAGAAGTCTCT,CGTTAATTTCTTTCTTCAGGTCGCC
N218_bin_534,50-bp bin starting at position 534,534,583,44.0,44.0,2,3,0.989,0.913,62,89,TAGCGGTCAGAAGTCTCTCGTTAAT,TTCTTTCTTCAGGTCGCCATTATCG
N218_bin_535,50-bp bin starting at position 535,535,584,44.0,44.0,2,3,0.989,0.913,62,70,AGCGGTCAGAAGTCTCTCGTTAATT,TCTTTCTTCAGGTCGCCATTATCGT
N218_bin_536,50-bp bin starting at position 536,536,585,44.0,48.0,3,3,0.977,0.922,62,62,GCGGTCAGAAGTCTCTCGTTAATTT,CTTTCTTCAGGTCGCCATTATCGTC
N218_bin_560,50-bp bin starting at position 560,560,609,44.0,60.0,3,3,0.913,0.936,70,46,TCTTTCTTCAGGTCGCCATTATCGT,CAAGCTCACCCTTCTCCAGGGCATC
N218_bin_566,50-bp bin starting at position 566,566,615,48.0,64.0,2,3,0.985,0.936,56,44,TTCAGGTCGCCATTATCGTCAAGCT,CACCCTTCTCCAGGGCATCGAGCCA
N218_bin_572,50-bp bin starting at position 572,572,621,52.0,64.0,3,3,0.937,0.97,48,62,TCGCCATTATCGTCAAGCTCACCCT,TCTCCAGGGCATCGAGCCAGCGTTG
N218_bin_573,50-bp bin starting at position 573,573,622,52.0,64.0,3,3,0.937,0.97,44,64,CGCCATTATCGTCAAGCTCACCCTT,CTCCAGGGCATCGAGCCAGCGTTGT
N218_bin_575,50-bp bin starting at position 575,575,624,48.0,64.0,3,3,0.905,0.97,40,74,CCATTATCGTCAAGCTCACCCTTCT,CCAGGGCATCGAGCCAGCGTTGTTC
N218_bin_584,50-bp bin starting at position 584,584,633,56.0,56.0,3,2,0.955,0.909,52,119,TCAAGCTCACCCTTCTCCAGGGCAT,CGAGCCAGCGTTGTTCTTCTTCCTC
N218_bin_652,50-bp bin starting at position 652,652,701,60.0,52.0,3,4,0.977,0.971,118,44,CCCGCTCAGATCCCTCAGAGGTGAT,GGGGACAGGTTAGAGTCTTCATCGA
N218_bin_662,50-bp bin starting at position 662,662,711,60.0,60.0,4,3,0.961,0.985,74,48,TCCCTCAGAGGTGATGGGGACAGGT,TAGAGTCTTCATCGAGCCAGGCCCG
N218_bin_663,50-bp bin starting at position 663,663,712,60.0,64.0,4,3,0.961,0.97,70,52,CCCTCAGAGGTGATGGGGACAGGTT,AGAGTCTTCATCGAGCCAGGCCCGG
N218_bin_668,50-bp bin starting at position 668,668,717,52.0,64.0,4,3,0.836,0.966,84,40,AGAGGTGATGGGGACAGGTTAGAGT,CTTCATCGAGCCAGGCCCGGTACTG
N218_bin_670,50-bp bin starting at position 670,670,719,52.0,60.0,4,3,0.9,0.979,60,40,AGGTGATGGGGACAGGTTAGAGTCT,TCATCGAGCCAGGCCCGGTACTGTT
N218_bin_671,50-bp bin starting at position 671,671,720,52.0,64.0,4,3,0.896,0.966,48,40,GGTGATGGGGACAGGTTAGAGTCTT,CATCGAGCCAGGCCCGGTACTGTTC
N218_bin_674,50-bp bin starting at position 674,674,723,48.0,68.0,4,3,0.953,0.951,46,60,GATGGGGACAGGTTAGAGTCTTCAT,CGAGCCAGGCCCGGTACTGTTCGAG
N218_bin_689,50-bp bin starting at position 689,689,738,64.0,60.0,3,4,0.97,0.971,54,64,GAGTCTTCATCGAGCCAGGCCCGGT,ACTGTTCGAGGGGCACTCCCTCCAT
N218_bin_692,50-bp bin starting at position 692,692,741,60.0,64.0,3,4,0.971,0.957,42,58,TCTTCATCGAGCCAGGCCCGGTACT,GTTCGAGGGGCACTCCCTCCATTGG
N218_bin_694,50-bp bin starting at position 694,694,743,60.0,60.0,3,4,0.979,0.961,40,58,TTCATCGAGCCAGGCCCGGTACTGT,TCGAGGGGCACTCCCTCCATTGGTT
N218_bin_695,50-bp bin starting at position 695,695,744,60.0,64.0,3,4,0.979,0.953,40,58,TCATCGAGCCAGGCCCGGTACTGTT,CGAGGGGCACTCCCTCCATTGGTTC
N218_bin_706,50-bp bin starting at position 706,706,755,68.0,44.0,4,3,0.937,0.855,52,92,GGCCCGGTACTGTTCGAGGGGCACT,CCCTCCATTGGTTCCTCTTCATTAT
N218_bin_714,50-bp bin starting at position 714,714,763,60.0,44.0,4,2,0.971,0.909,64,56,ACTGTTCGAGGGGCACTCCCTCCAT,TGGTTCCTCTTCATTATCAACCACC
N218_bin_715,50-bp bin starting at position 715,715,764,60.0,44.0,4,2,0.953,0.921,58,72,CTGTTCGAGGGGCACTCCCTCCATT,GGTTCCTCTTCATTATCAACCACCA
N218_bin_722,50-bp bin starting at position 722,722,771,60.0,44.0,4,3,0.953,0.957,71,115,AGGGGCACTCCCTCCATTGGTTCCT,CTTCATTATCAACCACCATCAAGGG
N218_bin_772,50-bp bin starting at position 772,772,821,64.0,44.0,3,2,0.955,0.957,42,56,GGAAGGAGACCGTGGCCCTTCAGGT,ATCACGGTGAAGGTTGGAACAGATT
N218_bin_774,50-bp bin starting at position 774,774,823,56.0,48.0,3,3,0.989,0.953,32,62,AAGGAGACCGTGGCCCTTCAGGTAT,CACGGTGAAGGTTGGAACAGATTTG
N218_bin_780,50-bp bin starting at position 780,780,829,60.0,48.0,3,3,0.979,0.953,46,72,ACCGTGGCCCTTCAGGTATCACGGT,GAAGGTTGGAACAGATTTGGTGCCA
N218_bin_786,50-bp bin starting at position 786,786,835,56.0,48.0,3,3,0.989,0.985,57,74,GCCCTTCAGGTATCACGGTGAAGGT,TGGAACAGATTTGGTGCCAAGAACC
N218_bin_787,50-bp bin starting at position 787,787,836,52.0,48.0,3,3,0.993,0.985,61,66,CCCTTCAGGTATCACGGTGAAGGTT,GGAACAGATTTGGTGCCAAGAACCT
N218_bin_796,50-bp bin starting at position 796,796,845,44.0,52.0,2,2,0.957,0.989,52,68,TATCACGGTGAAGGTTGGAACAGAT,TTGGTGCCAAGAACCTGTCCTCCAA
N218_bin_797,50-bp bin starting at position 797,797,846,44.0,56.0,2,2,0.957,0.989,56,96,ATCACGGTGAAGGTTGGAACAGATT,TGGTGCCAAGAACCTGTCCTCCAAG
N218_bin_798,50-bp bin starting at position 798,798,847,44.0,56.0,3,2,0.961,0.989,54,96,TCACGGTGAAGGTTGGAACAGATTT,GGTGCCAAGAACCTGTCCTCCAAGT
N218_bin_801,50-bp bin starting at position 801,801,850,48.0,52.0,3,3,0.914,0.989,75,98,CGGTGAAGGTTGGAACAGATTTGGT,GCCAAGAACCTGTCCTCCAAGTTTG
N218_bin_812,50-bp bin starting at position 812,812,861,48.0,44.0,3,3,0.985,0.945,66,50,GGAACAGATTTGGTGCCAAGAACCT,GTCCTCCAAGTTTGATCTTCAGCTT
N218_bin_823,50-bp bin starting at position 823,823,872,56.0,44.0,2,2,0.989,0.977,96,73,GGTGCCAAGAACCTGTCCTCCAAGT,TTGATCTTCAGCTTAAGCTGAGGCT
N218_bin_824,50-bp bin starting at position 824,824,873,52.0,44.0,2,2,0.989,0.977,96,84,GTGCCAAGAACCTGTCCTCCAAGTT,TGATCTTCAGCTTAAGCTGAGGCTT
N218_bin_825,50-bp bin starting at position 825,825,874,48.0,44.0,3,3,0.979,0.977,98,76,TGCCAAGAACCTGTCCTCCAAGTTT,GATCTTCAGCTTAAGCTGAGGCTTT
N218_bin_828,50-bp bin starting at position 828,828,877,44.0,48.0,3,3,0.983,0.971,76,79,CAAGAACCTGTCCTCCAAGTTTGAT,CTTCAGCTTAAGCTGAGGCTTTGCT
N218_bin_830,50-bp bin starting at position 830,830,879,44.0,52.0,3,3,0.979,0.97,54,92,AGAACCTGTCCTCCAAGTTTGATCT,TCAGCTTAAGCTGAGGCTTTGCTGG
N218_bin_831,50-bp bin starting at position 831,831,880,44.0,52.0,3,3,0.966,0.985,52,96,GAACCTGTCCTCCAAGTTTGATCTT,CAGCTTAAGCTGAGGCTTTGCTGGA
N218_bin_836,50-bp bin starting at position 836,836,885,44.0,52.0,3,3,0.945,0.942,46,87,TGTCCTCCAAGTTTGATCTTCAGCT,TAAGCTGAGGCTTTGCTGGAGAAGG
N218_bin_837,50-bp bin starting at position 837,837,886,44.0,56.0,3,3,0.945,0.955,50,103,GTCCTCCAAGTTTGATCTTCAGCTT,AAGCTGAGGCTTTGCTGGAGAAGGC
N218_bin_848,50-bp bin starting at position 848,848,897,44.0,64.0,2,3,0.977,0.936,73,104,TTGATCTTCAGCTTAAGCTGAGGCT,TTGCTGGAGAAGGCTGGGTAGGCCC
N218_bin_849,50-bp bin starting at position 849,849,898,44.0,68.0,2,3,0.977,0.909,84,104,TGATCTTCAGCTTAAGCTGAGGCTT,TGCTGGAGAAGGCTGGGTAGGCCCG
N218_bin_850,50-bp bin starting at position 850,850,899,44.0,72.0,3,3,0.977,0.873,76,104,GATCTTCAGCTTAAGCTGAGGCTTT,GCTGGAGAAGGCTGGGTAGGCCCGG
N218_bin_853,50-bp bin starting at position 853,853,902,48.0,72.0,3,3,0.971,0.873,79,63,CTTCAGCTTAAGCTGAGGCTTTGCT,GGAGAAGGCTGGGTAGGCCCGGCGT
N218_bin_863,50-bp bin starting at position 863,863,912,56.0,72.0,3,3,0.955,0.871,116,66,AGCTGAGGCTTTGCTGGAGAAGGCT,GGGTAGGCCCGGCGTCTTCCTCCTG
N218_bin_953,50-bp bin starting at position 953,953,1002,56.0,60.0,4,3,0.909,0.979,96,42,TTCTTCTTGTGCACCCCGTGGCCAT,GGGCGCCTGCAAGACTCAATTCCAG
N218_bin_969,50-bp bin starting at position 969,969,1018,68.0,48.0,3,2,0.951,0.979,54,55,CGTGGCCATGGGCGCCTGCAAGACT,CAATTCCAGAGCTTCACCTGGTTCA
N218_bin_973,50-bp bin starting at position 973,973,1022,60.0,56.0,3,2,0.979,0.993,50,72,GCCATGGGCGCCTGCAAGACTCAAT,TCCAGAGCTTCACCTGGTTCAGGAG
N218_bin_974,50-bp bin starting at position 974,974,1023,56.0,60.0,3,2,0.989,0.985,42,88,CCATGGGCGCCTGCAAGACTCAATT,CCAGAGCTTCACCTGGTTCAGGAGC
N218_bin_982,50-bp bin starting at position 982,982,1031,52.0,60.0,2,2,0.985,0.979,52,54,GCCTGCAAGACTCAATTCCAGAGCT,TCACCTGGTTCAGGAGCCTCCATGG
N218_bin_983,50-bp bin starting at position 983,983,1032,48.0,64.0,2,2,0.979,0.966,54,50,CCTGCAAGACTCAATTCCAGAGCTT,CACCTGGTTCAGGAGCCTCCATGGC
N218_bin_988,50-bp bin starting at position 988,988,1037,44.0,64.0,2,2,0.957,0.97,62,44,AAGACTCAATTCCAGAGCTTCACCT,GGTTCAGGAGCCTCCATGGCACCTG
N218_bin_991,50-bp bin starting at position 991,991,1040,48.0,64.0,2,2,0.979,0.97,46,62,ACTCAATTCCAGAGCTTCACCTGGT,TCAGGAGCCTCCATGGCACCTGAGG
N218_bin_992,50-bp bin starting at position 992,992,1041,48.0,64.0,2,2,0.97,0.97,44,58,CTCAATTCCAGAGCTTCACCTGGTT,CAGGAGCCTCCATGGCACCTGAGGT
N246_bin_11,50-bp bin starting at position 11,11,60,48.0,52.0,3,4,0.841,0.858,90,81,TCGCTGTTTACTTGGTTCTTGGCCT,CTTCGTCGCCGGGGTTTTCTTCATT
N246_bin_13,50-bp bin starting at position 13,13,62,48.0,48.0,3,4,0.841,0.841,98,76,GCTGTTTACTTGGTTCTTGGCCTCT,TCGTCGCCGGGGTTTTCTTCATTTT
N246_bin_14,50-bp bin starting at position 14,14,63,44.0,52.0,3,4,0.817,0.858,107,68,CTGTTTACTTGGTTCTTGGCCTCTT,CGTCGCCGGGGTTTTCTTCATTTTG
N246_bin_17,50-bp bin starting at position 17,17,66,44.0,44.0,3,4,0.817,0.817,105,85,TTTACTTGGTTCTTGGCCTCTTCGT,CGCCGGGGTTTTCTTCATTTTGTTT
N246_bin_53,50-bp bin starting at position 53,53,102,48.0,56.0,4,4,0.822,0.801,73,79,TCTTCATTTTGTTTGCCCGTCCGCT,TTTTCCCTTCCTCCGGCTCGTCATC
N246_bin_54,50-bp bin starting at position 54,54,103,48.0,56.0,4,3,0.822,0.855,79,81,CTTCATTTTGTTTGCCCGTCCGCTT,TTTCCCTTCCTCCGGCTCGTCATCA
N246_bin_55,50-bp bin starting at position 55,55,104,44.0,60.0,4,3,0.807,0.881,74,79,TTCATTTTGTTTGCCCGTCCGCTTT,TTCCCTTCCTCCGGCTCGTCATCAG
N246_bin_56,50-bp bin starting at position 56,56,105,44.0,60.0,4,3,0.807,0.913,85,61,TCATTTTGTTTGCCCGTCCGCTTTT,TCCCTTCCTCCGGCTCGTCATCAGA
N246_bin_89,50-bp bin starting at position 89,89,138,60.0,44.0,3,3,0.977,0.977,52,60,TCCGGCTCGTCATCAGAGGACCCAT,CTTCGTCAGAACTCAGGTTAGCTTT
N246_bin_91,50-bp bin starting at position 91,91,140,60.0,44.0,3,3,0.977,0.989,68,54,CGGCTCGTCATCAGAGGACCCATCT,TCGTCAGAACTCAGGTTAGCTTTGA
N246_bin_92,50-bp bin starting at position 92,92,141,56.0,44.0,3,3,0.989,0.989,64,52,GGCTCGTCATCAGAGGACCCATCTT,CGTCAGAACTCAGGTTAGCTTTGAT
N246_bin_102,50-bp bin starting at position 102,102,151,52.0,48.0,3,3,0.985,0.966,56,60,CAGAGGACCCATCTTCGTCAGAACT,CAGGTTAGCTTTGATTTCCTCCAGC
N246_bin_117,50-bp bin starting at position 117,117,166,44.0,48.0,3,4,0.989,0.926,52,61,CGTCAGAACTCAGGTTAGCTTTGAT,TTCCTCCAGCAACATTTTCTTCGCG
N246_bin_144,50-bp bin starting at position 144,144,193,48.0,44.0,4,2,0.944,0.955,52,81,CCTCCAGCAACATTTTCTTCGCGAT,TCTGTTCTCAGGATCATTGTCATCG
N246_bin_145,50-bp bin starting at position 145,145,194,44.0,44.0,4,2,0.944,0.955,56,75,CTCCAGCAACATTTTCTTCGCGATT,CTGTTCTCAGGATCATTGTCATCGT
N246_bin_147,50-bp bin starting at position 147,147,196,44.0,44.0,4,2,0.944,0.977,73,82,CCAGCAACATTTTCTTCGCGATTCT,GTTCTCAGGATCATTGTCATCGTCA
N246_bin_170,50-bp bin starting at position 170,170,219,44.0,64.0,2,4,0.955,0.97,75,124,CTGTTCTCAGGATCATTGTCATCGT,CATCGTCGTCGACAGTCACGGGGAC
N246_bin_200,50-bp bin starting at position 200,200,249,60.0,52.0,4,2,0.979,0.998,111,70,TCGTCGACAGTCACGGGGACAGACT,TAGACAGAGCTTCATCGCCGCTTGA
N246_bin_201,50-bp bin starting at position 201,201,250,60.0,52.0,4,2,0.979,0.998,103,74,CGTCGACAGTCACGGGGACAGACTT,AGACAGAGCTTCATCGCCGCTTGAT
N246_bin_222,50-bp bin starting at position 222,222,271,52.0,48.0,2,2,0.989,0.979,66,54,ACTTAGACAGAGCTTCATCGCCGCT,TGATTGACAGAAGCCAGTGTGGCTT
N246_bin_223,50-bp bin starting at position 223,223,272,52.0,52.0,2,2,0.985,0.971,75,54,CTTAGACAGAGCTTCATCGCCGCTT,GATTGACAGAAGCCAGTGTGGCTTG
N246_bin_226,50-bp bin starting at position 226,226,275,52.0,52.0,2,2,0.998,0.985,74,94,AGACAGAGCTTCATCGCCGCTTGAT,TGACAGAAGCCAGTGTGGCTTGACA
N246_bin_227,50-bp bin starting at position 227,227,276,52.0,52.0,2,2,0.993,0.97,68,72,GACAGAGCTTCATCGCCGCTTGATT,GACAGAAGCCAGTGTGGCTTGACAA
N246_bin_240,50-bp bin starting at position 240,240,289,56.0,44.0,2,4,0.993,0.993,76,52,CGCCGCTTGATTGACAGAAGCCAGT,GTGGCTTGACAACACCAAGTTTTCA
N246_bin_242,50-bp bin starting at position 242,242,291,52.0,44.0,2,4,0.998,0.993,64,58,CCGCTTGATTGACAGAAGCCAGTGT,GGCTTGACAACACCAAGTTTTCAGT
N246_bin_247,50-bp bin starting at position 247,247,296,48.0,44.0,2,4,0.979,0.966,54,89,TGATTGACAGAAGCCAGTGTGGCTT,GACAACACCAAGTTTTCAGTCACAG
N246_bin_260,50-bp bin starting at position 260,260,309,52.0,44.0,2,3,0.993,0.955,68,66,CCAGTGTGGCTTGACAACACCAAGT,TTTCAGTCACAGGCTTGATCTTCTG
N246_bin_261,50-bp bin starting at position 261,261,310,48.0,48.0,2,2,0.998,0.966,62,68,CAGTGTGGCTTGACAACACCAAGTT,TTCAGTCACAGGCTTGATCTTCTGC
N246_bin_262,50-bp bin starting at position 262,262,311,44.0,48.0,3,2,0.993,0.966,62,68,AGTGTGGCTTGACAACACCAAGTTT,TCAGTCACAGGCTTGATCTTCTGCT
N246_bin_263,50-bp bin starting at position 263,263,312,44.0,52.0,4,2,0.989,0.97,60,62,GTGTGGCTTGACAACACCAAGTTTT,CAGTCACAGGCTTGATCTTCTGCTC
N246_bin_267,50-bp bin starting at position 267,267,316,44.0,56.0,4,2,0.993,0.957,58,60,GGCTTGACAACACCAAGTTTTCAGT,CACAGGCTTGATCTTCTGCTCGTCG
N246_bin_275,50-bp bin starting at position 275,275,324,44.0,60.0,4,2,0.979,0.871,76,125,AACACCAAGTTTTCAGTCACAGGCT,TGATCTTCTGCTCGTCGCTGCTGCC
N246_bin_287,50-bp bin starting at position 287,287,336,48.0,68.0,2,3,0.966,0.914,68,114,TCAGTCACAGGCTTGATCTTCTGCT,CGTCGCTGCTGCCCTCGCCTATGGA
N246_bin_290,50-bp bin starting at position 290,290,339,52.0,60.0,2,3,0.953,0.953,54,98,GTCACAGGCTTGATCTTCTGCTCGT,CGCTGCTGCCCTCGCCTATGGAATT
N246_bin_294,50-bp bin starting at position 294,294,343,56.0,60.0,2,3,0.921,0.961,63,62,CAGGCTTGATCTTCTGCTCGTCGCT,GCTGCCCTCGCCTATGGAATTCTGG
N246_bin_297,50-bp bin starting at position 297,297,346,56.0,60.0,2,3,0.867,0.961,110,62,GCTTGATCTTCTGCTCGTCGCTGCT,GCCCTCGCCTATGGAATTCTGGTCG
N246_bin_314,50-bp bin starting at position 314,314,363,60.0,48.0,3,2,0.953,0.985,116,62,TCGCTGCTGCCCTCGCCTATGGAAT,TCTGGTCGTCATCCTCAATATCGGA
N246_bin_315,50-bp bin starting at position 315,315,364,60.0,52.0,3,2,0.953,0.993,98,60,CGCTGCTGCCCTCGCCTATGGAATT,CTGGTCGTCATCCTCAATATCGGAG
N246_bin_317,50-bp bin starting at position 317,317,366,56.0,52.0,3,2,0.944,0.998,68,68,CTGCTGCCCTCGCCTATGGAATTCT,GGTCGTCATCCTCAATATCGGAGGA
N246_bin_320,50-bp bin starting at position 320,320,369,56.0,52.0,3,2,0.957,0.998,60,70,CTGCCCTCGCCTATGGAATTCTGGT,CGTCATCCTCAATATCGGAGGAGCT
N246_bin_323,50-bp bin starting at position 323,323,372,56.0,52.0,3,2,0.957,0.993,56,65,CCCTCGCCTATGGAATTCTGGTCGT,CATCCTCAATATCGGAGGAGCTGGA
N246_bin_326,50-bp bin starting at position 326,326,375,48.0,52.0,2,2,0.971,0.993,52,57,TCGCCTATGGAATTCTGGTCGTCAT,CCTCAATATCGGAGGAGCTGGAACT
N246_bin_329,50-bp bin starting at position 329,329,378,48.0,52.0,2,2,0.966,0.966,54,77,CCTATGGAATTCTGGTCGTCATCCT,CAATATCGGAGGAGCTGGAACTGGT
N246_bin_333,50-bp bin starting at position 333,333,382,44.0,52.0,2,2,0.977,0.937,64,79,TGGAATTCTGGTCGTCATCCTCAAT,ATCGGAGGAGCTGGAACTGGTAATG
N246_bin_345,50-bp bin starting at position 345,345,394,52.0,48.0,2,4,0.998,0.951,70,50,CGTCATCCTCAATATCGGAGGAGCT,GGAACTGGTAATGTCGGCCTGTTTT
N246_bin_351,50-bp bin starting at position 351,351,400,52.0,44.0,2,4,0.993,0.923,57,56,CCTCAATATCGGAGGAGCTGGAACT,GGTAATGTCGGCCTGTTTTCTCTTA
N246_bin_354,50-bp bin starting at position 354,354,403,52.0,44.0,2,4,0.966,0.923,77,50,CAATATCGGAGGAGCTGGAACTGGT,AATGTCGGCCTGTTTTCTCTTAGTG
N246_bin_357,50-bp bin starting at position 357,357,406,48.0,48.0,2,4,0.953,0.841,81,56,TATCGGAGGAGCTGGAACTGGTAAT,GTCGGCCTGTTTTCTCTTAGTGCTT
N246_bin_359,50-bp bin starting at position 359,359,408,52.0,48.0,2,4,0.942,0.841,79,62,TCGGAGGAGCTGGAACTGGTAATGT,CGGCCTGTTTTCTCTTAGTGCTTGT
N246_bin_365,50-bp bin starting at position 365,365,414,56.0,48.0,2,4,0.977,0.896,54,54,GAGCTGGAACTGGTAATGTCGGCCT,GTTTTCTCTTAGTGCTTGTCCGGAG
N246_bin_367,50-bp bin starting at position 367,367,416,56.0,48.0,2,3,0.966,0.942,63,48,GCTGGAACTGGTAATGTCGGCCTGT,TTTCTCTTAGTGCTTGTCCGGAGCA
N246_bin_368,50-bp bin starting at position 368,368,417,52.0,48.0,2,2,0.97,0.942,59,46,CTGGAACTGGTAATGTCGGCCTGTT,TTCTCTTAGTGCTTGTCCGGAGCAT
N246_bin_369,50-bp bin starting at position 369,369,418,48.0,52.0,3,2,0.951,0.953,50,46,TGGAACTGGTAATGTCGGCCTGTTT,TCTCTTAGTGCTTGTCCGGAGCATG
N246_bin_370,50-bp bin starting at position 370,370,419,48.0,56.0,4,2,0.951,0.957,50,42,GGAACTGGTAATGTCGGCCTGTTTT,CTCTTAGTGCTTGTCCGGAGCATGG
N246_bin_372,50-bp bin starting at position 372,372,421,44.0,56.0,4,2,0.955,0.944,54,46,AACTGGTAATGTCGGCCTGTTTTCT,CTTAGTGCTTGTCCGGAGCATGGTG
N246_bin_374,50-bp bin starting at position 374,374,423,48.0,60.0,4,2,0.9,0.937,60,42,CTGGTAATGTCGGCCTGTTTTCTCT,TAGTGCTTGTCCGGAGCATGGTGGC
N252_bin_24,50-bp bin starting at position 24,24,73,52.0,60.0,2,3,0.993,0.871,76,91,TAGGAGCGCTCTTCATCTCAGGACT,GCTCATGGGTCTCTTGTTGGCTGGC
N252_bin_27,50-bp bin starting at position 27,27,76,56.0,52.0,2,3,0.979,0.849,60,109,GAGCGCTCTTCATCTCAGGACTGCT,CATGGGTCTCTTGTTGGCTGGCTTT
N252_bin_38,50-bp bin starting at position 38,38,87,52.0,48.0,3,3,0.979,0.896,78,114,ATCTCAGGACTGCTCATGGGTCTCT,TGTTGGCTGGCTTTGTTCCTGAACT
N252_bin_39,50-bp bin starting at position 39,39,88,52.0,52.0,3,3,0.953,0.905,74,103,TCTCAGGACTGCTCATGGGTCTCTT,GTTGGCTGGCTTTGTTCCTGAACTG
N252_bin_41,50-bp bin starting at position 41,41,90,52.0,52.0,3,3,0.953,0.914,54,99,TCAGGACTGCTCATGGGTCTCTTGT,TGGCTGGCTTTGTTCCTGAACTGTC
N252_bin_42,50-bp bin starting at position 42,42,91,52.0,56.0,3,3,0.953,0.925,50,83,CAGGACTGCTCATGGGTCTCTTGTT,GGCTGGCTTTGTTCCTGAACTGTCC
N252_bin_46,50-bp bin starting at position 46,46,95,52.0,52.0,3,3,0.914,0.914,72,84,ACTGCTCATGGGTCTCTTGTTGGCT,GGCTTTGTTCCTGAACTGTCCTTGC
N252_bin_50,50-bp bin starting at position 50,50,99,56.0,44.0,3,2,0.867,0.879,109,106,CTCATGGGTCTCTTGTTGGCTGGCT,TTGTTCCTGAACTGTCCTTGCTTGT
N252_bin_51,50-bp bin starting at position 51,51,100,52.0,48.0,3,2,0.849,0.896,109,109,TCATGGGTCTCTTGTTGGCTGGCTT,TGTTCCTGAACTGTCCTTGCTTGTC
N252_bin_52,50-bp bin starting at position 52,52,101,52.0,48.0,3,2,0.849,0.896,109,106,CATGGGTCTCTTGTTGGCTGGCTTT,GTTCCTGAACTGTCCTTGCTTGTCT
N252_bin_63,50-bp bin starting at position 63,63,112,48.0,56.0,3,2,0.896,0.909,114,96,TGTTGGCTGGCTTTGTTCCTGAACT,GTCCTTGCTTGTCTCCTGCAGCCAT
N252_bin_65,50-bp bin starting at position 65,65,114,48.0,56.0,3,2,0.896,0.887,103,80,TTGGCTGGCTTTGTTCCTGAACTGT,CCTTGCTTGTCTCCTGCAGCCATCT
N252_bin_68,50-bp bin starting at position 68,68,117,52.0,56.0,3,2,0.914,0.944,81,54,GCTGGCTTTGTTCCTGAACTGTCCT,TGCTTGTCTCCTGCAGCCATCTGAC
N252_bin_69,50-bp bin starting at position 69,69,118,48.0,60.0,3,2,0.896,0.937,79,48,CTGGCTTTGTTCCTGAACTGTCCTT,GCTTGTCTCCTGCAGCCATCTGACC
N252_bin_72,50-bp bin starting at position 72,72,121,48.0,60.0,3,2,0.896,0.953,92,65,GCTTTGTTCCTGAACTGTCCTTGCT,TGTCTCCTGCAGCCATCTGACCTGG
N252_bin_73,50-bp bin starting at position 73,73,122,44.0,64.0,3,3,0.869,0.953,87,67,CTTTGTTCCTGAACTGTCCTTGCTT,GTCTCCTGCAGCCATCTGACCTGGG
N252_bin_75,50-bp bin starting at position 75,75,124,44.0,64.0,2,3,0.879,0.953,106,61,TTGTTCCTGAACTGTCCTTGCTTGT,CTCCTGCAGCCATCTGACCTGGGTG
N252_bin_77,50-bp bin starting at position 77,77,126,48.0,68.0,2,3,0.896,0.944,106,65,GTTCCTGAACTGTCCTTGCTTGTCT,CCTGCAGCCATCTGACCTGGGTGGC
N252_bin_80,50-bp bin starting at position 80,80,129,52.0,68.0,2,3,0.887,0.937,109,62,CCTGAACTGTCCTTGCTTGTCTCCT,GCAGCCATCTGACCTGGGTGGCTGG
N252_bin_88,50-bp bin starting at position 88,88,137,56.0,72.0,2,3,0.909,0.896,96,94,GTCCTTGCTTGTCTCCTGCAGCCAT,CTGACCTGGGTGGCTGGGCCGTAGC
N252_bin_95,50-bp bin starting at position 95,95,144,56.0,68.0,2,4,0.922,0.871,54,70,CTTGTCTCCTGCAGCCATCTGACCT,GGGTGGCTGGGCCGTAGCCCTTTTC
N252_bin_99,50-bp bin starting at position 99,99,148,60.0,60.0,3,4,0.953,0.929,67,58,TCTCCTGCAGCCATCTGACCTGGGT,GGCTGGGCCGTAGCCCTTTTCATTC
N252_bin_103,50-bp bin starting at position 103,103,152,64.0,60.0,3,4,0.957,0.929,51,58,CTGCAGCCATCTGACCTGGGTGGCT,GGGCCGTAGCCCTTTTCATTCCTGG
N252_bin_110,50-bp bin starting at position 110,110,159,68.0,56.0,3,4,0.914,0.957,92,78,CATCTGACCTGGGTGGCTGGGCCGT,AGCCCTTTTCATTCCTGGCGGCGAT
N252_bin_116,50-bp bin starting at position 116,116,165,72.0,48.0,3,3,0.905,0.985,105,86,ACCTGGGTGGCTGGGCCGTAGCCCT,TTTCATTCCTGGCGGCGATCCTAAA
N252_bin_117,50-bp bin starting at position 117,117,166,72.0,52.0,3,3,0.867,0.993,105,84,CCTGGGTGGCTGGGCCGTAGCCCTT,TTCATTCCTGGCGGCGATCCTAAAG
N252_bin_118,50-bp bin starting at position 118,118,167,68.0,52.0,3,3,0.871,0.998,101,78,CTGGGTGGCTGGGCCGTAGCCCTTT,TCATTCCTGGCGGCGATCCTAAAGA
N252_bin_119,50-bp bin starting at position 119,119,168,64.0,52.0,4,3,0.867,0.998,83,84,TGGGTGGCTGGGCCGTAGCCCTTTT,CATTCCTGGCGGCGATCCTAAAGAT
N252_bin_122,50-bp bin starting at position 122,122,171,60.0,52.0,4,3,0.929,0.998,60,93,GTGGCTGGGCCGTAGCCCTTTTCAT,TCCTGGCGGCGATCCTAAAGATGAT
N252_bin_123,50-bp bin starting at position 123,123,172,56.0,56.0,4,3,0.925,0.989,58,91,TGGCTGGGCCGTAGCCCTTTTCATT,CCTGGCGGCGATCCTAAAGATGATG
N252_bin_126,50-bp bin starting at position 126,126,175,56.0,56.0,4,3,0.909,0.977,58,86,CTGGGCCGTAGCCCTTTTCATTCCT,GGCGGCGATCCTAAAGATGATGGCT
N252_bin_135,50-bp bin starting at position 135,135,184,56.0,44.0,4,3,0.957,0.957,78,85,AGCCCTTTTCATTCCTGGCGGCGAT,CCTAAAGATGATGGCTGGTTTGGTA
N252_bin_138,50-bp bin starting at position 138,138,187,56.0,44.0,4,3,0.909,0.867,97,85,CCTTTTCATTCCTGGCGGCGATCCT,AAAGATGATGGCTGGTTTGGTAGTG
N252_bin_144,50-bp bin starting at position 144,144,193,52.0,48.0,3,3,0.998,0.887,84,63,CATTCCTGGCGGCGATCCTAAAGAT,GATGGCTGGTTTGGTAGTGTAATCG
N252_bin_147,50-bp bin starting at position 147,147,196,52.0,48.0,3,3,0.998,0.887,93,60,TCCTGGCGGCGATCCTAAAGATGAT,GGCTGGTTTGGTAGTGTAATCGATG
N252_bin_151,50-bp bin starting at position 151,151,200,56.0,48.0,3,3,0.977,0.83,86,68,GGCGGCGATCCTAAAGATGATGGCT,GGTTTGGTAGTGTAATCGATGTGGG
N252_bin_154,50-bp bin starting at position 154,154,203,52.0,48.0,3,3,0.971,0.887,71,60,GGCGATCCTAAAGATGATGGCTGGT,TTGGTAGTGTAATCGATGTGGGCGT
N252_bin_155,50-bp bin starting at position 155,155,204,48.0,48.0,3,3,0.979,0.887,63,60,GCGATCCTAAAGATGATGGCTGGTT,TGGTAGTGTAATCGATGTGGGCGTT
N252_bin_156,50-bp bin starting at position 156,156,205,44.0,52.0,3,3,0.979,0.881,63,54,CGATCCTAAAGATGATGGCTGGTTT,GGTAGTGTAATCGATGTGGGCGTTG
N252_bin_159,50-bp bin starting at position 159,159,208,44.0,52.0,3,3,0.944,0.896,81,56,TCCTAAAGATGATGGCTGGTTTGGT,AGTGTAATCGATGTGGGCGTTGGAG
N252_bin_164,50-bp bin starting at position 164,164,213,44.0,52.0,3,3,0.855,0.942,83,62,AAGATGATGGCTGGTTTGGTAGTGT,AATCGATGTGGGCGTTGGAGAGACT
N252_bin_171,50-bp bin starting at position 171,171,220,44.0,56.0,3,3,0.887,0.923,63,71,TGGCTGGTTTGGTAGTGTAATCGAT,GTGGGCGTTGGAGAGACTAGATGAC
N252_bin_173,50-bp bin starting at position 173,173,222,44.0,56.0,3,3,0.887,0.923,66,79,GCTGGTTTGGTAGTGTAATCGATGT,GGGCGTTGGAGAGACTAGATGACTG
N252_bin_179,50-bp bin starting at position 179,179,228,48.0,48.0,3,2,0.887,0.926,60,90,TTGGTAGTGTAATCGATGTGGGCGT,TGGAGAGACTAGATGACTGAACGAG
N252_bin_180,50-bp bin starting at position 180,180,229,48.0,52.0,3,2,0.887,0.897,60,92,TGGTAGTGTAATCGATGTGGGCGTT,GGAGAGACTAGATGACTGAACGAGG
N252_bin_189,50-bp bin starting at position 189,189,238,52.0,48.0,3,2,0.942,0.97,62,54,AATCGATGTGGGCGTTGGAGAGACT,AGATGACTGAACGAGGCAACTTGGT
N252_bin_193,50-bp bin starting at position 193,193,242,52.0,52.0,3,2,0.9,0.966,71,52,GATGTGGGCGTTGGAGAGACTAGAT,GACTGAACGAGGCAACTTGGTGATG
N252_bin_197,50-bp bin starting at position 197,197,246,52.0,56.0,3,2,0.942,0.966,85,42,TGGGCGTTGGAGAGACTAGATGACT,GAACGAGGCAACTTGGTGATGGACC
N252_bin_210,50-bp bin starting at position 210,210,259,48.0,56.0,2,2,0.966,0.983,71,64,GACTAGATGACTGAACGAGGCAACT,TGGTGATGGACCACAATACACGCGC
N252_bin_211,50-bp bin starting at position 211,211,260,44.0,56.0,2,2,0.977,0.961,55,58,ACTAGATGACTGAACGAGGCAACTT,GGTGATGGACCACAATACACGCGCA
N252_bin_214,50-bp bin starting at position 214,214,263,48.0,48.0,2,2,0.97,0.937,54,66,AGATGACTGAACGAGGCAACTTGGT,GATGGACCACAATACACGCGCATAA
N252_bin_217,50-bp bin starting at position 217,217,266,48.0,48.0,2,4,0.979,0.896,55,70,TGACTGAACGAGGCAACTTGGTGAT,GGACCACAATACACGCGCATAAAAG
N252_bin_227,50-bp bin starting at position 227,227,276,48.0,56.0,2,4,0.985,0.925,48,78,AGGCAACTTGGTGATGGACCACAAT,ACACGCGCATAAAAGCAAGCTGGGC
N252_bin_237,50-bp bin starting at position 237,237,286,52.0,52.0,2,4,0.979,0.922,56,118,GTGATGGACCACAATACACGCGCAT,AAAAGCAAGCTGGGCTGGAGTTGAG
N252_bin_248,50-bp bin starting at position 248,248,297,44.0,52.0,4,3,0.913,0.922,96,78,CAATACACGCGCATAAAAGCAAGCT,GGGCTGGAGTTGAGGATTTCAGTTC
N252_bin_253,50-bp bin starting at position 253,253,302,56.0,52.0,4,4,0.961,0.993,84,86,CACGCGCATAAAAGCAAGCTGGGCT,GGAGTTGAGGATTTCAGTTCCCCAC
N252_bin_258,50-bp bin starting at position 258,258,307,52.0,52.0,4,4,0.951,0.985,116,58,GCATAAAAGCAAGCTGGGCTGGAGT,TGAGGATTTCAGTTCCCCACCAGCT
N252_bin_259,50-bp bin starting at position 259,259,308,48.0,52.0,4,4,0.97,0.985,108,60,CATAAAAGCAAGCTGGGCTGGAGTT,GAGGATTTCAGTTCCCCACCAGCTT
N252_bin_265,50-bp bin starting at position 265,265,314,56.0,56.0,3,4,0.923,0.945,100,68,AGCAAGCTGGGCTGGAGTTGAGGAT,TTCAGTTCCCCACCAGCTTGACTGC
N252_bin_266,50-bp bin starting at position 266,266,315,56.0,56.0,3,4,0.923,0.945,96,68,GCAAGCTGGGCTGGAGTTGAGGATT,TCAGTTCCCCACCAGCTTGACTGCT
N252_bin_267,50-bp bin starting at position 267,267,316,52.0,60.0,3,4,0.937,0.931,96,68,CAAGCTGGGCTGGAGTTGAGGATTT,CAGTTCCCCACCAGCTTGACTGCTC
N252_bin_271,50-bp bin starting at position 271,271,320,52.0,56.0,3,4,0.922,0.945,78,62,CTGGGCTGGAGTTGAGGATTTCAGT,TCCCCACCAGCTTGACTGCTCTGTA
N252_bin_272,50-bp bin starting at position 272,272,321,48.0,56.0,3,4,0.887,0.945,76,58,TGGGCTGGAGTTGAGGATTTCAGTT,CCCCACCAGCTTGACTGCTCTGTAT
N252_bin_283,50-bp bin starting at position 283,283,332,52.0,48.0,4,2,0.985,0.985,58,62,TGAGGATTTCAGTTCCCCACCAGCT,TGACTGCTCTGTATGGCCAGGTATA
N252_bin_284,50-bp bin starting at position 284,284,333,52.0,52.0,4,2,0.985,0.993,60,64,GAGGATTTCAGTTCCCCACCAGCTT,GACTGCTCTGTATGGCCAGGTATAC
N252_bin_288,50-bp bin starting at position 288,288,337,48.0,52.0,4,2,0.944,0.989,62,66,ATTTCAGTTCCCCACCAGCTTGACT,GCTCTGTATGGCCAGGTATACAGAG
N252_bin_291,50-bp bin starting at position 291,291,340,56.0,48.0,4,2,0.945,0.993,68,75,TCAGTTCCCCACCAGCTTGACTGCT,CTGTATGGCCAGGTATACAGAGTAC
N252_bin_293,50-bp bin starting at position 293,293,342,56.0,48.0,4,2,0.945,0.993,62,71,AGTTCCCCACCAGCTTGACTGCTCT,GTATGGCCAGGTATACAGAGTACTC
N252_bin_295,50-bp bin starting at position 295,295,344,56.0,48.0,4,2,0.922,0.985,66,54,TTCCCCACCAGCTTGACTGCTCTGT,ATGGCCAGGTATACAGAGTACTCGA
N252_bin_297,50-bp bin starting at position 297,297,346,56.0,52.0,4,2,0.945,0.985,58,54,CCCCACCAGCTTGACTGCTCTGTAT,GGCCAGGTATACAGAGTACTCGATG
N252_bin_307,50-bp bin starting at position 307,307,356,48.0,44.0,2,2,0.966,0.979,60,50,TTGACTGCTCTGTATGGCCAGGTAT,ACAGAGTACTCGATGATCTTACCAC
N252_bin_314,50-bp bin starting at position 314,314,363,48.0,44.0,2,2,0.993,0.983,64,54,CTCTGTATGGCCAGGTATACAGAGT,ACTCGATGATCTTACCACTAGTGAC
N252_bin_317,50-bp bin starting at position 317,317,366,44.0,48.0,2,2,0.983,0.993,75,46,TGTATGGCCAGGTATACAGAGTACT,CGATGATCTTACCACTAGTGACGCT
N252_bin_321,50-bp bin starting at position 321,321,370,48.0,56.0,2,4,0.993,0.989,54,36,TGGCCAGGTATACAGAGTACTCGAT,GATCTTACCACTAGTGACGCTGGGG
N252_bin_371,50-bp bin starting at position 371,371,420,68.0,48.0,3,4,0.944,0.951,48,66,GGCTCCCAGGTCAGATGTGCGCCGT,CGGGGCTCTTAGATATTTTGATGGC
N252_bin_380,50-bp bin starting at position 380,380,429,68.0,44.0,4,4,0.914,0.979,50,60,GTCAGATGTGCGCCGTCGGGGCTCT,TAGATATTTTGATGGCACACGGTGC
N252_bin_381,50-bp bin starting at position 381,381,430,64.0,44.0,4,4,0.925,0.979,42,56,TCAGATGTGCGCCGTCGGGGCTCTT,AGATATTTTGATGGCACACGGTGCT
N252_bin_385,50-bp bin starting at position 385,385,434,60.0,52.0,4,4,0.953,0.993,44,46,ATGTGCGCCGTCGGGGCTCTTAGAT,ATTTTGATGGCACACGGTGCTCCAG
N252_bin_387,50-bp bin starting at position 387,387,436,60.0,56.0,4,3,0.953,0.989,44,40,GTGCGCCGTCGGGGCTCTTAGATAT,TTTGATGGCACACGGTGCTCCAGGA
N252_bin_388,50-bp bin starting at position 388,388,437,56.0,56.0,4,2,0.957,0.989,44,36,TGCGCCGTCGGGGCTCTTAGATATT,TTGATGGCACACGGTGCTCCAGGAA
N252_bin_389,50-bp bin starting at position 389,389,438,56.0,56.0,4,3,0.957,0.979,46,40,GCGCCGTCGGGGCTCTTAGATATTT,TGATGGCACACGGTGCTCCAGGAAA
N252_bin_390,50-bp bin starting at position 390,390,439,52.0,60.0,4,3,0.953,0.953,52,42,CGCCGTCGGGGCTCTTAGATATTTT,GATGGCACACGGTGCTCCAGGAAAG
N252_bin_393,50-bp bin starting at position 393,393,442,44.0,68.0,4,3,0.945,0.921,58,42,CGTCGGGGCTCTTAGATATTTTGAT,GGCACACGGTGCTCCAGGAAAGCCC
N252_bin_406,50-bp bin starting at position 406,406,455,44.0,56.0,4,3,0.979,0.979,56,72,AGATATTTTGATGGCACACGGTGCT,CCAGGAAAGCCCGGAAGGCATGTTT
N252_bin_431,50-bp bin starting at position 431,431,480,56.0,44.0,3,4,0.979,0.977,72,73,CCAGGAAAGCCCGGAAGGCATGTTT,TAAAAGCACTGATCTCGCTAAAGGG
N252_bin_432,50-bp bin starting at position 432,432,481,52.0,48.0,4,4,0.985,0.971,78,57,CAGGAAAGCCCGGAAGGCATGTTTT,AAAAGCACTGATCTCGCTAAAGGGC
N252_bin_441,50-bp bin starting at position 441,441,490,44.0,60.0,4,3,0.989,0.971,54,50,CCGGAAGGCATGTTTTAAAAGCACT,GATCTCGCTAAAGGGCCCTCTTCCG
N252_bin_460,50-bp bin starting at position 460,460,509,56.0,60.0,3,3,0.989,0.961,34,54,AGCACTGATCTCGCTAAAGGGCCCT,CTTCCGCAAGCATTGATCCCGGCCA
N252_bin_462,50-bp bin starting at position 462,462,511,56.0,64.0,3,3,0.977,0.936,44,52,CACTGATCTCGCTAAAGGGCCCTCT,TCCGCAAGCATTGATCCCGGCCACC
N252_bin_463,50-bp bin starting at position 463,463,512,52.0,68.0,3,3,0.985,0.902,44,50,ACTGATCTCGCTAAAGGGCCCTCTT,CCGCAAGCATTGATCCCGGCCACCC
N252_bin_473,50-bp bin starting at position 473,473,522,56.0,52.0,3,3,0.977,0.966,52,54,CTAAAGGGCCCTCTTCCGCAAGCAT,TGATCCCGGCCACCCGAAACTTATA
N252_bin_474,50-bp bin starting at position 474,474,523,52.0,56.0,3,3,0.989,0.945,54,56,TAAAGGGCCCTCTTCCGCAAGCATT,GATCCCGGCCACCCGAAACTTATAC
N252_bin_477,50-bp bin starting at position 477,477,526,56.0,60.0,3,3,0.989,0.913,46,58,AGGGCCCTCTTCCGCAAGCATTGAT,CCCGGCCACCCGAAACTTATACGCA
N252_bin_494,50-bp bin starting at position 494,494,543,60.0,60.0,3,3,0.955,0.979,58,62,GCATTGATCCCGGCCACCCGAAACT,TATACGCAGTGCCGGGTTGCAGCTC
N252_bin_495,50-bp bin starting at position 495,495,544,56.0,64.0,3,3,0.955,0.97,58,62,CATTGATCCCGGCCACCCGAAACTT,ATACGCAGTGCCGGGTTGCAGCTCC
N252_bin_497,50-bp bin starting at position 497,497,546,52.0,68.0,3,3,0.971,0.944,54,68,TTGATCCCGGCCACCCGAAACTTAT,ACGCAGTGCCGGGTTGCAGCTCCTG
N252_bin_526,50-bp bin starting at position 526,526,575,56.0,44.0,4,3,0.921,0.957,60,66,AGTGCCGGGTTGCAGCTCCTGTTTT,TTGAGTTGATTATAGTCGGGCACAG
N252_bin_552,50-bp bin starting at position 552,552,601,44.0,72.0,3,4,0.957,0.922,55,117,TGAGTTGATTATAGTCGGGCACAGT,CCCCAGGTCGTCGTCACTGGGCACG
N252_bin_560,50-bp bin starting at position 560,560,609,56.0,68.0,4,3,0.993,0.944,70,122,TTATAGTCGGGCACAGTCCCCAGGT,CGTCGTCACTGGGCACGGCATCGTC
N252_bin_563,50-bp bin starting at position 563,563,612,64.0,68.0,4,3,0.97,0.951,91,110,TAGTCGGGCACAGTCCCCAGGTCGT,CGTCACTGGGCACGGCATCGTCAGG
N252_bin_617,50-bp bin starting at position 617,617,666,48.0,52.0,2,3,0.985,0.966,44,32,AGGAAGTAATGCGTGACCATCACGT,TAGTGCCCTTGATCACTCCAACGTC
N252_bin_618,50-bp bin starting at position 618,618,667,48.0,56.0,2,3,0.993,0.977,40,36,GGAAGTAATGCGTGACCATCACGTT,AGTGCCCTTGATCACTCCAACGTCG
N252_bin_621,50-bp bin starting at position 621,621,670,44.0,56.0,2,3,0.993,0.955,48,44,AGTAATGCGTGACCATCACGTTAGT,GCCCTTGATCACTCCAACGTCGAAC
N252_bin_626,50-bp bin starting at position 626,626,675,56.0,48.0,3,2,0.979,0.979,52,54,TGCGTGACCATCACGTTAGTGCCCT,TGATCACTCCAACGTCGAACCATTG
N252_bin_627,50-bp bin starting at position 627,627,676,56.0,52.0,3,2,0.979,0.985,48,50,GCGTGACCATCACGTTAGTGCCCTT,GATCACTCCAACGTCGAACCATTGG
N252_bin_630,50-bp bin starting at position 630,630,679,48.0,52.0,3,2,0.985,0.971,42,50,TGACCATCACGTTAGTGCCCTTGAT,CACTCCAACGTCGAACCATTGGTTC
N252_bin_634,50-bp bin starting at position 634,634,683,48.0,48.0,3,2,0.97,0.97,82,58,CATCACGTTAGTGCCCTTGATCACT,CCAACGTCGAACCATTGGTTCTCTT
N252_bin_734,50-bp bin starting at position 734,734,783,48.0,64.0,3,2,0.979,0.942,54,104,AGACTTTCGATCCCATTAGCGACCT,CTGTGAGTGTTGCGGCGGCCTGCAA
N252_bin_736,50-bp bin starting at position 736,736,785,48.0,60.0,3,2,0.944,0.937,46,90,ACTTTCGATCCCATTAGCGACCTCT,GTGAGTGTTGCGGCGGCCTGCAATT
N252_bin_738,50-bp bin starting at position 738,738,787,48.0,56.0,3,3,0.951,0.966,40,82,TTTCGATCCCATTAGCGACCTCTGT,GAGTGTTGCGGCGGCCTGCAATTTA
N252_bin_742,50-bp bin starting at position 742,742,791,52.0,60.0,3,3,0.993,0.971,36,92,GATCCCATTAGCGACCTCTGTGAGT,GTTGCGGCGGCCTGCAATTTAGCAG
N252_bin_744,50-bp bin starting at position 744,744,793,52.0,64.0,3,3,0.979,0.955,46,94,TCCCATTAGCGACCTCTGTGAGTGT,TGCGGCGGCCTGCAATTTAGCAGGG
N252_bin_745,50-bp bin starting at position 745,745,794,52.0,68.0,3,4,0.979,0.931,46,92,CCCATTAGCGACCTCTGTGAGTGTT,GCGGCGGCCTGCAATTTAGCAGGGG
N252_bin_755,50-bp bin starting at position 755,755,804,64.0,56.0,2,4,0.925,0.979,100,50,ACCTCTGTGAGTGTTGCGGCGGCCT,GCAATTTAGCAGGGGATGCCACGAC
N252_bin_760,50-bp bin starting at position 760,760,809,60.0,60.0,2,4,0.937,0.971,94,88,TGTGAGTGTTGCGGCGGCCTGCAAT,TTAGCAGGGGATGCCACGACGACTG
N252_bin_761,50-bp bin starting at position 761,761,810,60.0,64.0,2,4,0.937,0.942,90,90,GTGAGTGTTGCGGCGGCCTGCAATT,TAGCAGGGGATGCCACGACGACTGG
N252_bin_762,50-bp bin starting at position 762,762,811,56.0,68.0,3,4,0.944,0.914,84,92,TGAGTGTTGCGGCGGCCTGCAATTT,AGCAGGGGATGCCACGACGACTGGC
N252_bin_784,50-bp bin starting at position 784,784,833,56.0,60.0,4,4,0.989,0.955,88,48,TTTAGCAGGGGATGCCACGACGACT,GGCTGGGGTGCCACGAATGTGTTAC
N252_bin_788,50-bp bin starting at position 788,788,837,68.0,60.0,4,4,0.937,0.955,92,46,GCAGGGGATGCCACGACGACTGGCT,GGGGTGCCACGAATGTGTTACTCGG
N252_bin_793,50-bp bin starting at position 793,793,842,68.0,56.0,4,2,0.931,0.993,110,64,GGATGCCACGACGACTGGCTGGGGT,GCCACGAATGTGTTACTCGGTGCCA
N252_bin_802,50-bp bin starting at position 802,802,851,64.0,52.0,4,3,0.955,0.993,90,36,GACGACTGGCTGGGGTGCCACGAAT,GTGTTACTCGGTGCCAAAGATTCCG
N252_bin_804,50-bp bin starting at position 804,804,853,64.0,48.0,4,3,0.955,0.989,72,34,CGACTGGCTGGGGTGCCACGAATGT,GTTACTCGGTGCCAAAGATTCCGTT
N252_bin_806,50-bp bin starting at position 806,806,855,60.0,52.0,4,3,0.955,0.993,74,38,ACTGGCTGGGGTGCCACGAATGTGT,TACTCGGTGCCAAAGATTCCGTTGC
N252_bin_807,50-bp bin starting at position 807,807,856,60.0,52.0,4,3,0.937,0.998,70,42,CTGGCTGGGGTGCCACGAATGTGTT,ACTCGGTGCCAAAGATTCCGTTGCA
N252_bin_810,50-bp bin starting at position 810,810,859,56.0,52.0,4,3,0.966,0.998,50,44,GCTGGGGTGCCACGAATGTGTTACT,CGGTGCCAAAGATTCCGTTGCAGTA
N252_bin_814,50-bp bin starting at position 814,814,863,56.0,48.0,3,3,0.966,0.998,46,34,GGGTGCCACGAATGTGTTACTCGGT,GCCAAAGATTCCGTTGCAGTACTAG
N252_bin_823,50-bp bin starting at position 823,823,872,44.0,56.0,3,2,0.983,0.989,38,88,GAATGTGTTACTCGGTGCCAAAGAT,TCCGTTGCAGTACTAGGCAGCAGTG
N252_bin_828,50-bp bin starting at position 828,828,877,48.0,60.0,3,2,0.989,0.979,30,100,TGTTACTCGGTGCCAAAGATTCCGT,TGCAGTACTAGGCAGCAGTGCCACG
N252_bin_829,50-bp bin starting at position 829,829,878,48.0,64.0,3,2,0.989,0.953,34,94,GTTACTCGGTGCCAAAGATTCCGTT,GCAGTACTAGGCAGCAGTGCCACGG
N252_bin_834,50-bp bin starting at position 834,834,883,52.0,56.0,3,2,0.993,0.979,48,62,TCGGTGCCAAAGATTCCGTTGCAGT,ACTAGGCAGCAGTGCCACGGTAGAT
N252_bin_837,50-bp bin starting at position 837,837,886,48.0,60.0,3,2,0.998,0.955,40,62,GTGCCAAAGATTCCGTTGCAGTACT,AGGCAGCAGTGCCACGGTAGATGGT
N252_bin_847,50-bp bin starting at position 847,847,896,52.0,56.0,2,2,0.993,0.989,88,75,TTCCGTTGCAGTACTAGGCAGCAGT,GCCACGGTAGATGGTACAGTACCTG
N252_bin_855,50-bp bin starting at position 855,855,904,60.0,56.0,2,2,0.979,0.989,77,58,CAGTACTAGGCAGCAGTGCCACGGT,AGATGGTACAGTACCTGCGAGCTCG
N252_bin_859,50-bp bin starting at position 859,859,908,56.0,56.0,2,2,0.979,0.993,62,58,ACTAGGCAGCAGTGCCACGGTAGAT,GGTACAGTACCTGCGAGCTCGTTCA
N252_bin_862,50-bp bin starting at position 862,862,911,60.0,56.0,2,2,0.955,0.989,62,46,AGGCAGCAGTGCCACGGTAGATGGT,ACAGTACCTGCGAGCTCGTTCAGAC
N252_bin_867,50-bp bin starting at position 867,867,916,56.0,56.0,2,2,0.977,0.993,80,58,GCAGTGCCACGGTAGATGGTACAGT,ACCTGCGAGCTCGTTCAGACAGTTG
N252_bin_871,50-bp bin starting at position 871,871,920,52.0,56.0,2,2,0.998,0.989,75,62,TGCCACGGTAGATGGTACAGTACCT,GCGAGCTCGTTCAGACAGTTGGACT
N252_bin_878,50-bp bin starting at position 878,878,927,52.0,56.0,2,2,0.989,0.989,61,66,GTAGATGGTACAGTACCTGCGAGCT,CGTTCAGACAGTTGGACTCGATGGC
N252_bin_881,50-bp bin starting at position 881,881,930,56.0,60.0,2,2,0.989,0.977,58,54,GATGGTACAGTACCTGCGAGCTCGT,TCAGACAGTTGGACTCGATGGCCGG
N252_bin_882,50-bp bin starting at position 882,882,931,52.0,64.0,2,3,0.993,0.955,54,52,ATGGTACAGTACCTGCGAGCTCGTT,CAGACAGTTGGACTCGATGGCCGGG
N252_bin_890,50-bp bin starting at position 890,890,939,56.0,60.0,2,3,0.993,0.955,46,38,GTACCTGCGAGCTCGTTCAGACAGT,TGGACTCGATGGCCGGGTCATTGAG
N252_bin_891,50-bp bin starting at position 891,891,940,52.0,60.0,2,3,0.993,0.961,54,32,TACCTGCGAGCTCGTTCAGACAGTT,GGACTCGATGGCCGGGTCATTGAGA
N252_bin_896,50-bp bin starting at position 896,896,945,56.0,56.0,2,3,0.989,0.977,62,56,GCGAGCTCGTTCAGACAGTTGGACT,CGATGGCCGGGTCATTGAGAGAATC
N252_bin_900,50-bp bin starting at position 900,900,949,52.0,64.0,2,3,0.993,0.955,78,84,GCTCGTTCAGACAGTTGGACTCGAT,GGCCGGGTCATTGAGAGAATCGGCC
N252_bin_908,50-bp bin starting at position 908,908,957,60.0,56.0,3,2,0.961,0.944,46,69,AGACAGTTGGACTCGATGGCCGGGT,CATTGAGAGAATCGGCCGGAGCAAG
N252_bin_911,50-bp bin starting at position 911,911,960,60.0,64.0,3,3,0.971,0.896,42,73,CAGTTGGACTCGATGGCCGGGTCAT,TGAGAGAATCGGCCGGAGCAAGGGC
N252_bin_912,50-bp bin starting at position 912,912,961,56.0,64.0,3,3,0.966,0.896,42,73,AGTTGGACTCGATGGCCGGGTCATT,GAGAGAATCGGCCGGAGCAAGGGCT
N252_bin_920,50-bp bin starting at position 920,920,969,52.0,72.0,3,3,0.971,0.896,56,51,TCGATGGCCGGGTCATTGAGAGAAT,CGGCCGGAGCAAGGGCTTCGGTAGG
N252_bin_937,50-bp bin starting at position 937,937,986,64.0,56.0,3,2,0.896,0.945,73,66,GAGAGAATCGGCCGGAGCAAGGGCT,TCGGTAGGCAAGTGATGGTGCTGCT
N252_bin_938,50-bp bin starting at position 938,938,987,60.0,60.0,3,2,0.937,0.931,60,92,AGAGAATCGGCCGGAGCAAGGGCTT,CGGTAGGCAAGTGATGGTGCTGCTG
N252_bin_942,50-bp bin starting at position 942,942,991,64.0,56.0,3,2,0.955,0.913,63,94,AATCGGCCGGAGCAAGGGCTTCGGT,AGGCAAGTGATGGTGCTGCTGTTGG
N252_bin_964,50-bp bin starting at position 964,964,1013,56.0,56.0,2,3,0.913,0.909,94,109,GGTAGGCAAGTGATGGTGCTGCTGT,TGGGCTTGGGCCTCTTGAAGTTGCT
N252_bin_965,50-bp bin starting at position 965,965,1014,52.0,60.0,2,3,0.922,0.905,86,85,GTAGGCAAGTGATGGTGCTGCTGTT,GGGCTTGGGCCTCTTGAAGTTGCTG
N252_bin_970,50-bp bin starting at position 970,970,1019,56.0,56.0,3,3,0.922,0.921,95,124,CAAGTGATGGTGCTGCTGTTGGGCT,TGGGCCTCTTGAAGTTGCTGCTGCT
N252_bin_989,50-bp bin starting at position 989,989,1038,56.0,68.0,3,2,0.909,0.951,109,69,TGGGCTTGGGCCTCTTGAAGTTGCT,GCTGCTGGACCAATGCGGCCAGCTC
N252_bin_992,50-bp bin starting at position 992,992,1041,56.0,68.0,3,2,0.921,0.951,82,52,GCTTGGGCCTCTTGAAGTTGCTGCT,GCTGGACCAATGCGGCCAGCTCCTG
N252_bin_995,50-bp bin starting at position 995,995,1044,56.0,68.0,3,2,0.921,0.951,124,58,TGGGCCTCTTGAAGTTGCTGCTGCT,GGACCAATGCGGCCAGCTCCTGCTG
N252_bin_1013,50-bp bin starting at position 1013,1013,1062,64.0,52.0,2,3,0.97,0.989,92,52,TGCTGCTGGACCAATGCGGCCAGCT,CCTGCTGTGTCAGAACGATGGGAAT
N252_bin_1016,50-bp bin starting at position 1016,1016,1065,64.0,52.0,2,3,0.966,0.942,52,66,TGCTGGACCAATGCGGCCAGCTCCT,GCTGTGTCAGAACGATGGGAATGGT
N252_bin_1019,50-bp bin starting at position 1019,1019,1068,64.0,48.0,2,3,0.966,0.914,52,64,TGGACCAATGCGGCCAGCTCCTGCT,GTGTCAGAACGATGGGAATGGTAGT
N252_bin_1021,50-bp bin starting at position 1021,1021,1070,64.0,52.0,2,3,0.966,0.896,54,67,GACCAATGCGGCCAGCTCCTGCTGT,GTCAGAACGATGGGAATGGTAGTGG
N252_bin_1023,50-bp bin starting at position 1023,1023,1072,64.0,56.0,2,3,0.953,0.945,66,65,CCAATGCGGCCAGCTCCTGCTGTGT,CAGAACGATGGGAATGGTAGTGGCC
N252_bin_1032,50-bp bin starting at position 1032,1032,1081,56.0,60.0,2,3,0.989,0.937,64,105,CCAGCTCCTGCTGTGTCAGAACGAT,GGGAATGGTAGTGGCCTGGCCTTCT
N252_bin_1038,50-bp bin starting at position 1038,1038,1087,52.0,64.0,3,3,0.989,0.929,52,112,CCTGCTGTGTCAGAACGATGGGAAT,GGTAGTGGCCTGGCCTTCTTGACCC
N252_bin_1041,50-bp bin starting at position 1041,1041,1090,52.0,64.0,3,3,0.942,0.914,66,117,GCTGTGTCAGAACGATGGGAATGGT,AGTGGCCTGGCCTTCTTGACCCTCC
N252_bin_1044,50-bp bin starting at position 1044,1044,1093,48.0,68.0,3,3,0.914,0.9,64,93,GTGTCAGAACGATGGGAATGGTAGT,GGCCTGGCCTTCTTGACCCTCCGCA
N252_bin_1049,50-bp bin starting at position 1049,1049,1098,52.0,60.0,3,3,0.937,0.977,65,50,AGAACGATGGGAATGGTAGTGGCCT,GGCCTTCTTGACCCTCCGCAGAAAG
N252_bin_1057,50-bp bin starting at position 1057,1057,1106,60.0,56.0,3,3,0.937,0.944,105,112,GGGAATGGTAGTGGCCTGGCCTTCT,TGACCCTCCGCAGAAAGATGACCCA
N252_bin_1058,50-bp bin starting at position 1058,1058,1107,56.0,60.0,2,3,0.944,0.921,113,92,GGAATGGTAGTGGCCTGGCCTTCTT,GACCCTCCGCAGAAAGATGACCCAG
N252_bin_1064,50-bp bin starting at position 1064,1064,1113,60.0,60.0,3,3,0.929,0.961,115,46,GTAGTGGCCTGGCCTTCTTGACCCT,CCGCAGAAAGATGACCCAGTTCGGC
N252_bin_1076,50-bp bin starting at position 1076,1076,1125,52.0,64.0,3,3,0.971,0.953,54,48,CCTTCTTGACCCTCCGCAGAAAGAT,GACCCAGTTCGGCCTGTGTCACCGT
N252_bin_1084,50-bp bin starting at position 1084,1084,1133,56.0,68.0,3,2,0.944,0.921,66,58,ACCCTCCGCAGAAAGATGACCCAGT,TCGGCCTGTGTCACCGTAGCTGCGG
N252_bin_1085,50-bp bin starting at position 1085,1085,1134,56.0,72.0,3,2,0.966,0.909,48,70,CCCTCCGCAGAAAGATGACCCAGTT,CGGCCTGTGTCACCGTAGCTGCGGC
N252_bin_1091,50-bp bin starting at position 1091,1091,1140,56.0,60.0,3,2,0.983,0.961,42,64,GCAGAAAGATGACCCAGTTCGGCCT,GTGTCACCGTAGCTGCGGCTTCACT
N252_bin_1093,50-bp bin starting at position 1093,1093,1142,52.0,64.0,3,2,0.993,0.957,36,72,AGAAAGATGACCCAGTTCGGCCTGT,GTCACCGTAGCTGCGGCTTCACTGG
N252_bin_1095,50-bp bin starting at position 1095,1095,1144,52.0,64.0,3,2,0.998,0.957,36,56,AAAGATGACCCAGTTCGGCCTGTGT,CACCGTAGCTGCGGCTTCACTGGTG
N252_bin_1101,50-bp bin starting at position 1101,1101,1150,64.0,56.0,3,2,0.953,0.961,48,50,GACCCAGTTCGGCCTGTGTCACCGT,AGCTGCGGCTTCACTGGTGTCCATT
N252_bin_1105,50-bp bin starting at position 1105,1105,1154,60.0,56.0,2,2,0.961,0.921,46,60,CAGTTCGGCCTGTGTCACCGTAGCT,GCGGCTTCACTGGTGTCCATTGGTT
N252_bin_1111,50-bp bin starting at position 1111,1111,1160,68.0,56.0,2,2,0.921,0.925,62,68,GGCCTGTGTCACCGTAGCTGCGGCT,TCACTGGTGTCCATTGGTTCTCCGG
N252_bin_1112,50-bp bin starting at position 1112,1112,1161,64.0,56.0,2,2,0.929,0.925,52,71,GCCTGTGTCACCGTAGCTGCGGCTT,CACTGGTGTCCATTGGTTCTCCGGT
N252_bin_1116,50-bp bin starting at position 1116,1116,1165,60.0,64.0,2,3,0.961,0.882,64,67,GTGTCACCGTAGCTGCGGCTTCACT,GGTGTCCATTGGTTCTCCGGTGCCC
N252_bin_1119,50-bp bin starting at position 1119,1119,1168,60.0,60.0,2,3,0.961,0.929,72,74,TCACCGTAGCTGCGGCTTCACTGGT,GTCCATTGGTTCTCCGGTGCCCATG
N252_bin_1121,50-bp bin starting at position 1121,1121,1170,60.0,60.0,2,3,0.961,0.953,48,64,ACCGTAGCTGCGGCTTCACTGGTGT,CCATTGGTTCTCCGGTGCCCATGAC
N252_bin_1125,50-bp bin starting at position 1125,1125,1174,56.0,60.0,2,3,0.961,0.929,46,48,TAGCTGCGGCTTCACTGGTGTCCAT,TGGTTCTCCGGTGCCCATGACTGCT
N252_bin_1126,50-bp bin starting at position 1126,1126,1175,56.0,60.0,2,3,0.961,0.929,50,50,AGCTGCGGCTTCACTGGTGTCCATT,GGTTCTCCGGTGCCCATGACTGCTT
N252_bin_1129,50-bp bin starting at position 1129,1129,1178,56.0,60.0,2,3,0.921,0.921,60,55,TGCGGCTTCACTGGTGTCCATTGGT,TCTCCGGTGCCCATGACTGCTTGCT
N252_bin_1130,50-bp bin starting at position 1130,1130,1179,56.0,64.0,2,3,0.921,0.925,60,59,GCGGCTTCACTGGTGTCCATTGGTT,CTCCGGTGCCCATGACTGCTTGCTG
N252_bin_1132,50-bp bin starting at position 1132,1132,1181,52.0,64.0,2,3,0.914,0.957,66,67,GGCTTCACTGGTGTCCATTGGTTCT,CCGGTGCCCATGACTGCTTGCTGAG
N252_bin_1137,50-bp bin starting at position 1137,1137,1186,56.0,64.0,2,3,0.925,0.953,71,101,CACTGGTGTCCATTGGTTCTCCGGT,GCCCATGACTGCTTGCTGAGCTGCC
N252_bin_1143,50-bp bin starting at position 1143,1143,1192,56.0,64.0,3,2,0.921,0.953,74,99,TGTCCATTGGTTCTCCGGTGCCCAT,GACTGCTTGCTGAGCTGCCTGCAGG
N252_bin_1147,50-bp bin starting at position 1147,1147,1196,56.0,68.0,3,2,0.957,0.937,52,81,CATTGGTTCTCCGGTGCCCATGACT,GCTTGCTGAGCTGCCTGCAGGACGG
N252_bin_1150,50-bp bin starting at position 1150,1150,1199,60.0,68.0,3,2,0.929,0.944,48,102,TGGTTCTCCGGTGCCCATGACTGCT,TGCTGAGCTGCCTGCAGGACGGCCT
N252_bin_1151,50-bp bin starting at position 1151,1151,1200,60.0,72.0,3,2,0.929,0.922,50,120,GGTTCTCCGGTGCCCATGACTGCTT,GCTGAGCTGCCTGCAGGACGGCCTG
N252_bin_1154,50-bp bin starting at position 1154,1154,1203,60.0,68.0,3,2,0.921,0.945,55,107,TCTCCGGTGCCCATGACTGCTTGCT,GAGCTGCCTGCAGGACGGCCTGGAT
N252_bin_1159,50-bp bin starting at position 1159,1159,1208,60.0,72.0,3,2,0.961,0.922,72,113,GGTGCCCATGACTGCTTGCTGAGCT,GCCTGCAGGACGGCCTGGATGGCCA
N252_bin_1163,50-bp bin starting at position 1163,1163,1212,60.0,72.0,3,2,0.953,0.913,95,76,CCCATGACTGCTTGCTGAGCTGCCT,GCAGGACGGCCTGGATGGCCAGTGC
N252_bin_1175,50-bp bin starting at position 1175,1175,1224,68.0,72.0,2,3,0.944,0.909,102,98,TGCTGAGCTGCCTGCAGGACGGCCT,GGATGGCCAGTGCCTGGGCCTCCTC
N252_bin_1179,50-bp bin starting at position 1179,1179,1228,68.0,68.0,2,3,0.945,0.878,107,102,GAGCTGCCTGCAGGACGGCCTGGAT,GGCCAGTGCCTGGGCCTCCTCTGTT
N252_bin_1219,50-bp bin starting at position 1219,1219,1268,64.0,72.0,2,2,0.878,0.926,69,118,CTCCTCTGTTGCGGCTGCCTGAGCT,GCGGCCTCAGCGGCAGCTGTCACTG
N252_bin_1243,50-bp bin starting at position 1243,1243,1292,68.0,60.0,2,2,0.944,0.971,112,124,TGCGGCCTCAGCGGCAGCTGTCACT,GCCAGTTCTTCTGGAGTGAGGCCAG
N252_bin_1249,50-bp bin starting at position 1249,1249,1298,64.0,56.0,2,2,0.966,0.989,75,104,CTCAGCGGCAGCTGTCACTGCCAGT,TCTTCTGGAGTGAGGCCAGTGACCA
N252_bin_1250,50-bp bin starting at position 1250,1250,1299,60.0,56.0,2,2,0.979,0.989,73,94,TCAGCGGCAGCTGTCACTGCCAGTT,CTTCTGGAGTGAGGCCAGTGACCAT
N252_bin_1252,50-bp bin starting at position 1252,1252,1301,60.0,56.0,2,2,0.979,0.989,56,96,AGCGGCAGCTGTCACTGCCAGTTCT,TCTGGAGTGAGGCCAGTGACCATCA
N252_bin_1253,50-bp bin starting at position 1253,1253,1302,60.0,60.0,2,2,0.961,0.971,52,100,GCGGCAGCTGTCACTGCCAGTTCTT,CTGGAGTGAGGCCAGTGACCATCAG
N252_bin_1255,50-bp bin starting at position 1255,1255,1304,56.0,60.0,2,2,0.957,0.937,74,105,GGCAGCTGTCACTGCCAGTTCTTCT,GGAGTGAGGCCAGTGACCATCAGAG
N252_bin_1260,50-bp bin starting at position 1260,1260,1309,52.0,52.0,2,2,0.953,0.989,73,68,CTGTCACTGCCAGTTCTTCTGGAGT,GAGGCCAGTGACCATCAGAGTTGTT
N252_bin_1269,50-bp bin starting at position 1269,1269,1318,56.0,56.0,2,2,0.979,0.983,119,104,CCAGTTCTTCTGGAGTGAGGCCAGT,GACCATCAGAGTTGTTGTGCCTGCC
N252_bin_1287,50-bp bin starting at position 1287,1287,1336,52.0,72.0,2,3,0.985,0.905,100,111,GGCCAGTGACCATCAGAGTTGTTGT,GCCTGCCTGGGCCTCGGCCATCAGT
N252_bin_1291,50-bp bin starting at position 1291,1291,1340,48.0,68.0,2,3,0.985,0.914,94,76,AGTGACCATCAGAGTTGTTGTGCCT,GCCTGGGCCTCGGCCATCAGTTCCT
N252_bin_1312,50-bp bin starting at position 1312,1312,1361,72.0,48.0,3,2,0.905,0.966,111,70,GCCTGCCTGGGCCTCGGCCATCAGT,TCCTGAGGAAGAGACAACTGATCGA
N252_bin_1313,50-bp bin starting at position 1313,1313,1362,68.0,52.0,3,2,0.914,0.953,92,74,CCTGCCTGGGCCTCGGCCATCAGTT,CCTGAGGAAGAGACAACTGATCGAC
N252_bin_1316,50-bp bin starting at position 1316,1316,1365,68.0,48.0,3,2,0.914,0.966,76,60,GCCTGGGCCTCGGCCATCAGTTCCT,GAGGAAGAGACAACTGATCGACTTC
N252_bin_1331,50-bp bin starting at position 1331,1331,1380,44.0,60.0,2,2,0.977,0.921,48,56,ATCAGTTCCTGAGGAAGAGACAACT,GATCGACTTCGCTCTGCGTTGGTGG
N252_bin_1334,50-bp bin starting at position 1334,1334,1383,44.0,68.0,2,2,0.966,0.871,66,56,AGTTCCTGAGGAAGAGACAACTGAT,CGACTTCGCTCTGCGTTGGTGGCGG
N252_bin_1339,50-bp bin starting at position 1339,1339,1388,48.0,64.0,2,2,0.966,0.849,82,68,CTGAGGAAGAGACAACTGATCGACT,TCGCTCTGCGTTGGTGGCGGAGGTT
N252_bin_1340,50-bp bin starting at position 1340,1340,1389,44.0,68.0,2,2,0.966,0.836,66,80,TGAGGAAGAGACAACTGATCGACTT,CGCTCTGCGTTGGTGGCGGAGGTTG
N252_bin_1344,50-bp bin starting at position 1344,1344,1393,48.0,64.0,2,2,0.989,0.896,62,78,GAAGAGACAACTGATCGACTTCGCT,CTGCGTTGGTGGCGGAGGTTGAACG
N252_bin_1346,50-bp bin starting at position 1346,1346,1395,48.0,64.0,2,2,0.993,0.909,60,82,AGAGACAACTGATCGACTTCGCTCT,GCGTTGGTGGCGGAGGTTGAACGAC
N252_bin_1350,50-bp bin starting at position 1350,1350,1399,52.0,60.0,2,2,0.985,0.961,56,46,ACAACTGATCGACTTCGCTCTGCGT,TGGTGGCGGAGGTTGAACGACCACT
N252_bin_1351,50-bp bin starting at position 1351,1351,1400,52.0,64.0,2,2,0.97,0.936,58,40,CAACTGATCGACTTCGCTCTGCGTT,GGTGGCGGAGGTTGAACGACCACTG
N252_bin_1354,50-bp bin starting at position 1354,1354,1403,56.0,60.0,2,2,0.925,0.961,54,56,CTGATCGACTTCGCTCTGCGTTGGT,GGCGGAGGTTGAACGACCACTGTTG
N252_bin_1363,50-bp bin starting at position 1363,1363,1412,64.0,56.0,2,2,0.849,0.989,62,86,TTCGCTCTGCGTTGGTGGCGGAGGT,TGAACGACCACTGTTGCCACTACGG
N252_bin_1364,50-bp bin starting at position 1364,1364,1413,64.0,60.0,2,2,0.849,0.971,68,88,TCGCTCTGCGTTGGTGGCGGAGGTT,GAACGACCACTGTTGCCACTACGGC
N252_bin_1375,50-bp bin starting at position 1375,1375,1424,60.0,68.0,2,2,0.961,0.951,46,66,TGGTGGCGGAGGTTGAACGACCACT,GTTGCCACTACGGCAGAGCCGGCTG
N252_bin_1377,50-bp bin starting at position 1377,1377,1426,60.0,68.0,2,2,0.961,0.944,34,72,GTGGCGGAGGTTGAACGACCACTGT,TGCCACTACGGCAGAGCCGGCTGAC
N252_bin_1378,50-bp bin starting at position 1378,1378,1427,56.0,68.0,2,2,0.977,0.944,42,76,TGGCGGAGGTTGAACGACCACTGTT,GCCACTACGGCAGAGCCGGCTGACT
N252_bin_1384,50-bp bin starting at position 1384,1384,1433,52.0,68.0,2,2,0.998,0.951,102,70,AGGTTGAACGACCACTGTTGCCACT,ACGGCAGAGCCGGCTGACTCCTGTC
N252_bin_1399,50-bp bin starting at position 1399,1399,1448,64.0,64.0,2,3,0.97,0.966,66,61,TGTTGCCACTACGGCAGAGCCGGCT,GACTCCTGTCCAGAGGATGGCTCCC
N252_bin_1403,50-bp bin starting at position 1403,1403,1452,68.0,64.0,2,4,0.944,0.953,76,98,GCCACTACGGCAGAGCCGGCTGACT,CCTGTCCAGAGGATGGCTCCCCTGT
N252_bin_1406,50-bp bin starting at position 1406,1406,1455,64.0,64.0,2,4,0.966,0.966,66,66,ACTACGGCAGAGCCGGCTGACTCCT,GTCCAGAGGATGGCTCCCCTGTGGA
N252_bin_1408,50-bp bin starting at position 1408,1408,1457,64.0,64.0,2,4,0.97,0.966,66,54,TACGGCAGAGCCGGCTGACTCCTGT,CCAGAGGATGGCTCCCCTGTGGAAG
N252_bin_1417,50-bp bin starting at position 1417,1417,1466,64.0,60.0,2,4,0.97,0.979,50,91,GCCGGCTGACTCCTGTCCAGAGGAT,GGCTCCCCTGTGGAAGAGAGATCCA
N252_bin_1421,50-bp bin starting at position 1421,1421,1470,60.0,60.0,2,4,0.979,0.961,58,79,GCTGACTCCTGTCCAGAGGATGGCT,CCCCTGTGGAAGAGAGATCCACAGC
N252_bin_1426,50-bp bin starting at position 1426,1426,1475,64.0,60.0,4,2,0.942,0.921,75,93,CTCCTGTCCAGAGGATGGCTCCCCT,GTGGAAGAGAGATCCACAGCAGCCG
N252_bin_1428,50-bp bin starting at position 1428,1428,1477,64.0,64.0,4,3,0.953,0.867,98,99,CCTGTCCAGAGGATGGCTCCCCTGT,GGAAGAGAGATCCACAGCAGCCGGG
N252_bin_1439,50-bp bin starting at position 1439,1439,1488,56.0,72.0,4,4,0.977,0.905,99,71,GATGGCTCCCCTGTGGAAGAGAGAT,CCACAGCAGCCGGGAGCTCAGGGGT
N252_bin_1457,50-bp bin starting at position 1457,1457,1506,64.0,64.0,3,4,0.925,0.942,84,53,GAGAGATCCACAGCAGCCGGGAGCT,CAGGGGTCTGGGACGCGCTAAGAAC
N252_bin_1464,50-bp bin starting at position 1464,1464,1513,72.0,60.0,4,3,0.905,0.979,71,42,CCACAGCAGCCGGGAGCTCAGGGGT,CTGGGACGCGCTAAGAACTTCGGCA
N252_bin_1466,50-bp bin starting at position 1466,1466,1515,68.0,60.0,4,3,0.937,0.953,73,52,ACAGCAGCCGGGAGCTCAGGGGTCT,GGGACGCGCTAAGAACTTCGGCAGA
N252_bin_1476,50-bp bin starting at position 1476,1476,1525,72.0,52.0,4,3,0.896,0.97,67,48,GGAGCTCAGGGGTCTGGGACGCGCT,AAGAACTTCGGCAGACTCACCCATG
N252_bin_1483,50-bp bin starting at position 1483,1483,1532,60.0,68.0,4,3,0.955,0.944,55,54,AGGGGTCTGGGACGCGCTAAGAACT,TCGGCAGACTCACCCATGAGGGCGG
N252_bin_1484,50-bp bin starting at position 1484,1484,1533,60.0,68.0,4,3,0.961,0.944,51,50,GGGGTCTGGGACGCGCTAAGAACTT,CGGCAGACTCACCCATGAGGGCGGT
N252_bin_1493,50-bp bin starting at position 1493,1493,1542,56.0,60.0,2,3,0.983,0.953,62,52,GACGCGCTAAGAACTTCGGCAGACT,CACCCATGAGGGCGGTAGATGCAGA
N252_bin_1500,50-bp bin starting at position 1500,1500,1549,48.0,64.0,3,3,0.97,0.923,48,86,TAAGAACTTCGGCAGACTCACCCAT,GAGGGCGGTAGATGCAGACTGCAGC
N252_bin_1513,50-bp bin starting at position 1513,1513,1562,56.0,72.0,3,4,0.979,0.879,40,110,AGACTCACCCATGAGGGCGGTAGAT,GCAGACTGCAGCAGCTGGCGAGGGG
N252_bin_1568,50-bp bin starting at position 1568,1568,1617,64.0,60.0,3,2,0.957,0.953,83,55,TGCTGCCTTGGGCCTGGAGACACCT,GCAGTTCCTCAGGCGGAGGAACAGA
N252_bin_1573,50-bp bin starting at position 1573,1573,1622,64.0,68.0,3,3,0.97,0.914,73,81,CCTTGGGCCTGGAGACACCTGCAGT,TCCTCAGGCGGAGGAACAGAGGGCC
N252_bin_1574,50-bp bin starting at position 1574,1574,1623,60.0,72.0,3,3,0.979,0.867,72,79,CTTGGGCCTGGAGACACCTGCAGTT,CCTCAGGCGGAGGAACAGAGGGCCC
N252_bin_1618,50-bp bin starting at position 1618,1618,1667,68.0,56.0,4,3,0.902,0.979,99,119,GGGCCCGGGGACTGGAGTTGACTGT,GTCACTGTTGTCACAGCCCGTGTCA
N252_bin_1620,50-bp bin starting at position 1620,1620,1669,64.0,56.0,4,3,0.923,0.989,102,97,GCCCGGGGACTGGAGTTGACTGTGT,CACTGTTGTCACAGCCCGTGTCAGA
N252_bin_1624,50-bp bin starting at position 1624,1624,1673,56.0,60.0,4,3,0.945,0.971,105,92,GGGGACTGGAGTTGACTGTGTCACT,GTTGTCACAGCCCGTGTCAGAGTGG
N252_bin_1629,50-bp bin starting at position 1629,1629,1678,48.0,60.0,2,3,0.922,0.961,113,56,CTGGAGTTGACTGTGTCACTGTTGT,CACAGCCCGTGTCAGAGTGGAAGAC
N252_bin_1647,50-bp bin starting at position 1647,1647,1696,56.0,60.0,3,2,0.983,0.961,89,42,CTGTTGTCACAGCCCGTGTCAGAGT,GGAAGACACGGTCGTTGTGATCGCG
N252_bin_1659,50-bp bin starting at position 1659,1659,1708,60.0,56.0,3,2,0.971,0.977,56,42,CCCGTGTCAGAGTGGAAGACACGGT,CGTTGTGATCGCGGAACTAGACGTG
N252_bin_1662,50-bp bin starting at position 1662,1662,1711,56.0,48.0,2,2,0.955,0.979,64,80,GTGTCAGAGTGGAAGACACGGTCGT,TGTGATCGCGGAACTAGACGTGATA
N252_bin_1663,50-bp bin starting at position 1663,1663,1712,52.0,48.0,2,2,0.971,0.979,56,80,TGTCAGAGTGGAAGACACGGTCGTT,GTGATCGCGGAACTAGACGTGATAT
N252_bin_1665,50-bp bin starting at position 1665,1665,1714,52.0,48.0,2,2,0.971,0.979,50,38,TCAGAGTGGAAGACACGGTCGTTGT,GATCGCGGAACTAGACGTGATATTG
N252_bin_1668,50-bp bin starting at position 1668,1668,1717,52.0,52.0,2,2,0.942,0.985,44,60,GAGTGGAAGACACGGTCGTTGTGAT,CGCGGAACTAGACGTGATATTGACG
N252_bin_1677,50-bp bin starting at position 1677,1677,1726,56.0,48.0,2,3,0.989,0.993,48,72,ACACGGTCGTTGTGATCGCGGAACT,AGACGTGATATTGACGCTATCTCCC
N252_bin_1683,50-bp bin starting at position 1683,1683,1732,52.0,52.0,2,3,0.985,0.979,44,44,TCGTTGTGATCGCGGAACTAGACGT,GATATTGACGCTATCTCCCTGGGTG
N252_bin_1686,50-bp bin starting at position 1686,1686,1735,48.0,56.0,2,3,0.979,0.983,76,50,TTGTGATCGCGGAACTAGACGTGAT,ATTGACGCTATCTCCCTGGGTGGAC
N252_bin_1688,50-bp bin starting at position 1688,1688,1737,48.0,60.0,2,3,0.979,0.961,80,56,GTGATCGCGGAACTAGACGTGATAT,TGACGCTATCTCCCTGGGTGGACTC
N252_bin_1689,50-bp bin starting at position 1689,1689,1738,44.0,64.0,2,3,0.983,0.957,52,58,TGATCGCGGAACTAGACGTGATATT,GACGCTATCTCCCTGGGTGGACTCG
N252_bin_1695,50-bp bin starting at position 1695,1695,1744,48.0,60.0,2,3,0.993,0.961,62,80,CGGAACTAGACGTGATATTGACGCT,ATCTCCCTGGGTGGACTCGACTTCG
N252_bin_1703,50-bp bin starting at position 1703,1703,1752,48.0,68.0,3,3,0.985,0.921,74,82,GACGTGATATTGACGCTATCTCCCT,GGGTGGACTCGACTTCGCCCTGGTC
N252_bin_1707,50-bp bin starting at position 1707,1707,1756,48.0,64.0,3,3,0.971,0.957,50,73,TGATATTGACGCTATCTCCCTGGGT,GGACTCGACTTCGCCCTGGTCGGAT
N252_bin_1712,50-bp bin starting at position 1712,1712,1761,56.0,68.0,3,3,0.961,0.921,48,58,TTGACGCTATCTCCCTGGGTGGACT,CGACTTCGCCCTGGTCGGATGCTGC
N252_bin_1717,50-bp bin starting at position 1717,1717,1766,60.0,68.0,3,3,0.961,0.914,70,115,GCTATCTCCCTGGGTGGACTCGACT,TCGCCCTGGTCGGATGCTGCTGGAG
N252_bin_1718,50-bp bin starting at position 1718,1718,1767,56.0,72.0,3,3,0.957,0.896,70,107,CTATCTCCCTGGGTGGACTCGACTT,CGCCCTGGTCGGATGCTGCTGGAGG
N252_bin_1724,50-bp bin starting at position 1724,1724,1773,68.0,68.0,3,3,0.914,0.85,94,121,CCCTGGGTGGACTCGACTTCGCCCT,GGTCGGATGCTGCTGGAGGTGGGTC
N252_bin_1727,50-bp bin starting at position 1727,1727,1776,64.0,68.0,3,3,0.925,0.879,85,103,TGGGTGGACTCGACTTCGCCCTGGT,CGGATGCTGCTGGAGGTGGGTCCTG
N252_bin_1732,50-bp bin starting at position 1732,1732,1781,64.0,64.0,3,3,0.957,0.896,73,79,GGACTCGACTTCGCCCTGGTCGGAT,GCTGCTGGAGGTGGGTCCTGATTGC
N252_bin_1735,50-bp bin starting at position 1735,1735,1784,64.0,60.0,3,3,0.925,0.881,49,70,CTCGACTTCGCCCTGGTCGGATGCT,GCTGGAGGTGGGTCCTGATTGCTTG
N252_bin_1738,50-bp bin starting at position 1738,1738,1787,64.0,56.0,3,3,0.929,0.945,72,52,GACTTCGCCCTGGTCGGATGCTGCT,GGAGGTGGGTCCTGATTGCTTGACA
N252_bin_1744,50-bp bin starting at position 1744,1744,1793,68.0,48.0,3,3,0.9,0.922,113,53,GCCCTGGTCGGATGCTGCTGGAGGT,GGGTCCTGATTGCTTGACATGTTTG
N252_bin_1748,50-bp bin starting at position 1748,1748,1797,64.0,44.0,3,3,0.832,0.945,108,62,TGGTCGGATGCTGCTGGAGGTGGGT,CCTGATTGCTTGACATGTTTGAGGT
N252_bin_1751,50-bp bin starting at position 1751,1751,1800,64.0,44.0,3,3,0.896,0.966,102,61,TCGGATGCTGCTGGAGGTGGGTCCT,GATTGCTTGACATGTTTGAGGTCAC
N252_bin_1754,50-bp bin starting at position 1754,1754,1803,60.0,44.0,3,3,0.913,0.945,107,64,GATGCTGCTGGAGGTGGGTCCTGAT,TGCTTGACATGTTTGAGGTCACTGT
N252_bin_1755,50-bp bin starting at position 1755,1755,1804,56.0,44.0,3,3,0.922,0.945,99,78,ATGCTGCTGGAGGTGGGTCCTGATT,GCTTGACATGTTTGAGGTCACTGTT
N252_bin_1759,50-bp bin starting at position 1759,1759,1808,56.0,44.0,3,3,0.887,0.922,78,95,TGCTGGAGGTGGGTCCTGATTGCTT,GACATGTTTGAGGTCACTGTTGTTG
N252_bin_1764,50-bp bin starting at position 1764,1764,1813,52.0,48.0,3,3,0.951,0.897,54,86,GAGGTGGGTCCTGATTGCTTGACAT,GTTTGAGGTCACTGTTGTTGCAGTG
N252_bin_1766,50-bp bin starting at position 1766,1766,1815,52.0,48.0,3,2,0.926,0.897,56,92,GGTGGGTCCTGATTGCTTGACATGT,TTGAGGTCACTGTTGTTGCAGTGTG
N252_bin_1767,50-bp bin starting at position 1767,1767,1816,48.0,52.0,3,2,0.922,0.926,50,97,GTGGGTCCTGATTGCTTGACATGTT,TGAGGTCACTGTTGTTGCAGTGTGC
N252_bin_1768,50-bp bin starting at position 1768,1768,1817,44.0,56.0,3,2,0.913,0.922,50,95,TGGGTCCTGATTGCTTGACATGTTT,GAGGTCACTGTTGTTGCAGTGTGCG
N252_bin_1773,50-bp bin starting at position 1773,1773,1822,44.0,48.0,3,2,0.945,0.922,62,108,CCTGATTGCTTGACATGTTTGAGGT,CACTGTTGTTGCAGTGTGCGTAGTT
N252_bin_1779,50-bp bin starting at position 1779,1779,1828,44.0,52.0,3,2,0.945,0.944,64,89,TGCTTGACATGTTTGAGGTCACTGT,TGTTGCAGTGTGCGTAGTTCCAGTC
N252_bin_1780,50-bp bin starting at position 1780,1780,1829,44.0,52.0,3,2,0.945,0.944,78,81,GCTTGACATGTTTGAGGTCACTGTT,GTTGCAGTGTGCGTAGTTCCAGTCT
N252_bin_1788,50-bp bin starting at position 1788,1788,1837,44.0,60.0,3,3,0.891,0.921,93,60,TGTTTGAGGTCACTGTTGTTGCAGT,GTGCGTAGTTCCAGTCTCGTGGGTC
N252_bin_1790,50-bp bin starting at position 1790,1790,1839,44.0,56.0,3,3,0.891,0.957,86,52,TTTGAGGTCACTGTTGTTGCAGTGT,GCGTAGTTCCAGTCTCGTGGGTCAT
N252_bin_1794,50-bp bin starting at position 1794,1794,1843,52.0,56.0,2,3,0.926,0.944,97,68,AGGTCACTGTTGTTGCAGTGTGCGT,AGTTCCAGTCTCGTGGGTCATGGTG
N281_bin_8,50-bp bin starting at position 8,8,57,56.0,48.0,2,3,0.993,0.937,76,104,TCGAGATCGAAGTCATCCAGCGCGT,CAGAACCCAGCATATCGAGATCGAA
N281_bin_29,50-bp bin starting at position 29,29,78,52.0,56.0,3,2,0.979,0.989,52,92,GCGTCAGAACCCAGCATATCGAGAT,CGAAGTCATCGAGTGCATCGCTACC
N281_bin_35,50-bp bin starting at position 35,35,84,48.0,56.0,3,3,0.971,0.977,90,97,GAACCCAGCATATCGAGATCGAAGT,CATCGAGTGCATCGCTACCCAGCAT
N281_bin_38,50-bp bin starting at position 38,38,87,48.0,56.0,3,3,0.985,0.977,90,64,CCCAGCATATCGAGATCGAAGTCAT,CGAGTGCATCGCTACCCAGCATATC
N281_bin_60,50-bp bin starting at position 60,60,109,56.0,44.0,3,4,0.977,0.966,97,92,CATCGAGTGCATCGCTACCCAGCAT,ATCCAAGTCAAAATCGTCCAGTGCA
N281_bin_62,50-bp bin starting at position 62,62,111,52.0,48.0,3,4,0.989,0.97,64,78,TCGAGTGCATCGCTACCCAGCATAT,CCAAGTCAAAATCGTCCAGTGCATC
N281_bin_68,50-bp bin starting at position 68,68,117,52.0,52.0,3,4,0.966,0.97,70,60,GCATCGCTACCCAGCATATCCAAGT,CAAAATCGTCCAGTGCATCAGAGCC
N281_bin_77,50-bp bin starting at position 77,77,126,44.0,56.0,4,2,0.944,0.979,66,82,CCCAGCATATCCAAGTCAAAATCGT,CCAGTGCATCAGAGCCAAGCATGTC
N281_bin_86,50-bp bin starting at position 86,86,135,44.0,48.0,4,3,0.979,0.937,86,68,TCCAAGTCAAAATCGTCCAGTGCAT,CAGAGCCAAGCATGTCCAAATCGAA
N281_bin_99,50-bp bin starting at position 99,99,148,56.0,56.0,2,3,0.979,0.989,78,84,CGTCCAGTGCATCAGAGCCAAGCAT,GTCCAAATCGAAGTCGTCGAGTGCG
N281_bin_101,50-bp bin starting at position 101,101,150,52.0,56.0,2,3,0.993,0.993,82,98,TCCAGTGCATCAGAGCCAAGCATGT,CCAAATCGAAGTCGTCGAGTGCGTC
N281_bin_107,50-bp bin starting at position 107,107,156,48.0,60.0,3,2,0.966,0.971,88,85,GCATCAGAGCCAAGCATGTCCAAAT,CGAAGTCGTCGAGTGCGTCCATGGT
N282_bin_29,50-bp bin starting at position 29,29,78,44.0,52.0,3,4,0.944,0.97,82,101,GCATCTGACCCAAGCATATCCAAAT,CAAAATCGTCCAAAGCGTCGGATCC
N282_bin_52,50-bp bin starting at position 52,52,101,44.0,52.0,4,3,0.977,0.993,93,73,ATCAAAATCGTCCAAAGCGTCGGAT,CCCAGCATGTCAAGGTCGAAGTCAT
N282_bin_60,50-bp bin starting at position 60,60,109,60.0,52.0,3,2,0.971,0.985,82,119,CGTCCAAAGCGTCGGATCCCAGCAT,GTCAAGGTCGAAGTCATCAAGTGCG
N282_bin_62,50-bp bin starting at position 62,62,111,56.0,52.0,3,2,0.989,0.993,60,90,TCCAAAGCGTCGGATCCCAGCATGT,CAAGGTCGAAGTCATCAAGTGCGTC
N282_bin_68,50-bp bin starting at position 68,68,117,60.0,60.0,3,2,0.985,0.979,48,72,GCGTCGGATCCCAGCATGTCAAGGT,CGAAGTCATCAAGTGCGTCGGAGCC
N282_bin_74,50-bp bin starting at position 74,74,123,52.0,56.0,3,2,0.993,0.983,52,72,GATCCCAGCATGTCAAGGTCGAAGT,CATCAAGTGCGTCGGAGCCAAGCAT
N282_bin_77,50-bp bin starting at position 77,77,126,52.0,56.0,3,2,0.993,0.983,73,64,CCCAGCATGTCAAGGTCGAAGTCAT,CAAGTGCGTCGGAGCCAAGCATATC
N282_bin_86,50-bp bin starting at position 86,86,135,48.0,56.0,2,2,0.993,0.961,108,56,TCAAGGTCGAAGTCATCAAGTGCGT,CGGAGCCAAGCATATCCAGGTCGAA
N282_bin_99,50-bp bin starting at position 99,99,148,56.0,60.0,2,3,0.983,0.971,72,80,CATCAAGTGCGTCGGAGCCAAGCAT,ATCCAGGTCGAAGTCATCGAGGGCG
N282_bin_101,50-bp bin starting at position 101,101,150,52.0,64.0,2,3,0.993,0.966,64,75,TCAAGTGCGTCGGAGCCAAGCATAT,CCAGGTCGAAGTCATCGAGGGCGTC
N282_bin_107,50-bp bin starting at position 107,107,156,60.0,64.0,2,3,0.979,0.953,54,74,GCGTCGGAGCCAAGCATATCCAGGT,CGAAGTCATCGAGGGCGTCAGAGCC
N282_bin_113,50-bp bin starting at position 113,113,162,52.0,64.0,2,3,0.979,0.957,60,70,GAGCCAAGCATATCCAGGTCGAAGT,CATCGAGGGCGTCAGAGCCCAGCAT
N282_bin_116,50-bp bin starting at position 116,116,165,48.0,64.0,2,3,0.985,0.957,62,62,CCAAGCATATCCAGGTCGAAGTCAT,CGAGGGCGTCAGAGCCCAGCATATC
N282_bin_125,50-bp bin starting at position 125,125,174,60.0,48.0,3,3,0.977,0.922,72,68,TCCAGGTCGAAGTCATCGAGGGCGT,CAGAGCCCAGCATATCCAAATCGAA
N282_bin_138,50-bp bin starting at position 138,138,187,64.0,48.0,3,3,0.957,0.951,70,102,CATCGAGGGCGTCAGAGCCCAGCAT,ATCCAAATCGAAGTCGTCCAACGCA
N282_bin_140,50-bp bin starting at position 140,140,189,60.0,52.0,3,3,0.979,0.951,62,78,TCGAGGGCGTCAGAGCCCAGCATAT,CCAAATCGAAGTCGTCCAACGCATC
N282_bin_146,50-bp bin starting at position 146,146,195,52.0,56.0,3,2,0.97,0.977,58,56,GCGTCAGAGCCCAGCATATCCAAAT,CGAAGTCGTCCAACGCATCTGATCC
N282_bin_152,50-bp bin starting at position 152,152,201,48.0,56.0,3,2,0.966,0.977,60,68,GAGCCCAGCATATCCAAATCGAAGT,CGTCCAACGCATCTGATCCGAGCAT
N282_bin_155,50-bp bin starting at position 155,155,204,48.0,52.0,3,2,0.97,0.966,60,65,CCCAGCATATCCAAATCGAAGTCGT,CCAACGCATCTGATCCGAGCATATC
N282_bin_164,50-bp bin starting at position 164,164,213,48.0,48.0,3,2,0.97,0.985,96,81,TCCAAATCGAAGTCGTCCAACGCAT,CTGATCCGAGCATATCCAGATCGAA
N282_bin_166,50-bp bin starting at position 166,166,215,48.0,44.0,3,3,0.97,0.977,60,87,CAAATCGAAGTCGTCCAACGCATCT,GATCCGAGCATATCCAGATCGAAAT
N282_bin_169,50-bp bin starting at position 169,169,218,48.0,48.0,2,3,0.993,0.985,54,71,ATCGAAGTCGTCCAACGCATCTGAT,CCGAGCATATCCAGATCGAAATCGT
N282_bin_177,50-bp bin starting at position 177,177,226,56.0,56.0,2,3,0.977,0.983,68,111,CGTCCAACGCATCTGATCCGAGCAT,ATCCAGATCGAAATCGTCCAGGGCG
N282_bin_179,50-bp bin starting at position 179,179,228,48.0,60.0,2,3,0.979,0.979,68,106,TCCAACGCATCTGATCCGAGCATAT,CCAGATCGAAATCGTCCAGGGCGTC
N282_bin_185,50-bp bin starting at position 185,185,234,48.0,64.0,2,3,0.993,0.966,89,68,GCATCTGATCCGAGCATATCCAGAT,CGAAATCGTCCAGGGCGTCGCTTCC
N282_bin_191,50-bp bin starting at position 191,191,240,44.0,68.0,3,3,0.977,0.937,87,88,GATCCGAGCATATCCAGATCGAAAT,CGTCCAGGGCGTCGCTTCCCAGCAT
N282_bin_194,50-bp bin starting at position 194,194,243,48.0,64.0,3,3,0.985,0.955,71,60,CCGAGCATATCCAGATCGAAATCGT,CCAGGGCGTCGCTTCCCAGCATATC
N282_bin_203,50-bp bin starting at position 203,203,252,56.0,52.0,3,3,0.993,0.966,116,50,TCCAGATCGAAATCGTCCAGGGCGT,CGCTTCCCAGCATATCCAAGTCGAA
N282_bin_207,50-bp bin starting at position 207,207,256,60.0,44.0,3,3,0.985,0.944,83,56,GATCGAAATCGTCCAGGGCGTCGCT,TCCCAGCATATCCAAGTCGAAATCA
N282_bin_208,50-bp bin starting at position 208,208,257,56.0,44.0,3,3,0.993,0.944,79,56,ATCGAAATCGTCCAGGGCGTCGCTT,CCCAGCATATCCAAGTCGAAATCAT
N282_bin_216,50-bp bin starting at position 216,216,265,68.0,44.0,3,3,0.937,0.945,88,125,CGTCCAGGGCGTCGCTTCCCAGCAT,ATCCAAGTCGAAATCATCCAAAGCG
N282_bin_218,50-bp bin starting at position 218,218,267,60.0,48.0,3,3,0.971,0.951,66,88,TCCAGGGCGTCGCTTCCCAGCATAT,CCAAGTCGAAATCATCCAAAGCGTC
N282_bin_224,50-bp bin starting at position 224,224,273,56.0,52.0,3,3,0.977,0.926,52,60,GCGTCGCTTCCCAGCATATCCAAGT,CGAAATCATCCAAAGCGTCAGACCC
N282_bin_230,50-bp bin starting at position 230,230,279,44.0,56.0,3,3,0.957,0.944,46,56,CTTCCCAGCATATCCAAGTCGAAAT,CATCCAAAGCGTCAGACCCGAGCAT
N282_bin_233,50-bp bin starting at position 233,233,282,44.0,60.0,3,3,0.944,0.953,56,54,CCCAGCATATCCAAGTCGAAATCAT,CCAAAGCGTCAGACCCGAGCATGTC
N282_bin_242,50-bp bin starting at position 242,242,291,44.0,48.0,3,3,0.966,0.937,106,64,TCCAAGTCGAAATCATCCAAAGCGT,CAGACCCGAGCATGTCAAGATCAAA
N282_bin_255,50-bp bin starting at position 255,255,304,56.0,52.0,3,3,0.944,0.979,56,77,CATCCAAAGCGTCAGACCCGAGCAT,GTCAAGATCAAAGTCGTCCAGCGCA
N282_bin_257,50-bp bin starting at position 257,257,306,56.0,52.0,3,3,0.979,0.97,48,68,TCCAAAGCGTCAGACCCGAGCATGT,CAAGATCAAAGTCGTCCAGCGCATC
N282_bin_263,50-bp bin starting at position 263,263,312,56.0,60.0,3,3,0.983,0.955,68,44,GCGTCAGACCCGAGCATGTCAAGAT,CAAAGTCGTCCAGCGCATCTGACCC
N282_bin_269,50-bp bin starting at position 269,269,318,48.0,64.0,3,4,0.971,0.936,66,108,GACCCGAGCATGTCAAGATCAAAGT,CGTCCAGCGCATCTGACCCCAGCAT
N282_bin_272,50-bp bin starting at position 272,272,321,48.0,60.0,3,4,0.989,0.931,74,112,CCGAGCATGTCAAGATCAAAGTCGT,CCAGCGCATCTGACCCCAGCATATC
N282_bin_281,50-bp bin starting at position 281,281,330,48.0,44.0,3,4,0.985,0.887,76,72,TCAAGATCAAAGTCGTCCAGCGCAT,CTGACCCCAGCATATCCAAATCAAA
N282_bin_283,50-bp bin starting at position 283,283,332,48.0,44.0,3,4,0.985,0.922,60,76,AAGATCAAAGTCGTCCAGCGCATCT,GACCCCAGCATATCCAAATCAAAGT
N282_bin_294,50-bp bin starting at position 294,294,343,64.0,48.0,4,3,0.936,0.966,108,107,CGTCCAGCGCATCTGACCCCAGCAT,ATCCAAATCAAAGTCGTCAAGCGCG
N282_bin_296,50-bp bin starting at position 296,296,345,56.0,52.0,4,3,0.955,0.97,106,116,TCCAGCGCATCTGACCCCAGCATAT,CCAAATCAAAGTCGTCAAGCGCGTC
N282_bin_302,50-bp bin starting at position 302,302,351,48.0,60.0,4,3,0.944,0.971,74,101,GCATCTGACCCCAGCATATCCAAAT,CAAAGTCGTCAAGCGCGTCGCTACC
N282_bin_308,50-bp bin starting at position 308,308,357,44.0,60.0,4,3,0.922,0.955,76,78,GACCCCAGCATATCCAAATCAAAGT,CGTCAAGCGCGTCGCTACCCAACAT
N282_bin_311,50-bp bin starting at position 311,311,360,44.0,60.0,3,3,0.944,0.955,74,62,CCCAGCATATCCAAATCAAAGTCGT,CAAGCGCGTCGCTACCCAACATGTC
N282_bin_320,50-bp bin starting at position 320,320,369,48.0,52.0,3,3,0.985,0.951,105,50,TCCAAATCAAAGTCGTCAAGCGCGT,CGCTACCCAACATGTCCAGGTCAAA
N282_bin_324,50-bp bin starting at position 324,324,373,52.0,48.0,3,4,0.993,0.951,119,64,AATCAAAGTCGTCAAGCGCGTCGCT,ACCCAACATGTCCAGGTCAAAATCG
N282_bin_333,50-bp bin starting at position 333,333,382,60.0,52.0,3,4,0.955,0.979,78,115,CGTCAAGCGCGTCGCTACCCAACAT,GTCCAGGTCAAAATCGTCCAGAGCA
N282_bin_335,50-bp bin starting at position 335,335,384,56.0,52.0,3,4,0.977,0.97,56,78,TCAAGCGCGTCGCTACCCAACATGT,CCAGGTCAAAATCGTCCAGAGCATC
N282_bin_341,50-bp bin starting at position 341,341,390,60.0,48.0,3,4,0.977,0.985,46,76,GCGTCGCTACCCAACATGTCCAGGT,CAAAATCGTCCAGAGCATCCATGGT
N284_bin_8,50-bp bin starting at position 8,8,57,64.0,64.0,4,3,0.822,0.955,106,58,GTGGGGTCCTTGGCTTTGGGAGGCT,CCGAGCCTGTCAGCAGGGAGATGGT
N284_bin_16,50-bp bin starting at position 16,16,65,64.0,64.0,3,4,0.925,0.909,96,73,CTTGGCTTTGGGAGGCTCCGAGCCT,GTCAGCAGGGAGATGGTGGGGTCCT
N284_bin_18,50-bp bin starting at position 18,18,67,64.0,68.0,3,4,0.914,0.909,74,65,TGGCTTTGGGAGGCTCCGAGCCTGT,CAGCAGGGAGATGGTGGGGTCCTCG
N284_bin_38,50-bp bin starting at position 38,38,87,64.0,72.0,4,4,0.909,0.913,65,72,CCTGTCAGCAGGGAGATGGTGGGGT,CCTCGGCGAAGCCGTCCCCTTCGGA
N284_bin_41,50-bp bin starting at position 41,41,90,64.0,68.0,4,4,0.909,0.944,73,60,GTCAGCAGGGAGATGGTGGGGTCCT,CGGCGAAGCCGTCCCCTTCGGAGAA
N284_bin_53,50-bp bin starting at position 53,53,102,68.0,64.0,4,4,0.923,0.966,56,79,ATGGTGGGGTCCTCGGCGAAGCCGT,CCCCTTCGGAGAAGTAGGAGCCCTC
N284_bin_59,50-bp bin starting at position 59,59,108,72.0,64.0,4,3,0.905,0.957,72,68,GGGTCCTCGGCGAAGCCGTCCCCTT,CGGAGAAGTAGGAGCCCTCTCCCAG
N284_bin_68,50-bp bin starting at position 68,68,117,64.0,60.0,4,3,0.97,0.937,68,69,GCGAAGCCGTCCCCTTCGGAGAAGT,AGGAGCCCTCTCCCAGCTCAAACAG
N284_bin_77,50-bp bin starting at position 77,77,126,60.0,64.0,4,3,0.985,0.896,79,79,TCCCCTTCGGAGAAGTAGGAGCCCT,CTCCCAGCTCAAACAGCACCGGCAG
N284_bin_79,50-bp bin starting at position 79,79,128,60.0,64.0,3,3,0.985,0.914,76,69,CCCTTCGGAGAAGTAGGAGCCCTCT,CCCAGCTCAAACAGCACCGGCAGGT
N284_bin_86,50-bp bin starting at position 86,86,135,60.0,60.0,3,3,0.979,0.979,62,50,GAGAAGTAGGAGCCCTCTCCCAGCT,CAAACAGCACCGGCAGGTCGTTGCT
N284_bin_104,50-bp bin starting at position 104,104,153,64.0,72.0,3,3,0.914,0.905,69,48,CCCAGCTCAAACAGCACCGGCAGGT,CGTTGCTCCCGGTGTCCACGGAGCC
N284_bin_119,50-bp bin starting at position 119,119,168,68.0,72.0,3,4,0.921,0.867,64,76,ACCGGCAGGTCGTTGCTCCCGGTGT,CCACGGAGCCGGGGTCCAGCAGGAA
N284_bin_152,50-bp bin starting at position 152,152,201,72.0,60.0,4,2,0.905,0.961,71,79,CCGGGGTCCAGCAGGAACAGCGGCT,GCGCTGTGTAGTGCACCAGCTGCTT
N284_bin_157,50-bp bin starting at position 157,157,206,68.0,60.0,2,3,0.944,0.961,69,64,GTCCAGCAGGAACAGCGGCTGCGCT,GTGTAGTGCACCAGCTGCTTCCCTG
N284_bin_159,50-bp bin starting at position 159,159,208,68.0,56.0,2,3,0.944,0.989,87,54,CCAGCAGGAACAGCGGCTGCGCTGT,GTAGTGCACCAGCTGCTTCCCTGAA
N284_bin_161,50-bp bin starting at position 161,161,210,64.0,56.0,2,3,0.955,0.977,86,54,AGCAGGAACAGCGGCTGCGCTGTGT,AGTGCACCAGCTGCTTCCCTGAATC
N284_bin_164,50-bp bin starting at position 164,164,213,60.0,64.0,2,3,0.961,0.955,70,50,AGGAACAGCGGCTGCGCTGTGTAGT,GCACCAGCTGCTTCCCTGAATCCGG
N284_bin_173,50-bp bin starting at position 173,173,222,64.0,60.0,2,3,0.953,0.929,79,70,GGCTGCGCTGTGTAGTGCACCAGCT,GCTTCCCTGAATCCGGGCTGCTGTT
N284_bin_176,50-bp bin starting at position 176,176,225,60.0,60.0,2,3,0.961,0.921,84,65,TGCGCTGTGTAGTGCACCAGCTGCT,TCCCTGAATCCGGGCTGCTGTTCTC
N284_bin_177,50-bp bin starting at position 177,177,226,60.0,60.0,2,3,0.961,0.921,79,65,GCGCTGTGTAGTGCACCAGCTGCTT,CCCTGAATCCGGGCTGCTGTTCTCT
N284_bin_181,50-bp bin starting at position 181,181,230,56.0,60.0,3,3,0.957,0.929,64,79,TGTGTAGTGCACCAGCTGCTTCCCT,GAATCCGGGCTGCTGTTCTCTGCCT
N284_bin_192,50-bp bin starting at position 192,192,241,64.0,68.0,3,3,0.942,0.878,55,79,CCAGCTGCTTCCCTGAATCCGGGCT,GCTGTTCTCTGCCTCGGGAGGCCTG
N284_bin_195,50-bp bin starting at position 195,195,244,64.0,72.0,3,4,0.925,0.858,115,85,GCTGCTTCCCTGAATCCGGGCTGCT,GTTCTCTGCCTCGGGAGGCCTGGGG
N284_bin_244,50-bp bin starting at position 244,244,293,68.0,56.0,4,2,0.931,0.989,89,65,GGGCTCCTGGGGAGACAGGAGCTCT,TGGATACTGGCCAGGCTGCTGTCAA
N284_bin_245,50-bp bin starting at position 245,245,294,64.0,60.0,4,2,0.955,0.977,84,61,GGCTCCTGGGGAGACAGGAGCTCTT,GGATACTGGCCAGGCTGCTGTCAAG
N284_bin_249,50-bp bin starting at position 249,249,298,60.0,60.0,4,2,0.961,0.985,69,97,CCTGGGGAGACAGGAGCTCTTGGAT,ACTGGCCAGGCTGCTGTCAAGGTCA
N284_bin_261,50-bp bin starting at position 261,261,310,60.0,60.0,2,2,0.971,0.977,58,120,GGAGCTCTTGGATACTGGCCAGGCT,GCTGTCAAGGTCAGGCAGGCTCATG
N284_bin_264,50-bp bin starting at position 264,264,313,60.0,60.0,2,2,0.961,0.977,57,111,GCTCTTGGATACTGGCCAGGCTGCT,GTCAAGGTCAGGCAGGCTCATGTCG
N284_bin_266,50-bp bin starting at position 266,266,315,56.0,64.0,2,3,0.957,0.955,63,97,TCTTGGATACTGGCCAGGCTGCTGT,CAAGGTCAGGCAGGCTCATGTCGGG
N284_bin_272,50-bp bin starting at position 272,272,321,56.0,68.0,2,3,0.989,0.945,71,107,ATACTGGCCAGGCTGCTGTCAAGGT,CAGGCAGGCTCATGTCGGGCACGGT
N284_bin_287,50-bp bin starting at position 287,287,336,56.0,72.0,2,4,0.989,0.896,120,69,CTGTCAAGGTCAGGCAGGCTCATGT,CGGGCACGGTCACCGAGGGGCTGAA
N284_bin_297,50-bp bin starting at position 297,297,346,68.0,68.0,3,4,0.945,0.921,107,54,CAGGCAGGCTCATGTCGGGCACGGT,CACCGAGGGGCTGAACAGGTCCAGC
N284_bin_309,50-bp bin starting at position 309,309,358,72.0,64.0,4,3,0.913,0.942,79,73,TGTCGGGCACGGTCACCGAGGGGCT,GAACAGGTCCAGCAGGGCACTGGTG
N284_bin_317,50-bp bin starting at position 317,317,366,64.0,68.0,4,3,0.942,0.951,54,68,ACGGTCACCGAGGGGCTGAACAGGT,CCAGCAGGGCACTGGTGTCCACGCT
N284_bin_330,50-bp bin starting at position 330,330,379,64.0,64.0,3,2,0.953,0.966,71,76,GGCTGAACAGGTCCAGCAGGGCACT,GGTGTCCACGCTGAAGCCGCTTCCA
N284_bin_333,50-bp bin starting at position 333,333,382,60.0,64.0,3,2,0.971,0.936,73,100,TGAACAGGTCCAGCAGGGCACTGGT,GTCCACGCTGAAGCCGCTTCCACCT
N284_bin_335,50-bp bin starting at position 335,335,384,60.0,68.0,3,2,0.971,0.88,75,84,AACAGGTCCAGCAGGGCACTGGTGT,CCACGCTGAAGCCGCTTCCACCTCC
N284_bin_342,50-bp bin starting at position 342,342,391,68.0,68.0,3,3,0.951,0.873,68,82,CCAGCAGGGCACTGGTGTCCACGCT,GAAGCCGCTTCCACCTCCTCCCTGC
N284_bin_351,50-bp bin starting at position 351,351,400,64.0,64.0,2,3,0.966,0.873,70,116,CACTGGTGTCCACGCTGAAGCCGCT,TCCACCTCCTCCCTGCCCACTAGAG
N284_bin_352,50-bp bin starting at position 352,352,401,60.0,68.0,2,3,0.979,0.88,60,111,ACTGGTGTCCACGCTGAAGCCGCTT,CCACCTCCTCCCTGCCCACTAGAGG
N284_bin_358,50-bp bin starting at position 358,358,407,64.0,56.0,2,3,0.936,0.955,100,46,GTCCACGCTGAAGCCGCTTCCACCT,CCTCCCTGCCCACTAGAGGAAATCT
N284_bin_361,50-bp bin starting at position 361,361,410,64.0,56.0,2,3,0.909,0.989,76,44,CACGCTGAAGCCGCTTCCACCTCCT,CCCTGCCCACTAGAGGAAATCTGTG
N284_bin_365,50-bp bin starting at position 365,365,414,64.0,52.0,3,3,0.859,0.979,82,36,CTGAAGCCGCTTCCACCTCCTCCCT,GCCCACTAGAGGAAATCTGTGACAG
N284_bin_381,50-bp bin starting at position 381,381,430,56.0,56.0,3,3,0.955,0.983,66,52,CTCCTCCCTGCCCACTAGAGGAAAT,CTGTGACAGCAGGGCACTAAAGTCC
N284_bin_383,50-bp bin starting at position 383,383,432,56.0,52.0,3,3,0.955,0.979,46,46,CCTCCCTGCCCACTAGAGGAAATCT,GTGACAGCAGGGCACTAAAGTCCAT
N284_bin_385,50-bp bin starting at position 385,385,434,52.0,48.0,3,3,0.989,0.971,46,50,TCCCTGCCCACTAGAGGAAATCTGT,GACAGCAGGGCACTAAAGTCCATAT
N284_bin_399,50-bp bin starting at position 399,399,448,52.0,44.0,3,3,0.97,0.989,60,36,AGGAAATCTGTGACAGCAGGGCACT,AAAGTCCATATCAGCGATGCTTGAG
N284_bin_404,50-bp bin starting at position 404,404,453,48.0,48.0,3,2,0.985,0.998,52,34,ATCTGTGACAGCAGGGCACTAAAGT,CCATATCAGCGATGCTTGAGAAGTC
N284_bin_408,50-bp bin starting at position 408,408,457,52.0,44.0,3,2,0.979,0.993,46,54,GTGACAGCAGGGCACTAAAGTCCAT,ATCAGCGATGCTTGAGAAGTCTTCA
N284_bin_410,50-bp bin starting at position 410,410,459,48.0,48.0,3,2,0.971,0.998,50,48,GACAGCAGGGCACTAAAGTCCATAT,CAGCGATGCTTGAGAAGTCTTCATC
N284_bin_417,50-bp bin starting at position 417,417,466,48.0,52.0,3,2,0.989,0.993,36,40,GGGCACTAAAGTCCATATCAGCGAT,GCTTGAGAAGTCTTCATCTCCGGAC
N284_bin_420,50-bp bin starting at position 420,420,469,44.0,52.0,3,2,0.979,0.998,36,34,CACTAAAGTCCATATCAGCGATGCT,TGAGAAGTCTTCATCTCCGGACAGC
N284_bin_428,50-bp bin starting at position 428,428,477,44.0,56.0,2,3,0.993,0.977,34,44,TCCATATCAGCGATGCTTGAGAAGT,CTTCATCTCCGGACAGCCCATTAGG
N284_bin_430,50-bp bin starting at position 430,430,479,44.0,56.0,2,3,0.993,0.977,38,42,CATATCAGCGATGCTTGAGAAGTCT,TCATCTCCGGACAGCCCATTAGGCA
N284_bin_434,50-bp bin starting at position 434,434,483,44.0,68.0,2,3,0.989,0.937,54,64,TCAGCGATGCTTGAGAAGTCTTCAT,CTCCGGACAGCCCATTAGGCAGGCC
N284_bin_436,50-bp bin starting at position 436,436,485,44.0,72.0,2,3,0.989,0.905,52,76,AGCGATGCTTGAGAAGTCTTCATCT,CCGGACAGCCCATTAGGCAGGCCGC
N284_bin_449,50-bp bin starting at position 449,449,498,52.0,72.0,3,4,0.971,0.913,44,77,AAGTCTTCATCTCCGGACAGCCCAT,TAGGCAGGCCGCTGGTTCCCAGGGG
N284_bin_450,50-bp bin starting at position 450,450,499,52.0,72.0,3,4,0.966,0.913,48,77,AGTCTTCATCTCCGGACAGCCCATT,AGGCAGGCCGCTGGTTCCCAGGGGA
N284_bin_462,50-bp bin starting at position 462,462,511,68.0,72.0,3,4,0.944,0.841,68,84,CGGACAGCCCATTAGGCAGGCCGCT,GGTTCCCAGGGGAGTTGGAGCGGGG
N284_bin_465,50-bp bin starting at position 465,465,514,64.0,72.0,3,4,0.97,0.873,64,80,ACAGCCCATTAGGCAGGCCGCTGGT,TCCCAGGGGAGTTGGAGCGGGGTCG
N284_bin_525,50-bp bin starting at position 525,525,574,68.0,56.0,3,4,0.951,0.983,82,48,GGCTGCCGGTCACCAGCCGGGTAAT,GGCTTCGGGGTACTCCATCAGCATT
N284_bin_529,50-bp bin starting at position 529,529,578,68.0,52.0,3,4,0.951,0.979,82,50,GCCGGTCACCAGCCGGGTAATGGCT,TCGGGGTACTCCATCAGCATTGGTT
N284_bin_530,50-bp bin starting at position 530,530,579,64.0,56.0,3,4,0.97,0.983,56,50,CCGGTCACCAGCCGGGTAATGGCTT,CGGGGTACTCCATCAGCATTGGTTC
N284_bin_536,50-bp bin starting at position 536,536,585,64.0,52.0,4,2,0.955,0.979,65,46,ACCAGCCGGGTAATGGCTTCGGGGT,ACTCCATCAGCATTGGTTCGGCTGT
N284_bin_539,50-bp bin starting at position 539,539,588,60.0,52.0,4,2,0.955,0.979,93,44,AGCCGGGTAATGGCTTCGGGGTACT,CCATCAGCATTGGTTCGGCTGTACT
N284_bin_543,50-bp bin starting at position 543,543,592,56.0,48.0,4,2,0.966,0.985,79,38,GGGTAATGGCTTCGGGGTACTCCAT,CAGCATTGGTTCGGCTGTACTATGA
N284_bin_549,50-bp bin starting at position 549,549,598,56.0,48.0,4,2,0.983,0.97,44,42,TGGCTTCGGGGTACTCCATCAGCAT,TGGTTCGGCTGTACTATGAGACATG
N284_bin_550,50-bp bin starting at position 550,550,599,56.0,52.0,4,2,0.983,0.966,48,42,GGCTTCGGGGTACTCCATCAGCATT,GGTTCGGCTGTACTATGAGACATGG
N284_bin_553,50-bp bin starting at position 553,553,602,52.0,48.0,4,2,0.979,0.993,50,64,TTCGGGGTACTCCATCAGCATTGGT,TCGGCTGTACTATGAGACATGGACA
N284_bin_554,50-bp bin starting at position 554,554,603,52.0,52.0,4,2,0.979,0.993,50,66,TCGGGGTACTCCATCAGCATTGGTT,CGGCTGTACTATGAGACATGGACAC
N284_bin_559,50-bp bin starting at position 559,559,608,52.0,52.0,2,3,0.979,0.993,42,64,GTACTCCATCAGCATTGGTTCGGCT,GTACTATGAGACATGGACACGCCCT
N284_bin_561,50-bp bin starting at position 561,561,610,52.0,52.0,2,3,0.979,0.979,46,70,ACTCCATCAGCATTGGTTCGGCTGT,ACTATGAGACATGGACACGCCCTGA
N284_bin_564,50-bp bin starting at position 564,564,613,52.0,52.0,2,3,0.979,0.993,44,66,CCATCAGCATTGGTTCGGCTGTACT,ATGAGACATGGACACGCCCTGATTC
N284_bin_566,50-bp bin starting at position 566,566,615,44.0,56.0,2,3,0.977,0.983,42,56,ATCAGCATTGGTTCGGCTGTACTAT,GAGACATGGACACGCCCTGATTCAG
N284_bin_573,50-bp bin starting at position 573,573,622,44.0,64.0,2,3,0.966,0.966,38,64,TTGGTTCGGCTGTACTATGAGACAT,GGACACGCCCTGATTCAGCAGCTGC
N284_bin_584,50-bp bin starting at position 584,584,633,52.0,48.0,3,3,0.993,0.989,64,99,GTACTATGAGACATGGACACGCCCT,GATTCAGCAGCTGCTGAAACTCAGA
N284_bin_587,50-bp bin starting at position 587,587,636,52.0,48.0,3,3,0.993,0.998,70,99,CTATGAGACATGGACACGCCCTGAT,TCAGCAGCTGCTGAAACTCAGAGTT
N284_bin_588,50-bp bin starting at position 588,588,637,48.0,52.0,3,3,0.998,0.993,66,83,TATGAGACATGGACACGCCCTGATT,CAGCAGCTGCTGAAACTCAGAGTTG
N284_bin_596,50-bp bin starting at position 596,596,645,56.0,52.0,3,3,0.989,0.993,60,38,ATGGACACGCCCTGATTCAGCAGCT,GCTGAAACTCAGAGTTGTCCACGGA
N284_bin_599,50-bp bin starting at position 599,599,648,60.0,56.0,3,3,0.977,0.979,72,42,GACACGCCCTGATTCAGCAGCTGCT,GAAACTCAGAGTTGTCCACGGAGGC
N284_bin_605,50-bp bin starting at position 605,605,654,52.0,60.0,3,2,0.989,0.979,97,68,CCCTGATTCAGCAGCTGCTGAAACT,CAGAGTTGTCCACGGAGGCCAGATC
N284_bin_611,50-bp bin starting at position 611,611,660,48.0,56.0,3,2,0.998,0.989,99,48,TTCAGCAGCTGCTGAAACTCAGAGT,TGTCCACGGAGGCCAGATCTGTGAA
N284_bin_612,50-bp bin starting at position 612,612,661,48.0,60.0,3,2,0.998,0.979,99,44,TCAGCAGCTGCTGAAACTCAGAGTT,GTCCACGGAGGCCAGATCTGTGAAC
N284_bin_614,50-bp bin starting at position 614,614,663,48.0,60.0,3,2,0.993,0.961,74,46,AGCAGCTGCTGAAACTCAGAGTTGT,CCACGGAGGCCAGATCTGTGAACAC
N284_bin_629,50-bp bin starting at position 629,629,678,56.0,60.0,2,3,0.989,0.979,68,50,TCAGAGTTGTCCACGGAGGCCAGAT,CTGTGAACACTCCGGGATCGGTGCT
N284_bin_631,50-bp bin starting at position 631,631,680,56.0,60.0,2,3,0.989,0.971,52,50,AGAGTTGTCCACGGAGGCCAGATCT,GTGAACACTCCGGGATCGGTGCTGT
N284_bin_633,50-bp bin starting at position 633,633,682,56.0,60.0,2,3,0.989,0.979,48,42,AGTTGTCCACGGAGGCCAGATCTGT,GAACACTCCGGGATCGGTGCTGTTC
N284_bin_640,50-bp bin starting at position 640,640,689,56.0,68.0,2,4,0.983,0.944,40,50,CACGGAGGCCAGATCTGTGAACACT,CCGGGATCGGTGCTGTTCCCCAGCA
N284_bin_647,50-bp bin starting at position 647,647,696,56.0,68.0,3,4,0.993,0.937,44,70,GCCAGATCTGTGAACACTCCGGGAT,CGGTGCTGTTCCCCAGCAGAGCTCC
N284_bin_651,50-bp bin starting at position 651,651,700,56.0,68.0,3,4,0.989,0.945,68,114,GATCTGTGAACACTCCGGGATCGGT,GCTGTTCCCCAGCAGAGCTCCCAGG
N284_bin_654,50-bp bin starting at position 654,654,703,60.0,68.0,3,4,0.979,0.931,50,113,CTGTGAACACTCCGGGATCGGTGCT,GTTCCCCAGCAGAGCTCCCAGGTCC
N284_bin_656,50-bp bin starting at position 656,656,705,60.0,68.0,3,4,0.971,0.909,50,121,GTGAACACTCCGGGATCGGTGCTGT,TCCCCAGCAGAGCTCCCAGGTCCTC
N284_bin_657,50-bp bin starting at position 657,657,706,56.0,68.0,3,4,0.979,0.902,42,110,TGAACACTCCGGGATCGGTGCTGTT,CCCCAGCAGAGCTCCCAGGTCCTCA
N284_bin_670,50-bp bin starting at position 670,670,719,60.0,60.0,4,3,0.979,0.961,62,54,ATCGGTGCTGTTCCCCAGCAGAGCT,CCCAGGTCCTCATCAGCGTCGAACT
N284_bin_677,50-bp bin starting at position 677,677,726,64.0,60.0,4,2,0.955,0.985,110,48,CTGTTCCCCAGCAGAGCTCCCAGGT,CCTCATCAGCGTCGAACTGCAGGTG
N284_bin_680,50-bp bin starting at position 680,680,729,64.0,60.0,4,2,0.936,0.979,113,83,TTCCCCAGCAGAGCTCCCAGGTCCT,CATCAGCGTCGAACTGCAGGTGCAG
N284_bin_683,50-bp bin starting at position 683,683,732,64.0,64.0,3,2,0.936,0.953,105,107,CCCAGCAGAGCTCCCAGGTCCTCAT,CAGCGTCGAACTGCAGGTGCAGCAG
N284_bin_689,50-bp bin starting at position 689,689,738,60.0,60.0,3,2,0.977,0.979,70,94,AGAGCTCCCAGGTCCTCATCAGCGT,CGAACTGCAGGTGCAGCAGAGCTTC
N284_bin_695,50-bp bin starting at position 695,695,744,60.0,60.0,3,2,0.961,0.979,54,81,CCCAGGTCCTCATCAGCGTCGAACT,GCAGGTGCAGCAGAGCTTCACTCAG
N284_bin_701,50-bp bin starting at position 701,701,750,56.0,60.0,2,3,0.989,0.971,46,115,TCCTCATCAGCGTCGAACTGCAGGT,GCAGCAGAGCTTCACTCAGAGTCCC
N284_bin_712,50-bp bin starting at position 712,712,761,60.0,68.0,2,4,0.971,0.902,98,70,GTCGAACTGCAGGTGCAGCAGAGCT,TCACTCAGAGTCCCCTCGCCGGCCT
N284_bin_713,50-bp bin starting at position 713,713,762,56.0,72.0,2,4,0.989,0.896,94,62,TCGAACTGCAGGTGCAGCAGAGCTT,CACTCAGAGTCCCCTCGCCGGCCTG
N284_bin_717,50-bp bin starting at position 717,717,766,56.0,68.0,2,4,0.993,0.937,104,64,ACTGCAGGTGCAGCAGAGCTTCACT,CAGAGTCCCCTCGCCGGCCTGTGTA
N284_bin_723,50-bp bin starting at position 723,723,772,56.0,68.0,2,4,0.989,0.914,113,58,GGTGCAGCAGAGCTTCACTCAGAGT,CCCCTCGCCGGCCTGTGTAGACTTG
N284_bin_728,50-bp bin starting at position 728,728,777,56.0,68.0,4,3,0.977,0.944,104,56,AGCAGAGCTTCACTCAGAGTCCCCT,CGCCGGCCTGTGTAGACTTGGGCAC
N284_bin_737,50-bp bin starting at position 737,737,786,68.0,60.0,4,3,0.902,0.955,70,52,TCACTCAGAGTCCCCTCGCCGGCCT,GTGTAGACTTGGGCACTGGAGCGCT
N284_bin_739,50-bp bin starting at position 739,739,788,68.0,60.0,4,3,0.923,0.977,62,50,ACTCAGAGTCCCCTCGCCGGCCTGT,GTAGACTTGGGCACTGGAGCGCTCA
N284_bin_741,50-bp bin starting at position 741,741,790,68.0,60.0,4,3,0.914,0.977,66,52,TCAGAGTCCCCTCGCCGGCCTGTGT,AGACTTGGGCACTGGAGCGCTCAGT
N284_bin_746,50-bp bin starting at position 746,746,795,68.0,64.0,4,3,0.914,0.955,62,68,GTCCCCTCGCCGGCCTGTGTAGACT,TGGGCACTGGAGCGCTCAGTGACTG
N284_bin_747,50-bp bin starting at position 747,747,796,64.0,68.0,4,3,0.914,0.931,60,86,TCCCCTCGCCGGCCTGTGTAGACTT,GGGCACTGGAGCGCTCAGTGACTGG
N284_bin_754,50-bp bin starting at position 754,754,803,64.0,68.0,3,4,0.953,0.902,60,66,GCCGGCCTGTGTAGACTTGGGCACT,GGAGCGCTCAGTGACTGGGGTGGTC
N284_bin_770,50-bp bin starting at position 770,770,819,60.0,72.0,3,4,0.971,0.873,52,113,TTGGGCACTGGAGCGCTCAGTGACT,GGGGTGGTCCTGGGGTCAGCACAGG
N284_bin_775,50-bp bin starting at position 775,775,824,64.0,72.0,4,4,0.955,0.896,94,96,CACTGGAGCGCTCAGTGACTGGGGT,GGTCCTGGGGTCAGCACAGGGGCTG
N284_bin_778,50-bp bin starting at position 778,778,827,64.0,72.0,4,4,0.896,0.896,67,84,TGGAGCGCTCAGTGACTGGGGTGGT,CCTGGGGTCAGCACAGGGGCTGGAG
N284_bin_781,50-bp bin starting at position 781,781,830,64.0,72.0,4,4,0.942,0.855,62,85,AGCGCTCAGTGACTGGGGTGGTCCT,GGGGTCAGCACAGGGGCTGGAGCAG
N284_bin_799,50-bp bin starting at position 799,799,848,68.0,72.0,4,3,0.923,0.855,96,81,TGGTCCTGGGGTCAGCACAGGGGCT,GGAGCAGGTGGCTGGGCCAGAGGCA
N284_bin_808,50-bp bin starting at position 808,808,857,68.0,68.0,4,3,0.902,0.921,93,73,GGTCAGCACAGGGGCTGGAGCAGGT,GGCTGGGCCAGAGGCACCATAGCAC
N284_bin_812,50-bp bin starting at position 812,812,861,68.0,60.0,4,3,0.902,0.929,114,88,AGCACAGGGGCTGGAGCAGGTGGCT,GGGCCAGAGGCACCATAGCACTAGA
N284_bin_828,50-bp bin starting at position 828,828,877,68.0,56.0,3,3,0.937,0.979,71,62,CAGGTGGCTGGGCCAGAGGCACCAT,AGCACTAGAGGGCACCATAGTCTGG
N284_bin_834,50-bp bin starting at position 834,834,883,64.0,64.0,3,3,0.957,0.953,72,58,GCTGGGCCAGAGGCACCATAGCACT,AGAGGGCACCATAGTCTGGGCCAGC
N284_bin_851,50-bp bin starting at position 851,851,900,48.0,72.0,3,3,0.989,0.879,83,85,ATAGCACTAGAGGGCACCATAGTCT,GGGCCAGCACTGGAGCGGAGCTAGG
N284_bin_862,50-bp bin starting at position 862,862,911,64.0,72.0,3,4,0.97,0.841,84,122,GGGCACCATAGTCTGGGCCAGCACT,GGAGCGGAGCTAGGGGCCAGAGCCA
N313_bin_33,50-bp bin starting at position 33,33,82,60.0,52.0,4,2,0.896,0.998,74,76,AGGTTTTAGCTGGGGAGGCAGGGCT,TTCATTGACGATCAGCACGAGCTGG
N313_bin_34,50-bp bin starting at position 34,34,83,60.0,52.0,4,2,0.878,0.998,71,72,GGTTTTAGCTGGGGAGGCAGGGCTT,TCATTGACGATCAGCACGAGCTGGT
N313_bin_35,50-bp bin starting at position 35,35,84,56.0,52.0,4,2,0.891,0.998,74,66,GTTTTAGCTGGGGAGGCAGGGCTTT,CATTGACGATCAGCACGAGCTGGTT
N313_bin_38,50-bp bin starting at position 38,38,87,56.0,52.0,4,2,0.945,0.993,65,68,TTAGCTGGGGAGGCAGGGCTTTCAT,TGACGATCAGCACGAGCTGGTTCTT
N313_bin_39,50-bp bin starting at position 39,39,88,56.0,52.0,4,2,0.945,0.998,65,64,TAGCTGGGGAGGCAGGGCTTTCATT,GACGATCAGCACGAGCTGGTTCTTA
N313_bin_45,50-bp bin starting at position 45,45,94,56.0,52.0,3,2,0.955,0.998,56,50,GGGAGGCAGGGCTTTCATTGACGAT,CAGCACGAGCTGGTTCTTAGTACAG
N313_bin_63,50-bp bin starting at position 63,63,112,52.0,44.0,2,4,0.993,0.989,68,58,TGACGATCAGCACGAGCTGGTTCTT,AGTACAGCTTTTCTTATGCAGGAGC
N313_bin_66,50-bp bin starting at position 66,66,115,52.0,44.0,2,4,0.993,0.993,50,77,CGATCAGCACGAGCTGGTTCTTAGT,ACAGCTTTTCTTATGCAGGAGCAGA
N313_bin_72,50-bp bin starting at position 72,72,121,52.0,44.0,2,3,0.993,0.989,58,68,GCACGAGCTGGTTCTTAGTACAGCT,TTTCTTATGCAGGAGCAGATCTGAC
N313_bin_73,50-bp bin starting at position 73,73,122,48.0,44.0,2,2,0.989,0.993,64,68,CACGAGCTGGTTCTTAGTACAGCTT,TTCTTATGCAGGAGCAGATCTGACA
N313_bin_74,50-bp bin starting at position 74,74,123,44.0,48.0,3,2,0.977,0.993,62,69,ACGAGCTGGTTCTTAGTACAGCTTT,TCTTATGCAGGAGCAGATCTGACAG
N313_bin_75,50-bp bin starting at position 75,75,124,44.0,48.0,4,2,0.955,0.993,66,59,CGAGCTGGTTCTTAGTACAGCTTTT,CTTATGCAGGAGCAGATCTGACAGT
N313_bin_92,50-bp bin starting at position 92,92,141,44.0,48.0,4,3,0.989,0.966,81,42,CAGCTTTTCTTATGCAGGAGCAGAT,CTGACAGTTCAAAGAACTCGGCACA
N313_bin_94,50-bp bin starting at position 94,94,143,44.0,52.0,4,3,0.977,0.953,80,58,GCTTTTCTTATGCAGGAGCAGATCT,GACAGTTCAAAGAACTCGGCACAGC
N313_bin_100,50-bp bin starting at position 100,100,149,48.0,56.0,2,3,0.993,0.922,59,68,CTTATGCAGGAGCAGATCTGACAGT,TCAAAGAACTCGGCACAGCACCTCC
N313_bin_101,50-bp bin starting at position 101,101,150,44.0,60.0,2,3,0.983,0.881,59,68,TTATGCAGGAGCAGATCTGACAGTT,CAAAGAACTCGGCACAGCACCTCCC
N313_bin_123,50-bp bin starting at position 123,123,172,52.0,60.0,3,3,0.97,0.937,56,64,GTTCAAAGAACTCGGCACAGCACCT,CCCGCACACGTGTGCGTCTTTACTC
N313_bin_134,50-bp bin starting at position 134,134,183,68.0,56.0,3,3,0.902,0.867,97,92,TCGGCACAGCACCTCCCGCACACGT,GTGCGTCTTTACTCTTTGTGGGCCG
N313_bin_136,50-bp bin starting at position 136,136,185,68.0,56.0,3,3,0.923,0.921,95,82,GGCACAGCACCTCCCGCACACGTGT,GCGTCTTTACTCTTTGTGGGCCGAG
N313_bin_140,50-bp bin starting at position 140,140,189,68.0,52.0,3,3,0.931,0.944,77,56,CAGCACCTCCCGCACACGTGTGCGT,CTTTACTCTTTGTGGGCCGAGATGG
N313_bin_142,50-bp bin starting at position 142,142,191,68.0,52.0,3,3,0.923,0.944,83,44,GCACCTCCCGCACACGTGTGCGTCT,TTACTCTTTGTGGGCCGAGATGGCT
N313_bin_143,50-bp bin starting at position 143,143,192,64.0,56.0,3,3,0.923,0.944,67,44,CACCTCCCGCACACGTGTGCGTCTT,TACTCTTTGTGGGCCGAGATGGCTG
N313_bin_144,50-bp bin starting at position 144,144,193,60.0,56.0,3,3,0.937,0.944,66,54,ACCTCCCGCACACGTGTGCGTCTTT,ACTCTTTGTGGGCCGAGATGGCTGT
N313_bin_147,50-bp bin starting at position 147,147,196,56.0,64.0,3,3,0.944,0.925,64,58,TCCCGCACACGTGTGCGTCTTTACT,CTTTGTGGGCCGAGATGGCTGTCCC
N313_bin_149,50-bp bin starting at position 149,149,198,56.0,60.0,3,3,0.944,0.921,68,58,CCGCACACGTGTGCGTCTTTACTCT,TTGTGGGCCGAGATGGCTGTCCCTT
N313_bin_150,50-bp bin starting at position 150,150,199,52.0,64.0,3,3,0.944,0.925,84,58,CGCACACGTGTGCGTCTTTACTCTT,TGTGGGCCGAGATGGCTGTCCCTTC
N313_bin_151,50-bp bin starting at position 151,151,200,48.0,64.0,3,3,0.937,0.925,108,52,GCACACGTGTGCGTCTTTACTCTTT,GTGGGCCGAGATGGCTGTCCCTTCT
N313_bin_153,50-bp bin starting at position 153,153,202,44.0,68.0,3,3,0.923,0.921,104,46,ACACGTGTGCGTCTTTACTCTTTGT,GGGCCGAGATGGCTGTCCCTTCTCG
N313_bin_163,50-bp bin starting at position 163,163,212,48.0,64.0,3,3,0.937,0.878,78,46,GTCTTTACTCTTTGTGGGCCGAGAT,GGCTGTCCCTTCTCGGTATCGCCGT
N313_bin_167,50-bp bin starting at position 167,167,216,52.0,60.0,3,3,0.944,0.855,44,73,TTACTCTTTGTGGGCCGAGATGGCT,GTCCCTTCTCGGTATCGCCGTCTCT
N313_bin_169,50-bp bin starting at position 169,169,218,56.0,64.0,3,3,0.944,0.822,54,74,ACTCTTTGTGGGCCGAGATGGCTGT,CCCTTCTCGGTATCGCCGTCTCTCC
N313_bin_173,50-bp bin starting at position 173,173,222,60.0,64.0,3,3,0.921,0.878,58,76,TTTGTGGGCCGAGATGGCTGTCCCT,TCTCGGTATCGCCGTCTCTCCTGGG
N313_bin_174,50-bp bin starting at position 174,174,223,60.0,68.0,3,4,0.921,0.878,58,75,TTGTGGGCCGAGATGGCTGTCCCTT,CTCGGTATCGCCGTCTCTCCTGGGG
N313_bin_176,50-bp bin starting at position 176,176,225,64.0,68.0,3,4,0.925,0.921,52,62,GTGGGCCGAGATGGCTGTCCCTTCT,CGGTATCGCCGTCTCTCCTGGGGAG
N313_bin_180,50-bp bin starting at position 180,180,229,64.0,64.0,3,4,0.929,0.966,42,79,GCCGAGATGGCTGTCCCTTCTCGGT,ATCGCCGTCTCTCCTGGGGAGGGAA
N313_bin_182,50-bp bin starting at position 182,182,231,56.0,72.0,3,4,0.961,0.922,40,85,CGAGATGGCTGTCCCTTCTCGGTAT,CGCCGTCTCTCCTGGGGAGGGAAGC
N313_bin_188,50-bp bin starting at position 188,188,237,64.0,64.0,3,4,0.878,0.966,46,63,GGCTGTCCCTTCTCGGTATCGCCGT,CTCTCCTGGGGAGGGAAGCGACTTC
N313_bin_190,50-bp bin starting at position 190,190,239,60.0,64.0,3,4,0.855,0.955,54,65,CTGTCCCTTCTCGGTATCGCCGTCT,CTCCTGGGGAGGGAAGCGACTTCTG
N313_bin_192,50-bp bin starting at position 192,192,241,60.0,68.0,3,4,0.855,0.909,73,98,GTCCCTTCTCGGTATCGCCGTCTCT,CCTGGGGAGGGAAGCGACTTCTGGG
N313_bin_195,50-bp bin starting at position 195,195,244,60.0,64.0,2,4,0.83,0.909,80,66,CCTTCTCGGTATCGCCGTCTCTCCT,GGGGAGGGAAGCGACTTCTGGGTCT
N313_bin_211,50-bp bin starting at position 211,211,260,64.0,52.0,4,4,0.955,0.966,77,124,GTCTCTCCTGGGGAGGGAAGCGACT,TCTGGGTCTGACTGAAAATGCTGGG
N313_bin_212,50-bp bin starting at position 212,212,261,60.0,56.0,4,4,0.971,0.955,77,111,TCTCTCCTGGGGAGGGAAGCGACTT,CTGGGTCTGACTGAAAATGCTGGGG
N313_bin_214,50-bp bin starting at position 214,214,263,60.0,56.0,4,4,0.971,0.955,63,84,TCTCCTGGGGAGGGAAGCGACTTCT,GGGTCTGACTGAAAATGCTGGGGCT
N313_bin_218,50-bp bin starting at position 218,218,267,64.0,52.0,4,4,0.909,0.985,98,91,CTGGGGAGGGAAGCGACTTCTGGGT,CTGACTGAAAATGCTGGGGCTTTGC
N313_bin_220,50-bp bin starting at position 220,220,269,64.0,52.0,4,4,0.909,0.985,66,72,GGGGAGGGAAGCGACTTCTGGGTCT,GACTGAAAATGCTGGGGCTTTGCCT
N313_bin_224,50-bp bin starting at position 224,224,273,56.0,52.0,3,4,0.977,0.97,84,100,AGGGAAGCGACTTCTGGGTCTGACT,GAAAATGCTGGGGCTTTGCCTGCTT
N313_bin_233,50-bp bin starting at position 233,233,282,44.0,64.0,4,4,0.989,0.882,89,103,ACTTCTGGGTCTGACTGAAAATGCT,GGGGCTTTGCCTGCTTCCGCCTTGA
N313_bin_239,50-bp bin starting at position 239,239,288,56.0,52.0,4,2,0.955,0.926,84,74,GGGTCTGACTGAAAATGCTGGGGCT,TTGCCTGCTTCCGCCTTGACATACT
N313_bin_240,50-bp bin starting at position 240,240,289,52.0,56.0,4,2,0.966,0.944,79,74,GGTCTGACTGAAAATGCTGGGGCTT,TGCCTGCTTCCGCCTTGACATACTG
N313_bin_241,50-bp bin starting at position 241,241,290,48.0,60.0,4,2,0.97,0.953,81,66,GTCTGACTGAAAATGCTGGGGCTTT,GCCTGCTTCCGCCTTGACATACTGG
N313_bin_245,50-bp bin starting at position 245,245,294,52.0,56.0,4,2,0.985,0.944,72,83,GACTGAAAATGCTGGGGCTTTGCCT,GCTTCCGCCTTGACATACTGGCTTC
N313_bin_248,50-bp bin starting at position 248,248,297,52.0,56.0,4,2,0.97,0.945,86,50,TGAAAATGCTGGGGCTTTGCCTGCT,TCCGCCTTGACATACTGGCTTCCAC
N313_bin_249,50-bp bin starting at position 249,249,298,52.0,60.0,4,2,0.97,0.931,100,42,GAAAATGCTGGGGCTTTGCCTGCTT,CCGCCTTGACATACTGGCTTCCACC
N313_bin_268,50-bp bin starting at position 268,268,317,56.0,52.0,2,2,0.944,0.897,52,115,CTGCTTCCGCCTTGACATACTGGCT,TCCACCTTCCGCTTCTTCTTAGGAC
N313_bin_269,50-bp bin starting at position 269,269,318,52.0,52.0,2,2,0.944,0.897,57,109,TGCTTCCGCCTTGACATACTGGCTT,CCACCTTCCGCTTCTTCTTAGGACT
N313_bin_275,50-bp bin starting at position 275,275,324,56.0,52.0,2,2,0.945,0.944,48,113,CGCCTTGACATACTGGCTTCCACCT,TCCGCTTCTTCTTAGGACTGCTAGC
N313_bin_276,50-bp bin starting at position 276,276,325,52.0,56.0,2,2,0.951,0.944,61,115,GCCTTGACATACTGGCTTCCACCTT,CCGCTTCTTCTTAGGACTGCTAGCC
N313_bin_281,50-bp bin starting at position 281,281,330,56.0,48.0,2,2,0.945,0.971,86,62,GACATACTGGCTTCCACCTTCCGCT,TCTTCTTAGGACTGCTAGCCATGGT
N313_bin_282,50-bp bin starting at position 282,282,331,52.0,52.0,2,2,0.922,0.979,99,46,ACATACTGGCTTCCACCTTCCGCTT,CTTCTTAGGACTGCTAGCCATGGTG
N313_bin_284,50-bp bin starting at position 284,284,333,52.0,56.0,2,2,0.897,0.979,114,44,ATACTGGCTTCCACCTTCCGCTTCT,TCTTAGGACTGCTAGCCATGGTGGC
C32_bin_3,50-bp bin starting at position 3,3,52,64.0,48.0,4,2,0.896,0.993,77,48,AGGGCTCCTCGCCCTTTTCCAGCCT,AAGAATGACGTCTGGCTTGGTCAAC
C32_bin_9,50-bp bin starting at position 9,9,58,52.0,48.0,4,2,0.937,0.993,59,54,CCTCGCCCTTTTCCAGCCTAAGAAT,GACGTCTGGCTTGGTCAACTGATAA
C32_bin_14,50-bp bin starting at position 14,14,63,48.0,52.0,4,3,0.979,0.998,42,50,CCCTTTTCCAGCCTAAGAATGACGT,CTGGCTTGGTCAACTGATAACCCAG
C32_bin_16,50-bp bin starting at position 16,16,65,44.0,52.0,4,3,0.979,0.993,38,42,CTTTTCCAGCCTAAGAATGACGTCT,GGCTTGGTCAACTGATAACCCAGAG
C32_bin_20,50-bp bin starting at position 20,20,69,52.0,48.0,2,3,0.998,0.971,34,83,TCCAGCCTAAGAATGACGTCTGGCT,TGGTCAACTGATAACCCAGAGAGAC
C32_bin_21,50-bp bin starting at position 21,21,70,52.0,52.0,2,3,0.998,0.953,30,87,CCAGCCTAAGAATGACGTCTGGCTT,GGTCAACTGATAACCCAGAGAGACC
C32_bin_99,50-bp bin starting at position 99,99,148,48.0,64.0,3,2,0.985,0.955,59,69,TTCTGTAAACAATCTGCTGGGCGGT,ATCCAGGAGCTTCCACTCCTCGCGG
C32_bin_101,50-bp bin starting at position 101,101,150,48.0,68.0,3,3,0.993,0.937,55,58,CTGTAAACAATCTGCTGGGCGGTAT,CCAGGAGCTTCCACTCCTCGCGGGT
C32_bin_110,50-bp bin starting at position 110,110,159,60.0,60.0,3,3,0.971,0.961,54,95,ATCTGCTGGGCGGTATCCAGGAGCT,TCCACTCCTCGCGGGTAAAGTCCAC
C32_bin_111,50-bp bin starting at position 111,111,160,60.0,60.0,3,3,0.953,0.955,44,74,TCTGCTGGGCGGTATCCAGGAGCTT,CCACTCCTCGCGGGTAAAGTCCACA
C32_bin_116,50-bp bin starting at position 116,116,165,60.0,56.0,3,3,0.979,0.957,52,60,TGGGCGGTATCCAGGAGCTTCCACT,CCTCGCGGGTAAAGTCCACAAAGAC
C32_bin_119,50-bp bin starting at position 119,119,168,60.0,56.0,2,3,0.971,0.961,57,66,GCGGTATCCAGGAGCTTCCACTCCT,CGCGGGTAAAGTCCACAAAGACGTC
C32_bin_131,50-bp bin starting at position 131,131,180,56.0,44.0,3,3,0.989,0.966,52,72,AGCTTCCACTCCTCGCGGGTAAAGT,CCACAAAGACGTCTTTGAAAGTCAC
C32_bin_143,50-bp bin starting at position 143,143,192,52.0,52.0,3,3,0.979,0.966,60,50,TCGCGGGTAAAGTCCACAAAGACGT,CTTTGAAAGTCACGAGAGTGCGGGA
C32_bin_145,50-bp bin starting at position 145,145,194,52.0,56.0,3,3,0.979,0.966,64,50,GCGGGTAAAGTCCACAAAGACGTCT,TTGAAAGTCACGAGAGTGCGGGACC
C32_bin_146,50-bp bin starting at position 146,146,195,48.0,56.0,3,3,0.989,0.944,64,54,CGGGTAAAGTCCACAAAGACGTCTT,TGAAAGTCACGAGAGTGCGGGACCA
C32_bin_147,50-bp bin starting at position 147,147,196,44.0,56.0,3,3,0.989,0.944,64,50,GGGTAAAGTCCACAAAGACGTCTTT,GAAAGTCACGAGAGTGCGGGACCAT
C32_bin_162,50-bp bin starting at position 162,162,211,44.0,68.0,3,3,0.979,0.951,72,80,AGACGTCTTTGAAAGTCACGAGAGT,GCGGGACCATGCCGTCAGGGACTTC
C46_bin_2,50-bp bin starting at position 2,2,51,44.0,56.0,3,2,0.989,0.867,44,91,TAGGTGTTTCTAATGCCAAGAGCCT,GTTCGAGCTCTTGCCTCCTCTGTTG
C46_bin_4,50-bp bin starting at position 4,4,53,48.0,56.0,3,2,0.985,0.921,48,83,GGTGTTTCTAATGCCAAGAGCCTGT,TCGAGCTCTTGCCTCCTCTGTTGGA
C46_bin_5,50-bp bin starting at position 5,5,54,44.0,60.0,3,2,0.977,0.921,64,81,GTGTTTCTAATGCCAAGAGCCTGTT,CGAGCTCTTGCCTCCTCTGTTGGAC
C46_bin_11,50-bp bin starting at position 11,11,60,52.0,52.0,2,2,0.998,0.887,60,73,CTAATGCCAAGAGCCTGTTCGAGCT,CTTGCCTCCTCTGTTGGACCTTACT
C46_bin_13,50-bp bin starting at position 13,13,62,52.0,48.0,2,2,0.998,0.922,64,61,AATGCCAAGAGCCTGTTCGAGCTCT,TGCCTCCTCTGTTGGACCTTACTAT
C46_bin_14,50-bp bin starting at position 14,14,63,52.0,48.0,2,2,0.993,0.951,64,61,ATGCCAAGAGCCTGTTCGAGCTCTT,GCCTCCTCTGTTGGACCTTACTATA
C46_bin_38,50-bp bin starting at position 38,38,87,48.0,44.0,2,4,0.922,0.983,61,71,TGCCTCCTCTGTTGGACCTTACTAT,AAAAGTATCTGCACACTGCTTCCTG
C46_bin_70,50-bp bin starting at position 70,70,119,60.0,56.0,3,4,0.937,0.983,73,42,TCTGCACACTGCTTCCTGGGCCCAT,GGTTGGAAGTAAAACTCAGCCCGCC
C46_bin_73,50-bp bin starting at position 73,73,122,64.0,52.0,3,4,0.953,0.993,58,48,GCACACTGCTTCCTGGGCCCATGGT,TGGAAGTAAAACTCAGCCCGCCGTT
C46_bin_74,50-bp bin starting at position 74,74,123,60.0,56.0,3,4,0.953,0.979,60,52,CACACTGCTTCCTGGGCCCATGGTT,GGAAGTAAAACTCAGCCCGCCGTTC
C46_bin_80,50-bp bin starting at position 80,80,129,60.0,60.0,3,4,0.953,0.902,45,103,GCTTCCTGGGCCCATGGTTGGAAGT,AAAACTCAGCCCGCCGTTCCTCCTC
C46_bin_86,50-bp bin starting at position 86,86,135,48.0,68.0,4,3,0.979,0.858,45,104,TGGGCCCATGGTTGGAAGTAAAACT,CAGCCCGCCGTTCCTCCTCTGGGTT
C46_bin_97,50-bp bin starting at position 97,97,146,52.0,56.0,4,3,0.993,0.922,48,82,TTGGAAGTAAAACTCAGCCCGCCGT,TCCTCCTCTGGGTTCCCTACGACAT
C46_bin_98,50-bp bin starting at position 98,98,147,52.0,60.0,4,3,0.993,0.913,48,61,TGGAAGTAAAACTCAGCCCGCCGTT,CCTCCTCTGGGTTCCCTACGACATC
C46_bin_101,50-bp bin starting at position 101,101,150,52.0,56.0,4,3,0.966,0.966,58,40,AAGTAAAACTCAGCCCGCCGTTCCT,CCTCTGGGTTCCCTACGACATCAGT
C46_bin_104,50-bp bin starting at position 104,104,153,56.0,52.0,4,3,0.923,0.985,80,48,TAAAACTCAGCCCGCCGTTCCTCCT,CTGGGTTCCCTACGACATCAGTCAT
C46_bin_106,50-bp bin starting at position 106,106,155,60.0,56.0,3,3,0.896,0.993,97,46,AAACTCAGCCCGCCGTTCCTCCTCT,GGGTTCCCTACGACATCAGTCATGG
C46_bin_110,50-bp bin starting at position 110,110,159,68.0,48.0,3,3,0.858,0.97,96,52,TCAGCCCGCCGTTCCTCCTCTGGGT,TCCCTACGACATCAGTCATGGTCTT
C46_bin_111,50-bp bin starting at position 111,111,160,68.0,52.0,3,3,0.858,0.966,104,52,CAGCCCGCCGTTCCTCCTCTGGGTT,CCCTACGACATCAGTCATGGTCTTC
C46_bin_122,50-bp bin starting at position 122,122,171,56.0,48.0,3,2,0.922,0.985,82,84,TCCTCCTCTGGGTTCCCTACGACAT,CAGTCATGGTCTTCAAGTCTCTGCA
C46_bin_126,50-bp bin starting at position 126,126,175,56.0,44.0,3,2,0.966,0.977,40,67,CCTCTGGGTTCCCTACGACATCAGT,CATGGTCTTCAAGTCTCTGCATTGA
C46_bin_129,50-bp bin starting at position 129,129,178,52.0,48.0,3,2,0.985,0.989,48,61,CTGGGTTCCCTACGACATCAGTCAT,GGTCTTCAAGTCTCTGCATTGAGAC
C46_bin_132,50-bp bin starting at position 132,132,181,52.0,48.0,3,2,0.993,0.985,52,66,GGTTCCCTACGACATCAGTCATGGT,CTTCAAGTCTCTGCATTGAGACTGC
C46_bin_134,50-bp bin starting at position 134,134,183,48.0,48.0,3,2,0.97,0.998,52,88,TTCCCTACGACATCAGTCATGGTCT,TCAAGTCTCTGCATTGAGACTGCAG
C46_bin_135,50-bp bin starting at position 135,135,184,48.0,52.0,3,2,0.97,0.998,52,88,TCCCTACGACATCAGTCATGGTCTT,CAAGTCTCTGCATTGAGACTGCAGC
C46_bin_140,50-bp bin starting at position 140,140,189,44.0,52.0,2,2,0.993,0.989,61,84,ACGACATCAGTCATGGTCTTCAAGT,CTCTGCATTGAGACTGCAGCCAATC
C46_bin_142,50-bp bin starting at position 142,142,191,44.0,48.0,2,2,0.989,0.993,88,88,GACATCAGTCATGGTCTTCAAGTCT,CTGCATTGAGACTGCAGCCAATCAT
C46_bin_144,50-bp bin starting at position 144,144,193,44.0,48.0,2,2,0.966,0.998,95,88,CATCAGTCATGGTCTTCAAGTCTCT,GCATTGAGACTGCAGCCAATCATTG
C46_bin_148,50-bp bin starting at position 148,148,197,44.0,44.0,2,2,0.977,0.989,92,45,AGTCATGGTCTTCAAGTCTCTGCAT,TGAGACTGCAGCCAATCATTGATGA
C46_bin_149,50-bp bin starting at position 149,149,198,44.0,44.0,2,2,0.955,0.977,78,44,GTCATGGTCTTCAAGTCTCTGCATT,GAGACTGCAGCCAATCATTGATGAA
C46_bin_155,50-bp bin starting at position 155,155,204,44.0,52.0,2,3,0.977,0.993,63,68,GTCTTCAAGTCTCTGCATTGAGACT,GCAGCCAATCATTGATGAAGCCCTG
C46_bin_164,50-bp bin starting at position 164,164,213,48.0,52.0,2,3,0.993,0.993,90,64,TCTCTGCATTGAGACTGCAGCCAAT,CATTGATGAAGCCCTGTGGATCCCT
C46_bin_167,50-bp bin starting at position 167,167,216,48.0,56.0,2,3,0.993,0.983,88,68,CTGCATTGAGACTGCAGCCAATCAT,TGATGAAGCCCTGTGGATCCCTTGC
C46_bin_168,50-bp bin starting at position 168,168,217,44.0,56.0,2,3,0.993,0.993,78,60,TGCATTGAGACTGCAGCCAATCATT,GATGAAGCCCTGTGGATCCCTTGCA
C46_bin_179,50-bp bin starting at position 179,179,228,48.0,52.0,3,3,0.993,0.998,68,52,TGCAGCCAATCATTGATGAAGCCCT,GTGGATCCCTTGCAAAGCTCAGCAT
C46_bin_181,50-bp bin starting at position 181,181,230,48.0,52.0,3,3,0.993,0.993,66,56,CAGCCAATCATTGATGAAGCCCTGT,GGATCCCTTGCAAAGCTCAGCATGA
C46_bin_185,50-bp bin starting at position 185,185,234,44.0,52.0,3,3,0.993,0.966,46,58,CAATCATTGATGAAGCCCTGTGGAT,CCCTTGCAAAGCTCAGCATGAACTC
C46_bin_189,50-bp bin starting at position 189,189,238,52.0,56.0,3,3,0.993,0.966,64,58,CATTGATGAAGCCCTGTGGATCCCT,TGCAAAGCTCAGCATGAACTCCCGC
C46_bin_190,50-bp bin starting at position 190,190,239,48.0,56.0,3,3,0.989,0.966,68,62,ATTGATGAAGCCCTGTGGATCCCTT,GCAAAGCTCAGCATGAACTCCCGCT
C46_bin_198,50-bp bin starting at position 198,198,247,56.0,60.0,3,3,0.989,0.971,60,32,AGCCCTGTGGATCCCTTGCAAAGCT,CAGCATGAACTCCCGCTGGGTCTTC
C46_bin_204,50-bp bin starting at position 204,204,253,52.0,56.0,3,3,0.998,0.983,52,40,GTGGATCCCTTGCAAAGCTCAGCAT,GAACTCCCGCTGGGTCTTCAATTGG
C46_bin_209,50-bp bin starting at position 209,209,258,48.0,52.0,3,3,0.979,0.953,52,56,TCCCTTGCAAAGCTCAGCATGAACT,CCCGCTGGGTCTTCAATTGGTTGAT
C46_bin_215,50-bp bin starting at position 215,215,264,56.0,44.0,3,3,0.966,0.891,62,99,GCAAAGCTCAGCATGAACTCCCGCT,GGGTCTTCAATTGGTTGATGGTTTC
C46_bin_276,50-bp bin starting at position 276,276,325,44.0,56.0,4,2,0.909,0.979,72,63,GAATTTTGTTGTCGAGGGTAGCGAT,CTCCTGCTGAGAGGCAGTAGACAGA
C46_bin_278,50-bp bin starting at position 278,278,327,44.0,56.0,4,2,0.922,0.944,74,63,ATTTTGTTGTCGAGGGTAGCGATCT,CCTGCTGAGAGGCAGTAGACAGAAG
C46_bin_281,50-bp bin starting at position 281,281,330,52.0,52.0,3,2,0.944,0.858,66,71,TTGTTGTCGAGGGTAGCGATCTCCT,GCTGAGAGGCAGTAGACAGAAGGAA
C46_bin_311,50-bp bin starting at position 311,311,360,44.0,44.0,3,3,0.811,0.945,82,65,GAGGCAGTAGACAGAAGGAAAGAAT,TCATTTGCGTCTTCAACGTATCGTC
C46_bin_341,50-bp bin starting at position 341,341,390,52.0,48.0,2,2,0.951,0.998,59,58,TGCGTCTTCAACGTATCGTCCACCT,CGACGTCGATATCATAGCAAGCTGT
C46_bin_353,50-bp bin starting at position 353,353,402,52.0,44.0,2,4,0.985,0.955,93,78,GTATCGTCCACCTCGACGTCGATAT,CATAGCAAGCTGTTTTCTTCTGGTC
C46_bin_366,50-bp bin starting at position 366,366,415,48.0,44.0,2,3,0.998,0.923,58,74,CGACGTCGATATCATAGCAAGCTGT,TTTCTTCTGGTCATTTGGATCGACG
C46_bin_367,50-bp bin starting at position 367,367,416,44.0,48.0,2,3,0.993,0.937,50,68,GACGTCGATATCATAGCAAGCTGTT,TTCTTCTGGTCATTTGGATCGACGG
C46_bin_440,50-bp bin starting at position 440,440,489,68.0,44.0,3,3,0.902,0.966,61,42,GGCTCGGGAGGCATCAGAAGGGCGT,GCAGTCTTTGTGGGATTTCGCTAAA
C46_bin_449,50-bp bin starting at position 449,449,498,56.0,44.0,3,3,0.977,0.966,54,82,GGCATCAGAAGGGCGTGCAGTCTTT,GTGGGATTTCGCTAAATTTCATGCG
C46_bin_451,50-bp bin starting at position 451,451,500,52.0,44.0,3,3,0.985,0.977,44,104,CATCAGAAGGGCGTGCAGTCTTTGT,GGGATTTCGCTAAATTTCATGCGCT
C46_bin_456,50-bp bin starting at position 456,456,505,56.0,48.0,3,3,0.913,0.989,48,66,GAAGGGCGTGCAGTCTTTGTGGGAT,TTCGCTAAATTTCATGCGCTGGGAC
C46_bin_457,50-bp bin starting at position 457,457,506,52.0,48.0,3,3,0.922,0.989,46,60,AAGGGCGTGCAGTCTTTGTGGGATT,TCGCTAAATTTCATGCGCTGGGACT
C46_bin_458,50-bp bin starting at position 458,458,507,52.0,52.0,3,3,0.897,0.993,54,60,AGGGCGTGCAGTCTTTGTGGGATTT,CGCTAAATTTCATGCGCTGGGACTC
C46_bin_462,50-bp bin starting at position 462,462,511,52.0,44.0,3,3,0.905,0.989,52,52,CGTGCAGTCTTTGTGGGATTTCGCT,AAATTTCATGCGCTGGGACTCAAAG
C46_bin_476,50-bp bin starting at position 476,476,525,44.0,52.0,3,3,0.977,0.966,104,48,GGGATTTCGCTAAATTTCATGCGCT,GGGACTCAAAGATCTGCTGGAGGTA
C46_bin_482,50-bp bin starting at position 482,482,531,48.0,44.0,3,3,0.989,0.993,60,50,TCGCTAAATTTCATGCGCTGGGACT,CAAAGATCTGCTGGAGGTACTTATC
C46_bin_545,50-bp bin starting at position 545,545,594,56.0,44.0,2,3,0.921,0.977,98,66,TCTCTCTCGTGCGGATCCTGCAGTT,TATGCGTCTTTATGTACTGCCACAG
C46_bin_546,50-bp bin starting at position 546,546,595,56.0,48.0,3,3,0.921,0.989,83,50,CTCTCTCGTGCGGATCCTGCAGTTT,ATGCGTCTTTATGTACTGCCACAGG
C46_bin_548,50-bp bin starting at position 548,548,597,52.0,56.0,3,3,0.953,0.983,48,38,CTCTCGTGCGGATCCTGCAGTTTAT,GCGTCTTTATGTACTGCCACAGGGC
C46_bin_552,50-bp bin starting at position 552,552,601,56.0,56.0,3,3,0.957,0.983,61,54,CGTGCGGATCCTGCAGTTTATGCGT,CTTTATGTACTGCCACAGGGCCTGG
C46_bin_554,50-bp bin starting at position 554,554,603,52.0,52.0,3,3,0.953,0.993,59,52,TGCGGATCCTGCAGTTTATGCGTCT,TTATGTACTGCCACAGGGCCTGGAT
C46_bin_555,50-bp bin starting at position 555,555,604,52.0,56.0,3,3,0.953,0.989,48,60,GCGGATCCTGCAGTTTATGCGTCTT,TATGTACTGCCACAGGGCCTGGATG
C46_bin_556,50-bp bin starting at position 556,556,605,48.0,56.0,3,3,0.942,0.989,48,60,CGGATCCTGCAGTTTATGCGTCTTT,ATGTACTGCCACAGGGCCTGGATGA
C46_bin_575,50-bp bin starting at position 575,575,624,52.0,52.0,3,3,0.979,0.97,48,44,GTCTTTATGTACTGCCACAGGGCCT,GGATGATCACCGGCCTAGTTTGTGT
C46_bin_579,50-bp bin starting at position 579,579,628,52.0,52.0,3,3,0.993,0.944,52,96,TTATGTACTGCCACAGGGCCTGGAT,GATCACCGGCCTAGTTTGTGTGTGT
C46_bin_582,50-bp bin starting at position 582,582,631,56.0,48.0,3,3,0.989,0.966,60,102,TGTACTGCCACAGGGCCTGGATGAT,CACCGGCCTAGTTTGTGTGTGTATA
C46_bin_591,50-bp bin starting at position 591,591,640,64.0,44.0,3,3,0.97,0.944,92,114,ACAGGGCCTGGATGATCACCGGCCT,AGTTTGTGTGTGTATACCCAGGAGT
C46_bin_594,50-bp bin starting at position 594,594,643,64.0,44.0,3,3,0.966,0.966,84,102,GGGCCTGGATGATCACCGGCCTAGT,TTGTGTGTGTATACCCAGGAGTCTA
C46_bin_595,50-bp bin starting at position 595,595,644,60.0,48.0,2,3,0.979,0.97,82,104,GGCCTGGATGATCACCGGCCTAGTT,TGTGTGTGTATACCCAGGAGTCTAG
C46_bin_596,50-bp bin starting at position 596,596,645,56.0,52.0,3,3,0.983,0.985,60,90,GCCTGGATGATCACCGGCCTAGTTT,GTGTGTGTATACCCAGGAGTCTAGC
C46_bin_598,50-bp bin starting at position 598,598,647,52.0,52.0,3,3,0.979,0.998,40,60,CTGGATGATCACCGGCCTAGTTTGT,GTGTGTATACCCAGGAGTCTAGCCA
C46_bin_600,50-bp bin starting at position 600,600,649,52.0,52.0,3,3,0.97,0.998,44,58,GGATGATCACCGGCCTAGTTTGTGT,GTGTATACCCAGGAGTCTAGCCAGT
C46_bin_602,50-bp bin starting at position 602,602,651,48.0,52.0,3,3,0.966,0.998,69,102,ATGATCACCGGCCTAGTTTGTGTGT,GTATACCCAGGAGTCTAGCCAGTCT
C46_bin_604,50-bp bin starting at position 604,604,653,52.0,56.0,3,3,0.944,0.993,96,102,GATCACCGGCCTAGTTTGTGTGTGT,ATACCCAGGAGTCTAGCCAGTCTGG
C46_bin_606,50-bp bin starting at position 606,606,655,48.0,64.0,3,4,0.937,0.966,100,108,TCACCGGCCTAGTTTGTGTGTGTAT,ACCCAGGAGTCTAGCCAGTCTGGGG
C46_bin_616,50-bp bin starting at position 616,616,665,44.0,52.0,3,4,0.944,0.998,114,58,AGTTTGTGTGTGTATACCCAGGAGT,CTAGCCAGTCTGGGGTCCAACTTAA
C46_bin_618,50-bp bin starting at position 618,618,667,44.0,52.0,3,4,0.945,0.993,104,64,TTTGTGTGTGTATACCCAGGAGTCT,AGCCAGTCTGGGGTCCAACTTAAAC
C46_bin_625,50-bp bin starting at position 625,625,674,52.0,52.0,3,4,0.998,0.985,58,74,GTGTATACCCAGGAGTCTAGCCAGT,CTGGGGTCCAACTTAAACTGAGGAG
C46_bin_627,50-bp bin starting at position 627,627,676,52.0,56.0,3,4,0.998,0.966,102,78,GTATACCCAGGAGTCTAGCCAGTCT,GGGGTCCAACTTAAACTGAGGAGGC
C46_bin_632,50-bp bin starting at position 632,632,681,64.0,44.0,4,3,0.966,0.977,110,98,CCCAGGAGTCTAGCCAGTCTGGGGT,CCAACTTAAACTGAGGAGGCTGATA
C46_bin_638,50-bp bin starting at position 638,638,687,56.0,44.0,4,3,0.993,0.944,97,89,AGTCTAGCCAGTCTGGGGTCCAACT,TAAACTGAGGAGGCTGATAATCGAG
C46_bin_639,50-bp bin starting at position 639,639,688,56.0,48.0,4,3,0.983,0.951,71,83,GTCTAGCCAGTCTGGGGTCCAACTT,AAACTGAGGAGGCTGATAATCGAGC
C46_bin_644,50-bp bin starting at position 644,644,693,52.0,48.0,4,2,0.998,0.951,76,69,GCCAGTCTGGGGTCCAACTTAAACT,GAGGAGGCTGATAATCGAGCATCAA
C46_bin_684,50-bp bin starting at position 684,684,733,44.0,60.0,2,3,0.944,0.913,101,66,CGAGCATCAACAACACTGTACATCT,CACATTCACGTCTCCGGGCCTCTTC
C46_bin_697,50-bp bin starting at position 697,697,746,44.0,64.0,2,3,0.921,0.955,89,44,CACTGTACATCTCACATTCACGTCT,CCGGGCCTCTTCACCTGGAAGCCAT
C46_bin_705,50-bp bin starting at position 705,705,754,56.0,48.0,3,3,0.945,0.951,82,50,ATCTCACATTCACGTCTCCGGGCCT,CTTCACCTGGAAGCCATCTGTTTCT
C46_bin_707,50-bp bin starting at position 707,707,756,60.0,48.0,3,3,0.913,0.966,75,44,CTCACATTCACGTCTCCGGGCCTCT,TCACCTGGAAGCCATCTGTTTCTTG
C46_bin_708,50-bp bin starting at position 708,708,757,56.0,48.0,3,3,0.922,0.985,74,46,TCACATTCACGTCTCCGGGCCTCTT,CACCTGGAAGCCATCTGTTTCTTGA
C46_bin_713,50-bp bin starting at position 713,713,762,60.0,44.0,3,3,0.881,0.945,106,60,TTCACGTCTCCGGGCCTCTTCACCT,GGAAGCCATCTGTTTCTTGAGTTGT
C46_bin_722,50-bp bin starting at position 722,722,771,64.0,44.0,3,3,0.955,0.807,44,116,CCGGGCCTCTTCACCTGGAAGCCAT,CTGTTTCTTGAGTTGTGGCTGTTCT
C46_bin_726,50-bp bin starting at position 726,726,775,56.0,48.0,2,2,0.966,0.822,56,111,GCCTCTTCACCTGGAAGCCATCTGT,TTCTTGAGTTGTGGCTGTTCTGTGC
C46_bin_727,50-bp bin starting at position 727,727,776,52.0,52.0,2,2,0.951,0.849,50,95,CCTCTTCACCTGGAAGCCATCTGTT,TCTTGAGTTGTGGCTGTTCTGTGCC
C46_bin_728,50-bp bin starting at position 728,728,777,48.0,52.0,3,2,0.951,0.905,44,85,CTCTTCACCTGGAAGCCATCTGTTT,CTTGAGTTGTGGCTGTTCTGTGCCA
C46_bin_730,50-bp bin starting at position 730,730,779,48.0,48.0,3,2,0.951,0.881,50,77,CTTCACCTGGAAGCCATCTGTTTCT,TGAGTTGTGGCTGTTCTGTGCCATT
C46_bin_731,50-bp bin starting at position 731,731,780,44.0,52.0,3,2,0.945,0.905,50,85,TTCACCTGGAAGCCATCTGTTTCTT,GAGTTGTGGCTGTTCTGTGCCATTC
C46_bin_735,50-bp bin starting at position 735,735,784,48.0,56.0,3,2,0.971,0.925,50,89,CCTGGAAGCCATCTGTTTCTTGAGT,TGTGGCTGTTCTGTGCCATTCCACG
C46_bin_736,50-bp bin starting at position 736,736,785,44.0,56.0,3,2,0.955,0.961,54,76,CTGGAAGCCATCTGTTTCTTGAGTT,GTGGCTGTTCTGTGCCATTCCACGA
C46_bin_738,50-bp bin starting at position 738,738,787,44.0,60.0,3,2,0.945,0.961,60,70,GGAAGCCATCTGTTTCTTGAGTTGT,GGCTGTTCTGTGCCATTCCACGAGG
C46_bin_742,50-bp bin starting at position 742,742,791,48.0,52.0,3,2,0.896,0.979,60,54,GCCATCTGTTTCTTGAGTTGTGGCT,GTTCTGTGCCATTCCACGAGGTGAT
C46_bin_744,50-bp bin starting at position 744,744,793,44.0,52.0,3,2,0.869,0.979,77,54,CATCTGTTTCTTGAGTTGTGGCTGT,TCTGTGCCATTCCACGAGGTGATTG
C46_bin_747,50-bp bin starting at position 747,747,796,44.0,52.0,3,2,0.807,0.979,116,54,CTGTTTCTTGAGTTGTGGCTGTTCT,GTGCCATTCCACGAGGTGATTGTCT
C46_bin_754,50-bp bin starting at position 754,754,803,48.0,56.0,2,2,0.881,0.979,83,38,TTGAGTTGTGGCTGTTCTGTGCCAT,TCCACGAGGTGATTGTCTGGACCGT
C46_bin_755,50-bp bin starting at position 755,755,804,48.0,56.0,2,2,0.881,0.989,77,34,TGAGTTGTGGCTGTTCTGTGCCATT,CCACGAGGTGATTGTCTGGACCGTA
C46_bin_764,50-bp bin starting at position 764,764,813,56.0,44.0,2,3,0.961,0.966,68,56,GCTGTTCTGTGCCATTCCACGAGGT,GATTGTCTGGACCGTAAAGGTCTTT
C46_bin_767,50-bp bin starting at position 767,767,816,52.0,44.0,2,3,0.979,0.977,54,56,GTTCTGTGCCATTCCACGAGGTGAT,TGTCTGGACCGTAAAGGTCTTTATC
C46_bin_768,50-bp bin starting at position 768,768,817,48.0,48.0,2,3,0.971,0.989,60,56,TTCTGTGCCATTCCACGAGGTGATT,GTCTGGACCGTAAAGGTCTTTATCC
C46_bin_770,50-bp bin starting at position 770,770,819,52.0,48.0,2,3,0.979,0.998,58,36,CTGTGCCATTCCACGAGGTGATTGT,CTGGACCGTAAAGGTCTTTATCCAG
C46_bin_772,50-bp bin starting at position 772,772,821,52.0,44.0,2,3,0.979,0.989,54,36,GTGCCATTCCACGAGGTGATTGTCT,GGACCGTAAAGGTCTTTATCCAGTT
C46_bin_854,50-bp bin starting at position 854,854,903,44.0,48.0,3,2,0.817,0.993,75,46,TTTCTCTTCTGTTTGGTGGCATCGT,ACTTACTCAGTGCGGAATCTTCCAG
C46_bin_857,50-bp bin starting at position 857,857,906,48.0,52.0,3,2,0.9,0.998,48,35,CTCTTCTGTTTGGTGGCATCGTACT,TACTCAGTGCGGAATCTTCCAGCAG
C46_bin_858,50-bp bin starting at position 858,858,907,44.0,56.0,3,2,0.879,0.989,54,51,TCTTCTGTTTGGTGGCATCGTACTT,ACTCAGTGCGGAATCTTCCAGCAGC
C46_bin_861,50-bp bin starting at position 861,861,910,44.0,60.0,3,2,0.923,0.985,66,57,TCTGTTTGGTGGCATCGTACTTACT,CAGTGCGGAATCTTCCAGCAGCCTG
C46_bin_865,50-bp bin starting at position 865,865,914,44.0,60.0,3,2,0.955,0.971,66,82,TTTGGTGGCATCGTACTTACTCAGT,GCGGAATCTTCCAGCAGCCTGCCTT
C46_bin_874,50-bp bin starting at position 874,874,923,44.0,68.0,2,2,0.989,0.931,58,98,ATCGTACTTACTCAGTGCGGAATCT,TCCAGCAGCCTGCCTTCCACGCGGA
C46_bin_875,50-bp bin starting at position 875,875,924,44.0,72.0,2,2,0.977,0.913,58,82,TCGTACTTACTCAGTGCGGAATCTT,CCAGCAGCCTGCCTTCCACGCGGAG
C46_bin_885,50-bp bin starting at position 885,885,934,56.0,64.0,2,3,0.989,0.936,55,48,TCAGTGCGGAATCTTCCAGCAGCCT,GCCTTCCACGCGGAGCTCCCAACTA
C46_bin_889,50-bp bin starting at position 889,889,938,60.0,60.0,2,3,0.971,0.937,82,66,TGCGGAATCTTCCAGCAGCCTGCCT,TCCACGCGGAGCTCCCAACTAGCAA
C46_bin_890,50-bp bin starting at position 890,890,939,60.0,64.0,2,3,0.971,0.896,82,72,GCGGAATCTTCCAGCAGCCTGCCTT,CCACGCGGAGCTCCCAACTAGCAAC
C46_bin_902,50-bp bin starting at position 902,902,951,68.0,60.0,2,4,0.945,0.85,65,94,AGCAGCCTGCCTTCCACGCGGAGCT,CCCAACTAGCAACTGTACCCTCCCC
C46_bin_909,50-bp bin starting at position 909,909,958,64.0,56.0,3,4,0.936,0.913,48,47,TGCCTTCCACGCGGAGCTCCCAACT,AGCAACTGTACCCTCCCCGTCTTCT
C46_bin_916,50-bp bin starting at position 916,916,965,60.0,68.0,3,4,0.937,0.836,90,75,CACGCGGAGCTCCCAACTAGCAACT,GTACCCTCCCCGTCTTCTGCGTCGC
C46_bin_918,50-bp bin starting at position 918,918,967,60.0,68.0,3,4,0.971,0.807,86,83,CGCGGAGCTCCCAACTAGCAACTGT,ACCCTCCCCGTCTTCTGCGTCGCTC
C46_bin_929,50-bp bin starting at position 929,929,978,56.0,60.0,4,3,0.923,0.878,91,56,CAACTAGCAACTGTACCCTCCCCGT,CTTCTGCGTCGCTCTTGGCAGGGTT
C46_bin_931,50-bp bin starting at position 931,931,980,56.0,56.0,4,3,0.923,0.957,51,46,ACTAGCAACTGTACCCTCCCCGTCT,TCTGCGTCGCTCTTGGCAGGGTTAA
C46_bin_932,50-bp bin starting at position 932,932,981,56.0,56.0,4,3,0.913,0.979,43,42,CTAGCAACTGTACCCTCCCCGTCTT,CTGCGTCGCTCTTGGCAGGGTTAAA
C46_bin_934,50-bp bin starting at position 934,934,983,56.0,60.0,4,3,0.913,0.955,47,48,AGCAACTGTACCCTCCCCGTCTTCT,GCGTCGCTCTTGGCAGGGTTAAAGG
C46_bin_938,50-bp bin starting at position 938,938,987,60.0,52.0,4,3,0.881,0.951,69,58,ACTGTACCCTCCCCGTCTTCTGCGT,CGCTCTTGGCAGGGTTAAAGGTGTT
C46_bin_942,50-bp bin starting at position 942,942,991,64.0,44.0,4,3,0.822,0.909,75,60,TACCCTCCCCGTCTTCTGCGTCGCT,CTTGGCAGGGTTAAAGGTGTTTGAT
C46_bin_1025,50-bp bin starting at position 1025,1025,1074,44.0,56.0,4,3,0.955,0.979,72,44,GGTCTTTTCAATGCCTCCTGAATGT,CCAGCCGTTTCCGCATAATGGTCTG
C46_bin_1033,50-bp bin starting at position 1033,1033,1082,56.0,44.0,2,2,0.977,0.977,80,38,CAATGCCTCCTGAATGTCCAGCCGT,TTCCGCATAATGGTCTGATCCAGTT
C46_bin_1034,50-bp bin starting at position 1034,1034,1083,52.0,44.0,2,3,0.985,0.977,76,38,AATGCCTCCTGAATGTCCAGCCGTT,TCCGCATAATGGTCTGATCCAGTTT
C46_bin_1035,50-bp bin starting at position 1035,1035,1084,52.0,48.0,3,3,0.97,0.989,62,32,ATGCCTCCTGAATGTCCAGCCGTTT,CCGCATAATGGTCTGATCCAGTTTG
C46_bin_1041,50-bp bin starting at position 1041,1041,1090,56.0,44.0,3,3,0.966,0.977,52,38,CCTGAATGTCCAGCCGTTTCCGCAT,AATGGTCTGATCCAGTTTGCGTTCA
C46_bin_1044,50-bp bin starting at position 1044,1044,1093,48.0,44.0,3,3,0.993,0.977,58,40,GAATGTCCAGCCGTTTCCGCATAAT,GGTCTGATCCAGTTTGCGTTCAAAT
C46_bin_1047,50-bp bin starting at position 1047,1047,1096,52.0,44.0,3,3,0.979,0.989,52,50,TGTCCAGCCGTTTCCGCATAATGGT,CTGATCCAGTTTGCGTTCAAATGCA
C46_bin_1049,50-bp bin starting at position 1049,1049,1098,52.0,44.0,3,3,0.97,0.993,48,60,TCCAGCCGTTTCCGCATAATGGTCT,GATCCAGTTTGCGTTCAAATGCAAG
C46_bin_1052,50-bp bin starting at position 1052,1052,1101,48.0,44.0,3,3,0.989,0.989,40,75,AGCCGTTTCCGCATAATGGTCTGAT,CCAGTTTGCGTTCAAATGCAAGCAA
C46_bin_1057,50-bp bin starting at position 1057,1057,1106,44.0,44.0,3,3,0.977,0.989,38,95,TTTCCGCATAATGGTCTGATCCAGT,TTGCGTTCAAATGCAAGCAAGTCCA
C46_bin_1058,50-bp bin starting at position 1058,1058,1107,44.0,44.0,2,3,0.977,0.989,38,95,TTCCGCATAATGGTCTGATCCAGTT,TGCGTTCAAATGCAAGCAAGTCCAT
C46_bin_1059,50-bp bin starting at position 1059,1059,1108,44.0,44.0,3,3,0.977,0.977,38,85,TCCGCATAATGGTCTGATCCAGTTT,GCGTTCAAATGCAAGCAAGTCCATA
C46_bin_1069,50-bp bin starting at position 1069,1069,1118,44.0,56.0,3,3,0.977,0.983,40,86,GGTCTGATCCAGTTTGCGTTCAAAT,GCAAGCAAGTCCATATACGCCTGGG
C46_bin_1083,50-bp bin starting at position 1083,1083,1132,44.0,48.0,3,3,0.989,0.998,95,62,TGCGTTCAAATGCAAGCAAGTCCAT,ATACGCCTGGGATTCTGGAACCAAT
C46_bin_1091,50-bp bin starting at position 1091,1091,1140,44.0,44.0,2,3,0.966,0.989,86,66,AATGCAAGCAAGTCCATATACGCCT,GGGATTCTGGAACCAATTCCCTTAT
C46_bin_1096,50-bp bin starting at position 1096,1096,1145,48.0,48.0,3,3,0.989,0.97,46,36,AAGCAAGTCCATATACGCCTGGGAT,TCTGGAACCAATTCCCTTATGCGCT
C46_bin_1097,50-bp bin starting at position 1097,1097,1146,48.0,52.0,3,3,0.998,0.985,36,40,AGCAAGTCCATATACGCCTGGGATT,CTGGAACCAATTCCCTTATGCGCTG
C46_bin_1099,50-bp bin starting at position 1099,1099,1148,48.0,52.0,3,3,0.993,0.993,36,32,CAAGTCCATATACGCCTGGGATTCT,GGAACCAATTCCCTTATGCGCTGTG
C46_bin_1108,50-bp bin starting at position 1108,1108,1157,48.0,56.0,3,3,0.998,0.957,62,44,ATACGCCTGGGATTCTGGAACCAAT,TCCCTTATGCGCTGTGGGAGGATCT
C46_bin_1109,50-bp bin starting at position 1109,1109,1158,48.0,56.0,3,3,0.998,0.957,70,50,TACGCCTGGGATTCTGGAACCAATT,CCCTTATGCGCTGTGGGAGGATCTT
C46_bin_1113,50-bp bin starting at position 1113,1113,1162,52.0,48.0,3,3,0.985,0.951,96,72,CCTGGGATTCTGGAACCAATTCCCT,TATGCGCTGTGGGAGGATCTTATCT
C46_bin_1114,50-bp bin starting at position 1114,1114,1163,48.0,52.0,3,3,0.985,0.951,90,70,CTGGGATTCTGGAACCAATTCCCTT,ATGCGCTGTGGGAGGATCTTATCTG
C46_bin_1116,50-bp bin starting at position 1116,1116,1165,44.0,60.0,3,3,0.989,0.953,66,68,GGGATTCTGGAACCAATTCCCTTAT,GCGCTGTGGGAGGATCTTATCTGCC
C46_bin_1121,50-bp bin starting at position 1121,1121,1170,48.0,44.0,3,4,0.97,0.945,36,68,TCTGGAACCAATTCCCTTATGCGCT,GTGGGAGGATCTTATCTGCCATTTT
C46_bin_1186,50-bp bin starting at position 1186,1186,1235,48.0,52.0,4,3,0.896,0.914,60,119,ATGGTTCCTGTTTTGCACGGCTTGT,TGCTGCACCTGTTGTATTTGCTGCG
C46_bin_1187,50-bp bin starting at position 1187,1187,1236,48.0,56.0,4,3,0.836,0.921,73,96,TGGTTCCTGTTTTGCACGGCTTGTT,GCTGCACCTGTTGTATTTGCTGCGG
C46_bin_1190,50-bp bin starting at position 1190,1190,1239,48.0,60.0,4,4,0.841,0.921,91,66,TTCCTGTTTTGCACGGCTTGTTGCT,GCACCTGTTGTATTTGCTGCGGGGC
C46_bin_1196,50-bp bin starting at position 1196,1196,1245,52.0,60.0,4,4,0.914,0.83,116,101,TTTTGCACGGCTTGTTGCTGCACCT,GTTGTATTTGCTGCGGGGCGGGTCT
C46_bin_1198,50-bp bin starting at position 1198,1198,1247,56.0,60.0,2,4,0.925,0.855,124,103,TTGCACGGCTTGTTGCTGCACCTGT,TGTATTTGCTGCGGGGCGGGTCTCT
C46_bin_1201,50-bp bin starting at position 1201,1201,1250,56.0,60.0,2,4,0.925,0.871,124,109,CACGGCTTGTTGCTGCACCTGTTGT,ATTTGCTGCGGGGCGGGTCTCTTTC
C46_bin_1203,50-bp bin starting at position 1203,1203,1252,52.0,64.0,2,4,0.914,0.867,110,103,CGGCTTGTTGCTGCACCTGTTGTAT,TTGCTGCGGGGCGGGTCTCTTTCGA
C46_bin_1204,50-bp bin starting at position 1204,1204,1253,48.0,68.0,2,4,0.896,0.858,112,101,GGCTTGTTGCTGCACCTGTTGTATT,TGCTGCGGGGCGGGTCTCTTTCGAG
C46_bin_1205,50-bp bin starting at position 1205,1205,1254,44.0,68.0,3,4,0.879,0.9,114,95,GCTTGTTGCTGCACCTGTTGTATTT,GCTGCGGGGCGGGTCTCTTTCGAGA
C46_bin_1219,50-bp bin starting at position 1219,1219,1268,60.0,56.0,4,3,0.83,0.944,115,44,CTGTTGTATTTGCTGCGGGGCGGGT,CTCTTTCGAGACTGGTCCATTCCGC
C46_bin_1221,50-bp bin starting at position 1221,1221,1270,60.0,56.0,4,3,0.83,0.944,101,44,GTTGTATTTGCTGCGGGGCGGGTCT,CTTTCGAGACTGGTCCATTCCGCTC
C46_bin_1223,50-bp bin starting at position 1223,1223,1272,60.0,56.0,4,2,0.855,0.957,103,52,TGTATTTGCTGCGGGGCGGGTCTCT,TTCGAGACTGGTCCATTCCGCTCTG
C46_bin_1224,50-bp bin starting at position 1224,1224,1273,60.0,60.0,4,2,0.855,0.961,103,60,GTATTTGCTGCGGGGCGGGTCTCTT,TCGAGACTGGTCCATTCCGCTCTGG
C46_bin_1225,50-bp bin starting at position 1225,1225,1274,56.0,64.0,4,3,0.855,0.957,107,60,TATTTGCTGCGGGGCGGGTCTCTTT,CGAGACTGGTCCATTCCGCTCTGGG
C46_bin_1232,50-bp bin starting at position 1232,1232,1281,64.0,68.0,4,3,0.914,0.937,93,44,TGCGGGGCGGGTCTCTTTCGAGACT,GGTCCATTCCGCTCTGGGCCAGACC
C46_bin_1235,50-bp bin starting at position 1235,1235,1284,64.0,68.0,4,3,0.896,0.945,61,59,GGGGCGGGTCTCTTTCGAGACTGGT,CCATTCCGCTCTGGGCCAGACCAGG
C46_bin_1274,50-bp bin starting at position 1274,1274,1323,72.0,72.0,2,3,0.871,0.909,122,66,GCCAGACCAGGCCGCACGGACGGAT,TTCCGCCGTAGCCGGGTGGGCCCAT
C46_bin_1275,50-bp bin starting at position 1275,1275,1324,68.0,72.0,2,3,0.921,0.909,114,66,CCAGACCAGGCCGCACGGACGGATT,TCCGCCGTAGCCGGGTGGGCCCATT
C46_bin_1338,50-bp bin starting at position 1338,1338,1387,60.0,68.0,3,3,0.985,0.944,52,85,GGGTCATCCGACTGCCTGGCAACAT,TCCGGGTCTAGGATAGGCCGCTCCG
C46_bin_1339,50-bp bin starting at position 1339,1339,1388,56.0,72.0,2,3,0.989,0.922,50,85,GGTCATCCGACTGCCTGGCAACATT,CCGGGTCTAGGATAGGCCGCTCCGG
C46_bin_1345,50-bp bin starting at position 1345,1345,1394,64.0,68.0,3,3,0.966,0.945,48,72,CCGACTGCCTGGCAACATTCCGGGT,CTAGGATAGGCCGCTCCGGGCATGG
C46_bin_1347,50-bp bin starting at position 1347,1347,1396,60.0,68.0,3,3,0.979,0.931,42,58,GACTGCCTGGCAACATTCCGGGTCT,AGGATAGGCCGCTCCGGGCATGGGT
C46_bin_1360,50-bp bin starting at position 1360,1360,1409,60.0,64.0,3,3,0.979,0.966,66,52,CATTCCGGGTCTAGGATAGGCCGCT,CCGGGCATGGGTGACCGATACAGTC
C46_bin_1368,50-bp bin starting at position 1368,1368,1417,64.0,60.0,3,3,0.966,0.979,74,38,GTCTAGGATAGGCCGCTCCGGGCAT,GGGTGACCGATACAGTCCTTGCCCT
C46_bin_1372,50-bp bin starting at position 1372,1372,1421,68.0,60.0,3,3,0.931,0.979,58,36,AGGATAGGCCGCTCCGGGCATGGGT,GACCGATACAGTCCTTGCCCTGGTG
C46_bin_1379,50-bp bin starting at position 1379,1379,1428,72.0,68.0,3,3,0.922,0.921,53,76,GCCGCTCCGGGCATGGGTGACCGAT,ACAGTCCTTGCCCTGGTGCGGGTCC
C46_bin_1384,50-bp bin starting at position 1384,1384,1433,60.0,72.0,3,3,0.977,0.858,52,70,TCCGGGCATGGGTGACCGATACAGT,CCTTGCCCTGGTGCGGGTCCCATCC
C46_bin_1387,50-bp bin starting at position 1387,1387,1436,60.0,68.0,3,3,0.977,0.921,42,84,GGGCATGGGTGACCGATACAGTCCT,TGCCCTGGTGCGGGTCCCATCCTGA
C46_bin_1388,50-bp bin starting at position 1388,1388,1437,56.0,72.0,3,3,0.989,0.905,34,76,GGCATGGGTGACCGATACAGTCCTT,GCCCTGGTGCGGGTCCCATCCTGAC
C46_bin_1393,50-bp bin starting at position 1393,1393,1442,60.0,72.0,3,3,0.979,0.896,38,103,GGGTGACCGATACAGTCCTTGCCCT,GGTGCGGGTCCCATCCTGACGGGTG
C46_bin_1396,50-bp bin starting at position 1396,1396,1445,56.0,72.0,3,3,0.979,0.905,36,103,TGACCGATACAGTCCTTGCCCTGGT,GCGGGTCCCATCCTGACGGGTGGTC
C46_bin_1402,50-bp bin starting at position 1402,1402,1451,60.0,68.0,3,3,0.961,0.921,50,119,ATACAGTCCTTGCCCTGGTGCGGGT,CCCATCCTGACGGGTGGTCCTGGTG
C46_bin_1407,50-bp bin starting at position 1407,1407,1456,68.0,68.0,3,3,0.878,0.921,84,117,GTCCTTGCCCTGGTGCGGGTCCCAT,CCTGACGGGTGGTCCTGGTGTCCCA
C46_bin_1410,50-bp bin starting at position 1410,1410,1459,68.0,68.0,3,3,0.871,0.944,70,105,CTTGCCCTGGTGCGGGTCCCATCCT,GACGGGTGGTCCTGGTGTCCCACCA
C46_bin_1417,50-bp bin starting at position 1417,1417,1466,68.0,68.0,3,3,0.914,0.951,89,73,TGGTGCGGGTCCCATCCTGACGGGT,GGTCCTGGTGTCCCACCAGGGCCAA
C46_bin_1420,50-bp bin starting at position 1420,1420,1469,68.0,68.0,3,3,0.914,0.951,89,53,TGCGGGTCCCATCCTGACGGGTGGT,CCTGGTGTCCCACCAGGGCCAAGTG
C46_bin_1423,50-bp bin starting at position 1423,1423,1472,68.0,68.0,3,3,0.921,0.951,116,55,GGGTCCCATCCTGACGGGTGGTCCT,GGTGTCCCACCAGGGCCAAGTGCTG
C46_bin_1426,50-bp bin starting at position 1426,1426,1475,64.0,68.0,3,3,0.929,0.951,108,95,TCCCATCCTGACGGGTGGTCCTGGT,GTCCCACCAGGGCCAAGTGCTGCTG
C131_bin_14,50-bp bin starting at position 14,14,63,52.0,60.0,2,2,0.971,0.953,92,93,AAGGTCTCTTGAACCACCACGTCCT,GCTCAGCAGCACTCTGTGGTTCCTC
C131_bin_17,50-bp bin starting at position 17,17,66,56.0,56.0,2,2,0.945,0.944,94,114,GTCTCTTGAACCACCACGTCCTGCT,CAGCAGCACTCTGTGGTTCCTCTCT
C131_bin_27,50-bp bin starting at position 27,27,76,64.0,52.0,2,3,0.909,0.953,109,68,CCACCACGTCCTGCTCAGCAGCACT,CTGTGGTTCCTCTCTGGGCTTAAGA
C131_bin_29,50-bp bin starting at position 29,29,78,60.0,56.0,2,3,0.936,0.961,98,62,ACCACGTCCTGCTCAGCAGCACTCT,GTGGTTCCTCTCTGGGCTTAAGACC
C131_bin_31,50-bp bin starting at position 31,31,80,60.0,56.0,2,3,0.955,0.957,106,58,CACGTCCTGCTCAGCAGCACTCTGT,GGTTCCTCTCTGGGCTTAAGACCCT
C131_bin_34,50-bp bin starting at position 34,34,83,60.0,52.0,2,3,0.961,0.951,98,65,GTCCTGCTCAGCAGCACTCTGTGGT,TCCTCTCTGGGCTTAAGACCCTCAT
C131_bin_35,50-bp bin starting at position 35,35,84,56.0,52.0,2,3,0.957,0.951,96,67,TCCTGCTCAGCAGCACTCTGTGGTT,CCTCTCTGGGCTTAAGACCCTCATT
C131_bin_38,50-bp bin starting at position 38,38,87,56.0,52.0,2,3,0.957,0.951,90,45,TGCTCAGCAGCACTCTGTGGTTCCT,CTCTGGGCTTAAGACCCTCATTCTC
C131_bin_40,50-bp bin starting at position 40,40,89,56.0,52.0,2,3,0.944,0.966,107,38,CTCAGCAGCACTCTGTGGTTCCTCT,CTGGGCTTAAGACCCTCATTCTCCA
C131_bin_42,50-bp bin starting at position 42,42,91,56.0,56.0,2,3,0.944,0.977,114,44,CAGCAGCACTCTGTGGTTCCTCTCT,GGGCTTAAGACCCTCATTCTCCAGC
C131_bin_47,50-bp bin starting at position 47,47,96,60.0,52.0,3,3,0.878,0.896,100,74,GCACTCTGTGGTTCCTCTCTGGGCT,TAAGACCCTCATTCTCCAGCTCCTC
C131_bin_48,50-bp bin starting at position 48,48,97,56.0,56.0,3,3,0.867,0.879,100,83,CACTCTGTGGTTCCTCTCTGGGCTT,AAGACCCTCATTCTCCAGCTCCTCC
C131_bin_56,50-bp bin starting at position 56,56,105,56.0,48.0,3,3,0.957,0.905,58,100,GGTTCCTCTCTGGGCTTAAGACCCT,CATTCTCCAGCTCCTCCTGCTTAAA
C131_bin_59,50-bp bin starting at position 59,59,108,52.0,52.0,3,3,0.951,0.966,65,96,TCCTCTCTGGGCTTAAGACCCTCAT,TCTCCAGCTCCTCCTGCTTAAAGGA
C131_bin_60,50-bp bin starting at position 60,60,109,52.0,56.0,3,3,0.951,0.977,67,96,CCTCTCTGGGCTTAAGACCCTCATT,CTCCAGCTCCTCCTGCTTAAAGGAG
C131_bin_62,50-bp bin starting at position 62,62,111,48.0,52.0,3,3,0.951,0.989,45,86,TCTCTGGGCTTAAGACCCTCATTCT,CCAGCTCCTCCTGCTTAAAGGAGAT
C131_bin_68,50-bp bin starting at position 68,68,117,52.0,48.0,3,3,0.966,0.998,48,52,GGCTTAAGACCCTCATTCTCCAGCT,CCTCCTGCTTAAAGGAGATCATAGG
C131_bin_71,50-bp bin starting at position 71,71,120,48.0,48.0,3,3,0.905,0.985,65,46,TTAAGACCCTCATTCTCCAGCTCCT,CCTGCTTAAAGGAGATCATAGGCAG
C131_bin_74,50-bp bin starting at position 74,74,123,56.0,44.0,3,3,0.869,0.966,106,54,AGACCCTCATTCTCCAGCTCCTCCT,GCTTAAAGGAGATCATAGGCAGACT
C131_bin_77,50-bp bin starting at position 77,77,126,60.0,48.0,3,3,0.8,0.951,114,58,CCCTCATTCTCCAGCTCCTCCTGCT,TAAAGGAGATCATAGGCAGACTGGC
C131_bin_78,50-bp bin starting at position 78,78,127,56.0,52.0,2,3,0.811,0.944,116,54,CCTCATTCTCCAGCTCCTCCTGCTT,AAAGGAGATCATAGGCAGACTGGCC
C131_bin_87,50-bp bin starting at position 87,87,136,52.0,52.0,3,2,0.989,0.993,86,38,CCAGCTCCTCCTGCTTAAAGGAGAT,CATAGGCAGACTGGCCTCCAAGTTA
C131_bin_90,50-bp bin starting at position 90,90,139,48.0,52.0,3,2,0.993,0.998,88,38,GCTCCTCCTGCTTAAAGGAGATCAT,AGGCAGACTGGCCTCCAAGTTATCT
C131_bin_99,50-bp bin starting at position 99,99,148,44.0,56.0,3,2,0.966,0.945,54,53,GCTTAAAGGAGATCATAGGCAGACT,GGCCTCCAAGTTATCTCCGCTACTC
C131_bin_104,50-bp bin starting at position 104,104,153,52.0,48.0,2,2,0.97,0.914,54,66,AAGGAGATCATAGGCAGACTGGCCT,CCAAGTTATCTCCGCTACTCACTAC
C131_bin_110,50-bp bin starting at position 110,110,159,52.0,52.0,2,2,0.993,0.989,42,76,ATCATAGGCAGACTGGCCTCCAAGT,TATCTCCGCTACTCACTACGGAGGA
C131_bin_111,50-bp bin starting at position 111,111,160,52.0,56.0,2,2,0.998,0.989,38,92,TCATAGGCAGACTGGCCTCCAAGTT,ATCTCCGCTACTCACTACGGAGGAG
C131_bin_113,50-bp bin starting at position 113,113,162,48.0,56.0,2,2,0.998,0.989,40,92,ATAGGCAGACTGGCCTCCAAGTTAT,CTCCGCTACTCACTACGGAGGAGAT
C131_bin_115,50-bp bin starting at position 115,115,164,52.0,56.0,2,2,0.998,0.993,38,80,AGGCAGACTGGCCTCCAAGTTATCT,CCGCTACTCACTACGGAGGAGATTG
C131_bin_120,50-bp bin starting at position 120,120,169,56.0,52.0,2,2,0.966,0.97,44,75,GACTGGCCTCCAAGTTATCTCCGCT,ACTCACTACGGAGGAGATTGCGGAA
C131_bin_123,50-bp bin starting at position 123,123,172,52.0,56.0,2,3,0.951,0.922,48,77,TGGCCTCCAAGTTATCTCCGCTACT,CACTACGGAGGAGATTGCGGAAAGG
C131_bin_127,50-bp bin starting at position 127,127,176,48.0,60.0,2,4,0.905,0.8,63,97,CTCCAAGTTATCTCCGCTACTCACT,ACGGAGGAGATTGCGGAAAGGGGAG
C131_bin_138,50-bp bin starting at position 138,138,187,56.0,64.0,2,4,0.989,0.859,92,104,CTCCGCTACTCACTACGGAGGAGAT,TGCGGAAAGGGGAGGCGGACTTGGA
C131_bin_139,50-bp bin starting at position 139,139,188,52.0,68.0,2,4,0.998,0.85,84,118,TCCGCTACTCACTACGGAGGAGATT,GCGGAAAGGGGAGGCGGACTTGGAC
C131_bin_159,50-bp bin starting at position 159,159,208,60.0,44.0,4,2,0.878,0.957,97,83,AGATTGCGGAAAGGGGAGGCGGACT,TGGACTTGAGGATGAACTACTAGAG
C131_bin_160,50-bp bin starting at position 160,160,209,60.0,48.0,4,2,0.896,0.97,99,81,GATTGCGGAAAGGGGAGGCGGACTT,GGACTTGAGGATGAACTACTAGAGC
C131_bin_186,50-bp bin starting at position 186,186,235,44.0,44.0,2,4,0.979,0.944,73,88,GACTTGAGGATGAACTACTAGAGCT,AAAAGAGCTGCTACTGGATGAGGAT
C131_bin_211,50-bp bin starting at position 211,211,260,44.0,52.0,4,3,0.944,0.922,88,94,AAAAGAGCTGCTACTGGATGAGGAT,GAAGAGCTGCTTGAAAGAGTAGGCG
C131_bin_219,50-bp bin starting at position 219,219,268,48.0,64.0,2,3,0.953,0.923,122,50,TGCTACTGGATGAGGATGAAGAGCT,GCTTGAAAGAGTAGGCGGCCCGGGA
C131_bin_246,50-bp bin starting at position 246,246,295,60.0,64.0,3,2,0.955,0.966,48,54,TTGAAAGAGTAGGCGGCCCGGGACT,GGCCGCACTCATCAGTGGCTCGACA
C131_bin_329,50-bp bin starting at position 329,329,378,64.0,64.0,4,3,0.859,0.936,82,62,GGGCTGAGGATAGGCAGAGGGGACT,GGGCGGTAGCATTGCTGAGCGGACT
C131_bin_336,50-bp bin starting at position 336,336,385,68.0,56.0,4,3,0.833,0.977,59,58,GGATAGGCAGAGGGGACTGGGCGGT,AGCATTGCTGAGCGGACTTGGGCAA
C131_bin_341,50-bp bin starting at position 341,341,390,68.0,60.0,4,3,0.873,0.936,55,42,GGCAGAGGGGACTGGGCGGTAGCAT,TGCTGAGCGGACTTGGGCAAGGATG
C131_bin_342,50-bp bin starting at position 342,342,391,64.0,64.0,4,3,0.909,0.936,47,42,GCAGAGGGGACTGGGCGGTAGCATT,GCTGAGCGGACTTGGGCAAGGATGC
C131_bin_345,50-bp bin starting at position 345,345,394,64.0,68.0,4,3,0.909,0.873,43,68,GAGGGGACTGGGCGGTAGCATTGCT,GAGCGGACTTGGGCAAGGATGCGGG
C131_bin_354,50-bp bin starting at position 354,354,403,64.0,60.0,3,3,0.936,0.936,62,70,GGGCGGTAGCATTGCTGAGCGGACT,TGGGCAAGGATGCGGGCTTGCTGAA
C131_bin_355,50-bp bin starting at position 355,355,404,60.0,64.0,2,3,0.955,0.936,64,68,GGCGGTAGCATTGCTGAGCGGACTT,GGGCAAGGATGCGGGCTTGCTGAAC
C131_bin_365,50-bp bin starting at position 365,365,414,56.0,64.0,3,3,0.955,0.936,50,56,TTGCTGAGCGGACTTGGGCAAGGAT,GCGGGCTTGCTGAACTAGAGGGAGC
C131_bin_372,50-bp bin starting at position 372,372,421,68.0,64.0,3,3,0.909,0.896,82,56,GCGGACTTGGGCAAGGATGCGGGCT,TGCTGAACTAGAGGGAGCGGGCAGG
C131_bin_373,50-bp bin starting at position 373,373,422,64.0,68.0,3,3,0.936,0.85,76,65,CGGACTTGGGCAAGGATGCGGGCTT,GCTGAACTAGAGGGAGCGGGCAGGG
C131_bin_376,50-bp bin starting at position 376,376,425,60.0,64.0,3,4,0.955,0.832,86,68,ACTTGGGCAAGGATGCGGGCTTGCT,GAACTAGAGGGAGCGGGCAGGGGTA
C131_bin_381,50-bp bin starting at position 381,381,430,60.0,72.0,3,4,0.961,0.824,54,84,GGCAAGGATGCGGGCTTGCTGAACT,AGAGGGAGCGGGCAGGGGTACGGTC
C131_bin_400,50-bp bin starting at position 400,400,449,64.0,68.0,4,2,0.859,0.85,64,104,TGAACTAGAGGGAGCGGGCAGGGGT,ACGGTCGGCAAGAGAGGAGGCGGTG
C131_bin_405,50-bp bin starting at position 405,405,454,68.0,68.0,4,2,0.833,0.833,88,116,TAGAGGGAGCGGGCAGGGGTACGGT,CGGCAAGAGAGGAGGCGGTGGTGTG
C131_bin_424,50-bp bin starting at position 424,424,473,64.0,60.0,2,3,0.896,0.931,104,58,TACGGTCGGCAAGAGAGGAGGCGGT,GGTGTGGCAACTGTAAGCACGGGAG
C131_bin_427,50-bp bin starting at position 427,427,476,68.0,64.0,2,3,0.833,0.923,98,58,GGTCGGCAAGAGAGGAGGCGGTGGT,GTGGCAACTGTAAGCACGGGAGGGC
C131_bin_429,50-bp bin starting at position 429,429,478,64.0,60.0,2,3,0.873,0.905,111,89,TCGGCAAGAGAGGAGGCGGTGGTGT,GGCAACTGTAAGCACGGGAGGGCAA
C131_bin_516,50-bp bin starting at position 516,516,565,60.0,56.0,4,3,0.971,0.955,70,62,GGGGCAGCTGTCCAGAACTGAGACT,GGGTGTCTGCAAGGCTGGTGAACTA
C131_bin_520,50-bp bin starting at position 520,520,569,56.0,56.0,3,2,0.989,0.977,75,54,CAGCTGTCCAGAACTGAGACTGGGT,GTCTGCAAGGCTGGTGAACTAGGAC
C131_bin_522,50-bp bin starting at position 522,522,571,56.0,56.0,3,2,0.977,0.979,73,56,GCTGTCCAGAACTGAGACTGGGTGT,CTGCAAGGCTGGTGAACTAGGACAC
C131_bin_524,50-bp bin starting at position 524,524,573,52.0,56.0,3,2,0.985,0.957,88,70,TGTCCAGAACTGAGACTGGGTGTCT,GCAAGGCTGGTGAACTAGGACACAC
C131_bin_532,50-bp bin starting at position 532,532,581,56.0,56.0,3,2,0.977,0.979,65,73,ACTGAGACTGGGTGTCTGCAAGGCT,GGTGAACTAGGACACACATCTGGCG
C131_bin_535,50-bp bin starting at position 535,535,584,60.0,52.0,3,2,0.931,0.979,69,81,GAGACTGGGTGTCTGCAAGGCTGGT,GAACTAGGACACACATCTGGCGTAG
C131_bin_540,50-bp bin starting at position 540,540,589,56.0,48.0,3,2,0.945,0.989,70,75,TGGGTGTCTGCAAGGCTGGTGAACT,AGGACACACATCTGGCGTAGATTCA
C131_bin_602,50-bp bin starting at position 602,602,651,60.0,60.0,3,2,0.961,0.985,50,65,GGAAAGCCGGAACCTGGTCCCAGAT,CAGGATCAGGCTGTGCCTCCAGACT
C131_bin_608,50-bp bin starting at position 608,608,657,60.0,56.0,3,2,0.979,0.977,54,50,CCGGAACCTGGTCCCAGATCAGGAT,CAGGCTGTGCCTCCAGACTCTTACA
C131_bin_627,50-bp bin starting at position 627,627,676,60.0,52.0,2,3,0.985,0.985,65,38,CAGGATCAGGCTGTGCCTCCAGACT,CTTACATGGGCTAGGTGATCGAGTC
C131_bin_629,50-bp bin starting at position 629,629,678,60.0,56.0,2,3,0.979,0.989,54,38,GGATCAGGCTGTGCCTCCAGACTCT,TACATGGGCTAGGTGATCGAGTCCC
C131_bin_630,50-bp bin starting at position 630,630,679,56.0,60.0,2,3,0.979,0.977,50,38,GATCAGGCTGTGCCTCCAGACTCTT,ACATGGGCTAGGTGATCGAGTCCCG
C131_bin_634,50-bp bin starting at position 634,634,683,52.0,64.0,2,3,0.985,0.955,42,42,AGGCTGTGCCTCCAGACTCTTACAT,GGGCTAGGTGATCGAGTCCCGTCAG
C131_bin_639,50-bp bin starting at position 639,639,688,56.0,64.0,3,3,0.979,0.955,42,46,GTGCCTCCAGACTCTTACATGGGCT,AGGTGATCGAGTCCCGTCAGCTGGG
C131_bin_643,50-bp bin starting at position 643,643,692,52.0,60.0,3,3,0.993,0.961,40,44,CTCCAGACTCTTACATGGGCTAGGT,GATCGAGTCCCGTCAGCTGGGTTCT
C131_bin_646,50-bp bin starting at position 646,646,695,48.0,64.0,3,3,0.993,0.953,40,52,CAGACTCTTACATGGGCTAGGTGAT,CGAGTCCCGTCAGCTGGGTTCTCCA
C131_bin_651,50-bp bin starting at position 651,651,700,48.0,68.0,3,3,0.97,0.944,38,42,TCTTACATGGGCTAGGTGATCGAGT,CCCGTCAGCTGGGTTCTCCACGGGA
C131_bin_656,50-bp bin starting at position 656,656,705,60.0,64.0,3,3,0.971,0.966,40,44,CATGGGCTAGGTGATCGAGTCCCGT,CAGCTGGGTTCTCCACGGGAAGGTC
C131_bin_661,50-bp bin starting at position 661,661,710,60.0,60.0,3,3,0.979,0.985,50,52,GCTAGGTGATCGAGTCCCGTCAGCT,GGGTTCTCCACGGGAAGGTCAATCC
C131_bin_665,50-bp bin starting at position 665,665,714,64.0,52.0,3,3,0.942,0.989,52,46,GGTGATCGAGTCCCGTCAGCTGGGT,TCTCCACGGGAAGGTCAATCCCATT
C131_bin_666,50-bp bin starting at position 666,666,715,60.0,56.0,3,3,0.953,0.989,44,44,GTGATCGAGTCCCGTCAGCTGGGTT,CTCCACGGGAAGGTCAATCCCATTG
C131_bin_668,50-bp bin starting at position 668,668,717,60.0,52.0,3,3,0.961,0.993,44,40,GATCGAGTCCCGTCAGCTGGGTTCT,CCACGGGAAGGTCAATCCCATTGTA
C131_bin_684,50-bp bin starting at position 684,684,733,56.0,44.0,3,3,0.989,0.979,44,103,CTGGGTTCTCCACGGGAAGGTCAAT,CCCATTGTATTCATTGAGCAGCACT
C131_bin_694,50-bp bin starting at position 694,694,743,48.0,44.0,3,3,0.998,0.993,34,78,CACGGGAAGGTCAATCCCATTGTAT,TCATTGAGCAGCACTTTCTGAAGCA
C131_bin_695,50-bp bin starting at position 695,695,744,44.0,44.0,3,3,0.993,0.993,42,84,ACGGGAAGGTCAATCCCATTGTATT,CATTGAGCAGCACTTTCTGAAGCAT
C131_bin_709,50-bp bin starting at position 709,709,758,44.0,52.0,3,3,0.979,0.951,103,102,CCCATTGTATTCATTGAGCAGCACT,TTCTGAAGCATGCATGTGGTGGGCT
C131_bin_740,50-bp bin starting at position 740,740,789,52.0,52.0,3,4,0.926,0.951,104,56,AGCATGCATGTGGTGGGCTTTCGTT,TTTTGACGGCACTGCAAGTGGGTTG
C131_bin_741,50-bp bin starting at position 741,741,790,52.0,52.0,3,3,0.887,0.966,112,66,GCATGCATGTGGTGGGCTTTCGTTT,TTTGACGGCACTGCAAGTGGGTTGA
C131_bin_742,50-bp bin starting at position 742,742,791,48.0,52.0,4,3,0.881,0.971,91,68,CATGCATGTGGTGGGCTTTCGTTTT,TTGACGGCACTGCAAGTGGGTTGAA
C131_bin_815,50-bp bin starting at position 815,815,864,48.0,44.0,4,4,0.953,0.993,50,66,TTCCCCTCACTATCAGAACAGTGCT,TTTTATGCACGCTAAGGTCAAGCAC
C131_bin_816,50-bp bin starting at position 816,816,865,48.0,48.0,4,3,0.953,0.998,50,86,TCCCCTCACTATCAGAACAGTGCTT,TTTATGCACGCTAAGGTCAAGCACG
C131_bin_817,50-bp bin starting at position 817,817,866,48.0,52.0,4,2,0.953,0.993,52,86,CCCCTCACTATCAGAACAGTGCTTT,TTATGCACGCTAAGGTCAAGCACGG
C131_bin_818,50-bp bin starting at position 818,818,867,44.0,52.0,4,2,0.957,0.979,52,86,CCCTCACTATCAGAACAGTGCTTTT,TATGCACGCTAAGGTCAAGCACGGA
C131_bin_845,50-bp bin starting at position 845,845,894,56.0,64.0,2,3,0.983,0.957,88,42,TGCACGCTAAGGTCAAGCACGGACT,CCCACTGGACGGGTGTCTTGCCAGT
C131_bin_851,50-bp bin starting at position 851,851,900,56.0,60.0,3,3,0.966,0.961,56,42,CTAAGGTCAAGCACGGACTCCCACT,GGACGGGTGTCTTGCCAGTACCTTC
C131_bin_859,50-bp bin starting at position 859,859,908,64.0,52.0,3,3,0.957,0.905,88,55,AAGCACGGACTCCCACTGGACGGGT,GTCTTGCCAGTACCTTCGGCTTTCT
C131_bin_861,50-bp bin starting at position 861,861,910,68.0,56.0,3,3,0.951,0.909,96,55,GCACGGACTCCCACTGGACGGGTGT,CTTGCCAGTACCTTCGGCTTTCTGC
C131_bin_863,50-bp bin starting at position 863,863,912,64.0,52.0,3,3,0.97,0.905,92,69,ACGGACTCCCACTGGACGGGTGTCT,TGCCAGTACCTTCGGCTTTCTGCTT
C131_bin_864,50-bp bin starting at position 864,864,913,64.0,56.0,3,3,0.957,0.921,76,63,CGGACTCCCACTGGACGGGTGTCTT,GCCAGTACCTTCGGCTTTCTGCTTG
C131_bin_870,50-bp bin starting at position 870,870,919,64.0,56.0,3,3,0.957,0.909,42,73,CCCACTGGACGGGTGTCTTGCCAGT,ACCTTCGGCTTTCTGCTTGACTCCG
C131_bin_874,50-bp bin starting at position 874,874,923,60.0,56.0,3,3,0.961,0.867,32,94,CTGGACGGGTGTCTTGCCAGTACCT,TCGGCTTTCTGCTTGACTCCGCTTG
C131_bin_875,50-bp bin starting at position 875,875,924,56.0,56.0,3,3,0.957,0.921,40,120,TGGACGGGTGTCTTGCCAGTACCTT,CGGCTTTCTGCTTGACTCCGCTTGA
C131_bin_887,50-bp bin starting at position 887,887,936,52.0,56.0,3,4,0.905,0.993,58,70,TTGCCAGTACCTTCGGCTTTCTGCT,TGACTCCGCTTGACAAATCCAGGGG
C131_bin_888,50-bp bin starting at position 888,888,937,52.0,56.0,3,4,0.905,0.993,69,52,TGCCAGTACCTTCGGCTTTCTGCTT,GACTCCGCTTGACAAATCCAGGGGT
C131_bin_892,50-bp bin starting at position 892,892,941,48.0,56.0,3,4,0.937,0.993,63,52,AGTACCTTCGGCTTTCTGCTTGACT,CCGCTTGACAAATCCAGGGGTTGCT
C131_bin_897,50-bp bin starting at position 897,897,946,56.0,48.0,3,4,0.855,0.979,72,52,CTTCGGCTTTCTGCTTGACTCCGCT,TGACAAATCCAGGGGTTGCTGATTG
C131_bin_898,50-bp bin starting at position 898,898,947,52.0,52.0,3,4,0.849,0.989,76,62,TTCGGCTTTCTGCTTGACTCCGCTT,GACAAATCCAGGGGTTGCTGATTGC
C131_bin_913,50-bp bin starting at position 913,913,962,56.0,48.0,4,2,0.993,0.979,52,54,GACTCCGCTTGACAAATCCAGGGGT,TGCTGATTGCATACGCTAGAGAAGG
C131_bin_914,50-bp bin starting at position 914,914,963,52.0,52.0,4,2,0.998,0.985,46,48,ACTCCGCTTGACAAATCCAGGGGTT,GCTGATTGCATACGCTAGAGAAGGC
C131_bin_917,50-bp bin starting at position 917,917,966,56.0,48.0,4,2,0.993,0.985,52,50,CCGCTTGACAAATCCAGGGGTTGCT,GATTGCATACGCTAGAGAAGGCACT
C131_bin_920,50-bp bin starting at position 920,920,969,48.0,52.0,4,2,0.993,0.97,54,54,CTTGACAAATCCAGGGGTTGCTGAT,TGCATACGCTAGAGAAGGCACTGGA
C131_bin_921,50-bp bin starting at position 921,921,970,44.0,56.0,4,2,0.979,0.944,52,58,TTGACAAATCCAGGGGTTGCTGATT,GCATACGCTAGAGAAGGCACTGGAG
C131_bin_925,50-bp bin starting at position 925,925,974,48.0,60.0,4,2,0.993,0.937,62,84,CAAATCCAGGGGTTGCTGATTGCAT,ACGCTAGAGAAGGCACTGGAGGCTG
C131_bin_930,50-bp bin starting at position 930,930,979,56.0,56.0,4,2,0.979,0.966,66,74,CCAGGGGTTGCTGATTGCATACGCT,AGAGAAGGCACTGGAGGCTGTCCAT
C131_bin_942,50-bp bin starting at position 942,942,991,48.0,56.0,2,2,0.985,0.957,50,60,GATTGCATACGCTAGAGAAGGCACT,GGAGGCTGTCCATTCCTTGCTCATC
C131_bin_971,50-bp bin starting at position 971,971,1020,44.0,44.0,2,4,0.891,0.955,68,70,GCTGTCCATTCCTTGCTCATCTTAT,ATTCATCAAAACACGGTGGAGACAC
C131_bin_999,50-bp bin starting at position 999,999,1048,48.0,68.0,4,3,0.942,0.944,69,72,CATCAAAACACGGTGGAGACACAGT,TTCGCGCTCGTCCCGGCCAGAGAGT
C131_bin_1000,50-bp bin starting at position 1000,1000,1049,44.0,72.0,4,3,0.955,0.926,67,72,ATCAAAACACGGTGGAGACACAGTT,TCGCGCTCGTCCCGGCCAGAGAGTG
C131_bin_1001,50-bp bin starting at position 1001,1001,1050,44.0,72.0,4,3,0.977,0.926,71,66,TCAAAACACGGTGGAGACACAGTTT,CGCGCTCGTCCCGGCCAGAGAGTGA
C131_bin_1007,50-bp bin starting at position 1007,1007,1056,60.0,72.0,3,3,0.985,0.909,60,88,CACGGTGGAGACACAGTTTCGCGCT,CGTCCCGGCCAGAGAGTGACCAGGC
C131_bin_1024,50-bp bin starting at position 1024,1024,1073,68.0,68.0,3,3,0.944,0.902,72,61,TTCGCGCTCGTCCCGGCCAGAGAGT,GACCAGGCGGGTGAGTCGCTGTGTG
C131_bin_1036,50-bp bin starting at position 1036,1036,1085,72.0,52.0,3,2,0.896,0.985,96,62,CCGGCCAGAGAGTGACCAGGCGGGT,GAGTCGCTGTGTGACTCAAGCTTAG
C131_bin_1040,50-bp bin starting at position 1040,1040,1089,64.0,44.0,3,3,0.923,0.977,119,60,CCAGAGAGTGACCAGGCGGGTGAGT,CGCTGTGTGACTCAAGCTTAGATTT
C131_bin_1064,50-bp bin starting at position 1064,1064,1113,44.0,52.0,2,4,0.977,0.953,62,62,TCGCTGTGTGACTCAAGCTTAGATT,TTTTGCTGGTCAGGCCAGCATCTGT
C131_bin_1065,50-bp bin starting at position 1065,1065,1114,44.0,56.0,3,3,0.977,0.961,60,62,CGCTGTGTGACTCAAGCTTAGATTT,TTTGCTGGTCAGGCCAGCATCTGTC
C131_bin_1089,50-bp bin starting at position 1089,1089,1138,52.0,68.0,4,3,0.953,0.951,62,42,TTTTGCTGGTCAGGCCAGCATCTGT,CCACGCAGCTTTGCCGTCAGAGGGC
C131_bin_1099,50-bp bin starting at position 1099,1099,1148,64.0,48.0,2,4,0.955,0.998,71,42,CAGGCCAGCATCTGTCCACGCAGCT,TTGCCGTCAGAGGGCTTTCCAAAAT
C131_bin_1100,50-bp bin starting at position 1100,1100,1149,60.0,52.0,2,4,0.977,0.998,66,42,AGGCCAGCATCTGTCCACGCAGCTT,TGCCGTCAGAGGGCTTTCCAAAATC
C131_bin_1101,50-bp bin starting at position 1101,1101,1150,60.0,52.0,3,4,0.971,0.998,68,46,GGCCAGCATCTGTCCACGCAGCTTT,GCCGTCAGAGGGCTTTCCAAAATCT
C131_bin_1106,50-bp bin starting at position 1106,1106,1155,60.0,52.0,3,4,0.953,0.993,48,52,GCATCTGTCCACGCAGCTTTGCCGT,CAGAGGGCTTTCCAAAATCTCGCAG
C131_bin_1115,50-bp bin starting at position 1115,1115,1164,64.0,52.0,3,4,0.97,0.998,48,38,CACGCAGCTTTGCCGTCAGAGGGCT,TTCCAAAATCTCGCAGGGCTGGACT
C131_bin_1116,50-bp bin starting at position 1116,1116,1165,60.0,56.0,3,4,0.979,0.993,62,48,ACGCAGCTTTGCCGTCAGAGGGCTT,TCCAAAATCTCGCAGGGCTGGACTG
C131_bin_1117,50-bp bin starting at position 1117,1117,1166,60.0,56.0,3,4,0.961,0.993,88,46,CGCAGCTTTGCCGTCAGAGGGCTTT,CCAAAATCTCGCAGGGCTGGACTGT
C131_bin_1124,50-bp bin starting at position 1124,1124,1173,48.0,72.0,4,4,0.998,0.879,42,90,TTGCCGTCAGAGGGCTTTCCAAAAT,CTCGCAGGGCTGGACTGTGCTGGGG
C131_bin_1126,50-bp bin starting at position 1126,1126,1175,52.0,72.0,4,4,0.998,0.855,46,100,GCCGTCAGAGGGCTTTCCAAAATCT,CGCAGGGCTGGACTGTGCTGGGGTG
C131_bin_1145,50-bp bin starting at position 1145,1145,1194,56.0,64.0,3,4,0.989,0.824,46,124,AAATCTCGCAGGGCTGGACTGTGCT,GGGGTGAGGAGGGAGGGCTACTTGT
C131_bin_1150,50-bp bin starting at position 1150,1150,1199,68.0,68.0,4,3,0.879,0.931,92,112,TCGCAGGGCTGGACTGTGCTGGGGT,GAGGAGGGAGGGCTACTTGTCCGCC
C131_bin_1168,50-bp bin starting at position 1168,1168,1217,64.0,64.0,4,3,0.873,0.966,122,84,CTGGGGTGAGGAGGGAGGGCTACTT,GTCCGCCGCTTAAAGCGGGAGCTTG
C131_bin_1170,50-bp bin starting at position 1170,1170,1219,64.0,64.0,4,3,0.824,0.966,124,88,GGGGTGAGGAGGGAGGGCTACTTGT,CCGCCGCTTAAAGCGGGAGCTTGTG
C131_bin_1178,50-bp bin starting at position 1178,1178,1227,68.0,56.0,3,3,0.937,0.945,106,48,GAGGGAGGGCTACTTGTCCGCCGCT,TAAAGCGGGAGCTTGTGACAGGCAG
C131_bin_1179,50-bp bin starting at position 1179,1179,1228,64.0,60.0,3,3,0.953,0.937,88,53,AGGGAGGGCTACTTGTCCGCCGCTT,AAAGCGGGAGCTTGTGACAGGCAGC
C131_bin_1191,50-bp bin starting at position 1191,1191,1240,60.0,60.0,3,3,0.979,0.936,70,62,TTGTCCGCCGCTTAAAGCGGGAGCT,TGTGACAGGCAGCATGGATGCGGGT
C131_bin_1192,50-bp bin starting at position 1192,1192,1241,60.0,64.0,3,3,0.979,0.909,84,68,TGTCCGCCGCTTAAAGCGGGAGCTT,GTGACAGGCAGCATGGATGCGGGTG
C131_bin_1194,50-bp bin starting at position 1194,1194,1243,60.0,64.0,3,3,0.979,0.923,84,69,TCCGCCGCTTAAAGCGGGAGCTTGT,GACAGGCAGCATGGATGCGGGTGCA
C131_bin_1206,50-bp bin starting at position 1206,1206,1255,60.0,60.0,3,3,0.955,0.979,57,81,AGCGGGAGCTTGTGACAGGCAGCAT,GGATGCGGGTGCACTAACGCACACT
C131_bin_1210,50-bp bin starting at position 1210,1210,1259,56.0,64.0,2,3,0.955,0.97,64,85,GGAGCTTGTGACAGGCAGCATGGAT,GCGGGTGCACTAACGCACACTGGTC
C131_bin_1216,50-bp bin starting at position 1216,1216,1265,60.0,56.0,3,3,0.936,0.945,62,82,TGTGACAGGCAGCATGGATGCGGGT,GCACTAACGCACACTGGTCCCAACT
C131_bin_1221,50-bp bin starting at position 1221,1221,1270,64.0,52.0,3,3,0.955,0.966,65,50,CAGGCAGCATGGATGCGGGTGCACT,AACGCACACTGGTCCCAACTTAGCT
C131_bin_1231,50-bp bin starting at position 1231,1231,1280,60.0,56.0,3,3,0.979,0.983,81,36,GGATGCGGGTGCACTAACGCACACT,GGTCCCAACTTAGCTATCTCGGTGG
C131_bin_1234,50-bp bin starting at position 1234,1234,1283,60.0,56.0,3,3,0.985,0.989,93,34,TGCGGGTGCACTAACGCACACTGGT,CCCAACTTAGCTATCTCGGTGGCAG
C131_bin_1241,50-bp bin starting at position 1241,1241,1290,56.0,52.0,3,3,0.945,0.998,82,38,GCACTAACGCACACTGGTCCCAACT,TAGCTATCTCGGTGGCAGAAATGCC
C131_bin_1242,50-bp bin starting at position 1242,1242,1291,52.0,52.0,3,3,0.937,0.998,64,36,CACTAACGCACACTGGTCCCAACTT,AGCTATCTCGGTGGCAGAAATGCCT
C131_bin_1246,50-bp bin starting at position 1246,1246,1295,52.0,56.0,3,3,0.966,0.989,50,48,AACGCACACTGGTCCCAACTTAGCT,ATCTCGGTGGCAGAAATGCCTGCTG
C131_bin_1248,50-bp bin starting at position 1248,1248,1297,52.0,60.0,3,3,0.971,0.977,42,52,CGCACACTGGTCCCAACTTAGCTAT,CTCGGTGGCAGAAATGCCTGCTGGA
C131_bin_1250,50-bp bin starting at position 1250,1250,1299,48.0,60.0,3,3,0.953,0.961,44,58,CACACTGGTCCCAACTTAGCTATCT,CGGTGGCAGAAATGCCTGCTGGAGT
C131_bin_1254,50-bp bin starting at position 1254,1254,1303,52.0,60.0,3,3,0.97,0.971,36,58,CTGGTCCCAACTTAGCTATCTCGGT,GGCAGAAATGCCTGCTGGAGTCAGC
C131_bin_1263,50-bp bin starting at position 1263,1263,1312,44.0,56.0,3,2,0.993,0.983,34,65,ACTTAGCTATCTCGGTGGCAGAAAT,GCCTGCTGGAGTCAGCTTATCCTGA
C131_bin_1267,50-bp bin starting at position 1267,1267,1316,52.0,48.0,3,3,0.998,0.966,36,70,AGCTATCTCGGTGGCAGAAATGCCT,GCTGGAGTCAGCTTATCCTGAGTTT
C131_bin_1270,50-bp bin starting at position 1270,1270,1319,52.0,48.0,3,3,0.993,0.97,40,64,TATCTCGGTGGCAGAAATGCCTGCT,GGAGTCAGCTTATCCTGAGTTTGGA
C131_bin_1275,50-bp bin starting at position 1275,1275,1324,60.0,48.0,3,3,0.961,0.998,58,44,CGGTGGCAGAAATGCCTGCTGGAGT,CAGCTTATCCTGAGTTTGGAGCAAC
C131_bin_1281,50-bp bin starting at position 1281,1281,1330,52.0,44.0,3,3,0.998,0.977,60,66,CAGAAATGCCTGCTGGAGTCAGCTT,ATCCTGAGTTTGGAGCAACTGTTTC
C131_bin_1283,50-bp bin starting at position 1283,1283,1332,48.0,48.0,3,3,0.993,0.985,52,68,GAAATGCCTGCTGGAGTCAGCTTAT,CCTGAGTTTGGAGCAACTGTTTCAG
C131_bin_1291,50-bp bin starting at position 1291,1291,1340,48.0,44.0,2,4,0.966,0.944,70,67,TGCTGGAGTCAGCTTATCCTGAGTT,TGGAGCAACTGTTTCAGTTTTGAGG
C131_bin_1292,50-bp bin starting at position 1292,1292,1341,48.0,44.0,3,4,0.966,0.957,70,73,GCTGGAGTCAGCTTATCCTGAGTTT,GGAGCAACTGTTTCAGTTTTGAGGA
C131_bin_1355,50-bp bin starting at position 1355,1355,1404,44.0,44.0,3,2,0.977,0.977,46,85,TTCTCTTTATGGAAGCTGACAGCCT,CAGTAGTACTAATACTCAGAGGCAG
C131_bin_1359,50-bp bin starting at position 1359,1359,1408,48.0,44.0,3,2,0.998,0.966,44,74,CTTTATGGAAGCTGACAGCCTCAGT,AGTACTAATACTCAGAGGCAGTGAG
C131_bin_1362,50-bp bin starting at position 1362,1362,1411,48.0,48.0,2,2,0.993,0.951,54,95,TATGGAAGCTGACAGCCTCAGTAGT,ACTAATACTCAGAGGCAGTGAGAGG
C131_bin_1365,50-bp bin starting at position 1365,1365,1414,52.0,48.0,2,3,0.993,0.897,70,85,GGAAGCTGACAGCCTCAGTAGTACT,AATACTCAGAGGCAGTGAGAGGGAA
C131_bin_1368,50-bp bin starting at position 1368,1368,1417,44.0,52.0,2,3,0.989,0.887,68,91,AGCTGACAGCCTCAGTAGTACTAAT,ACTCAGAGGCAGTGAGAGGGAACAA
C131_bin_1395,50-bp bin starting at position 1395,1395,1444,52.0,56.0,3,3,0.926,0.944,97,46,TCAGAGGCAGTGAGAGGGAACAACT,GGGTACCATTGGATCGCTGTCGGTT
C131_bin_1399,50-bp bin starting at position 1399,1399,1448,56.0,56.0,3,3,0.891,0.957,68,59,AGGCAGTGAGAGGGAACAACTGGGT,ACCATTGGATCGCTGTCGGTTTCGG
C131_bin_1404,50-bp bin starting at position 1404,1404,1453,52.0,60.0,3,3,0.951,0.871,58,65,GTGAGAGGGAACAACTGGGTACCAT,TGGATCGCTGTCGGTTTCGGCCTTG
C131_bin_1405,50-bp bin starting at position 1405,1405,1454,48.0,60.0,3,3,0.97,0.921,54,67,TGAGAGGGAACAACTGGGTACCATT,GGATCGCTGTCGGTTTCGGCCTTGA
C131_bin_1409,50-bp bin starting at position 1409,1409,1458,48.0,52.0,3,4,0.97,0.858,60,71,AGGGAACAACTGGGTACCATTGGAT,CGCTGTCGGTTTCGGCCTTGATTTT
C131_bin_1481,50-bp bin starting at position 1481,1481,1530,48.0,48.0,2,3,0.822,0.937,97,44,GTTCTCCTCTTCTTGGCTTCGCTAT,TTGTTGATCCCAGTGGCTCTTTAGG
C131_bin_1485,50-bp bin starting at position 1485,1485,1534,44.0,56.0,3,3,0.807,0.979,85,58,TCCTCTTCTTGGCTTCGCTATTTGT,TGATCCCAGTGGCTCTTTAGGCAGG
C131_bin_1486,50-bp bin starting at position 1486,1486,1535,44.0,56.0,3,3,0.807,0.979,85,58,CCTCTTCTTGGCTTCGCTATTTGTT,GATCCCAGTGGCTCTTTAGGCAGGT
C131_bin_1495,50-bp bin starting at position 1495,1495,1544,48.0,60.0,3,3,0.942,0.961,48,80,GGCTTCGCTATTTGTTGATCCCAGT,GGCTCTTTAGGCAGGTCCTCGGTCA
C131_bin_1499,50-bp bin starting at position 1499,1499,1548,48.0,60.0,3,3,0.942,0.961,48,62,TCGCTATTTGTTGATCCCAGTGGCT,CTTTAGGCAGGTCCTCGGTCACTGG
C131_bin_1501,50-bp bin starting at position 1501,1501,1550,48.0,60.0,3,2,0.942,0.979,50,82,GCTATTTGTTGATCCCAGTGGCTCT,TTAGGCAGGTCCTCGGTCACTGGCA
C131_bin_1502,50-bp bin starting at position 1502,1502,1551,44.0,64.0,3,2,0.923,0.97,42,92,CTATTTGTTGATCCCAGTGGCTCTT,TAGGCAGGTCCTCGGTCACTGGCAC
C131_bin_1511,50-bp bin starting at position 1511,1511,1560,56.0,64.0,3,2,0.979,0.925,58,82,GATCCCAGTGGCTCTTTAGGCAGGT,CCTCGGTCACTGGCACCTGTGTCGT
C131_bin_1514,50-bp bin starting at position 1514,1514,1563,60.0,60.0,3,2,0.961,0.929,62,69,CCCAGTGGCTCTTTAGGCAGGTCCT,CGGTCACTGGCACCTGTGTCGTCTT
C131_bin_1518,50-bp bin starting at position 1518,1518,1567,60.0,52.0,3,2,0.921,0.979,62,56,GTGGCTCTTTAGGCAGGTCCTCGGT,CACTGGCACCTGTGTCGTCTTAATG
C131_bin_1522,50-bp bin starting at position 1522,1522,1571,56.0,48.0,3,2,0.957,0.942,70,51,CTCTTTAGGCAGGTCCTCGGTCACT,GGCACCTGTGTCGTCTTAATGTTCT
C131_bin_1533,50-bp bin starting at position 1533,1533,1582,64.0,44.0,2,2,0.929,0.955,88,57,GGTCCTCGGTCACTGGCACCTGTGT,CGTCTTAATGTTCTGAGTGATCTCG
C131_bin_1536,50-bp bin starting at position 1536,1536,1585,64.0,44.0,2,2,0.925,0.977,82,52,CCTCGGTCACTGGCACCTGTGTCGT,CTTAATGTTCTGAGTGATCTCGACG
C131_bin_1538,50-bp bin starting at position 1538,1538,1587,60.0,44.0,2,2,0.929,0.966,77,48,TCGGTCACTGGCACCTGTGTCGTCT,TAATGTTCTGAGTGATCTCGACGGT
C131_bin_1539,50-bp bin starting at position 1539,1539,1588,60.0,48.0,2,2,0.929,0.985,69,50,CGGTCACTGGCACCTGTGTCGTCTT,AATGTTCTGAGTGATCTCGACGGTC
C131_bin_1542,50-bp bin starting at position 1542,1542,1591,48.0,52.0,2,2,0.966,0.979,56,50,TCACTGGCACCTGTGTCGTCTTAAT,GTTCTGAGTGATCTCGACGGTCACT
C131_bin_1544,50-bp bin starting at position 1544,1544,1593,48.0,56.0,2,2,0.971,0.979,51,60,ACTGGCACCTGTGTCGTCTTAATGT,TCTGAGTGATCTCGACGGTCACTGG
C131_bin_1545,50-bp bin starting at position 1545,1545,1594,48.0,60.0,2,3,0.942,0.971,51,54,CTGGCACCTGTGTCGTCTTAATGTT,CTGAGTGATCTCGACGGTCACTGGG
C131_bin_1547,50-bp bin starting at position 1547,1547,1596,48.0,60.0,2,4,0.942,0.955,51,54,GGCACCTGTGTCGTCTTAATGTTCT,GAGTGATCTCGACGGTCACTGGGGT
C131_bin_1551,50-bp bin starting at position 1551,1551,1600,44.0,64.0,2,4,0.923,0.966,61,90,CCTGTGTCGTCTTAATGTTCTGAGT,GATCTCGACGGTCACTGGGGTCAGC
C131_bin_1563,50-bp bin starting at position 1563,1563,1612,44.0,48.0,2,4,0.966,0.985,48,52,TAATGTTCTGAGTGATCTCGACGGT,CACTGGGGTCAGCAGACAATTAATG
C131_bin_1567,50-bp bin starting at position 1567,1567,1616,52.0,52.0,2,4,0.979,0.985,50,50,GTTCTGAGTGATCTCGACGGTCACT,GGGGTCAGCAGACAATTAATGCCGT
C131_bin_1572,50-bp bin starting at position 1572,1572,1621,60.0,48.0,4,2,0.955,0.971,54,55,GAGTGATCTCGACGGTCACTGGGGT,CAGCAGACAATTAATGCCGTACAGG
C131_bin_1583,50-bp bin starting at position 1583,1583,1632,56.0,56.0,4,2,0.979,0.979,90,47,ACGGTCACTGGGGTCAGCAGACAAT,TAATGCCGTACAGGTCAGCAGAGGC
C131_bin_1584,50-bp bin starting at position 1584,1584,1633,56.0,60.0,4,2,0.989,0.953,88,47,CGGTCACTGGGGTCAGCAGACAATT,AATGCCGTACAGGTCAGCAGAGGCG
C131_bin_1587,50-bp bin starting at position 1587,1587,1636,44.0,68.0,4,2,0.989,0.914,58,57,TCACTGGGGTCAGCAGACAATTAAT,GCCGTACAGGTCAGCAGAGGCGGAC
C131_bin_1592,50-bp bin starting at position 1592,1592,1641,52.0,60.0,4,2,0.985,0.961,50,53,GGGGTCAGCAGACAATTAATGCCGT,ACAGGTCAGCAGAGGCGGACTCCAT
C131_bin_1598,50-bp bin starting at position 1598,1598,1647,44.0,60.0,2,2,0.977,0.979,54,56,AGCAGACAATTAATGCCGTACAGGT,CAGCAGAGGCGGACTCCATCTCGAT
C131_bin_1613,50-bp bin starting at position 1613,1613,1662,64.0,44.0,2,2,0.953,0.925,55,119,CCGTACAGGTCAGCAGAGGCGGACT,CCATCTCGATCACATCACAGTTACT
C131_bin_1617,50-bp bin starting at position 1617,1617,1666,60.0,44.0,2,2,0.961,0.979,53,108,ACAGGTCAGCAGAGGCGGACTCCAT,CTCGATCACATCACAGTTACTTGTG
C131_bin_1766,50-bp bin starting at position 1766,1766,1815,64.0,56.0,4,3,0.942,0.979,56,85,TCCTCTGGCTCGGTGGAGGGGACAT,ATACATTCTGGGTGGCCTGAGCCTG
C131_bin_1768,50-bp bin starting at position 1768,1768,1817,60.0,56.0,4,3,0.955,0.957,58,89,CTCTGGCTCGGTGGAGGGGACATAT,ACATTCTGGGTGGCCTGAGCCTGTT
C131_bin_1772,50-bp bin starting at position 1772,1772,1821,56.0,68.0,4,3,0.955,0.871,72,99,GGCTCGGTGGAGGGGACATATACAT,TCTGGGTGGCCTGAGCCTGTTCGGC
C131_bin_1773,50-bp bin starting at position 1773,1773,1822,52.0,68.0,4,3,0.971,0.871,70,97,GCTCGGTGGAGGGGACATATACATT,CTGGGTGGCCTGAGCCTGTTCGGCT
C131_bin_1775,50-bp bin starting at position 1775,1775,1824,48.0,72.0,4,3,0.979,0.841,74,97,TCGGTGGAGGGGACATATACATTCT,GGGTGGCCTGAGCCTGTTCGGCTGG
C131_bin_1826,50-bp bin starting at position 1826,1826,1875,72.0,52.0,3,3,0.871,0.998,66,38,GGTTGTGGCTCCTCGAGGCCGCCCT,TCCGTCGAACGCCTTTAGGAATCAG
C131_bin_1827,50-bp bin starting at position 1827,1827,1876,68.0,52.0,3,3,0.878,0.993,68,38,GTTGTGGCTCCTCGAGGCCGCCCTT,CCGTCGAACGCCTTTAGGAATCAGA
C131_bin_1831,50-bp bin starting at position 1831,1831,1880,72.0,48.0,3,3,0.858,0.998,74,36,TGGCTCCTCGAGGCCGCCCTTCCGT,CGAACGCCTTTAGGAATCAGATGTC
C185_bin_3,50-bp bin starting at position 3,3,52,52.0,52.0,3,2,0.942,0.966,106,72,AAGATCCCTGTCCCTCAAGCTCACT,AGTGGTCACATCGCTCTCCTCATCA
C185_bin_6,50-bp bin starting at position 6,6,55,52.0,48.0,3,2,0.937,0.944,100,81,ATCCCTGTCCCTCAAGCTCACTAGT,GGTCACATCGCTCTCCTCATCATTA
C185_bin_73,50-bp bin starting at position 73,73,122,48.0,52.0,2,3,0.971,0.97,86,62,CTGCCAGATCTGCATGATGTTGTCT,TCGCTAACACTGCAGATAACCCAGG
C185_bin_74,50-bp bin starting at position 74,74,123,44.0,56.0,2,3,0.955,0.957,74,66,TGCCAGATCTGCATGATGTTGTCTT,CGCTAACACTGCAGATAACCCAGGG
C185_bin_78,50-bp bin starting at position 78,78,127,44.0,52.0,2,3,0.955,0.979,66,40,AGATCTGCATGATGTTGTCTTCGCT,AACACTGCAGATAACCCAGGGTTCG
C185_bin_84,50-bp bin starting at position 84,84,133,44.0,52.0,2,3,0.977,0.989,52,44,GCATGATGTTGTCTTCGCTAACACT,GCAGATAACCCAGGGTTCGTTTGGA
C185_bin_90,50-bp bin starting at position 90,90,139,44.0,52.0,2,3,0.977,0.993,42,68,TGTTGTCTTCGCTAACACTGCAGAT,AACCCAGGGTTCGTTTGGATTCCAG
C185_bin_100,50-bp bin starting at position 100,100,149,52.0,48.0,3,3,0.979,0.985,66,38,GCTAACACTGCAGATAACCCAGGGT,TCGTTTGGATTCCAGCTAAAGTCGG
C185_bin_101,50-bp bin starting at position 101,101,150,48.0,48.0,3,3,0.985,0.993,62,40,CTAACACTGCAGATAACCCAGGGTT,CGTTTGGATTCCAGCTAAAGTCGGA
C185_bin_105,50-bp bin starting at position 105,105,154,52.0,44.0,3,3,0.998,0.989,42,42,CACTGCAGATAACCCAGGGTTCGTT,TGGATTCCAGCTAAAGTCGGAAATC
C185_bin_106,50-bp bin starting at position 106,106,155,48.0,44.0,3,3,0.998,0.989,42,46,ACTGCAGATAACCCAGGGTTCGTTT,GGATTCCAGCTAAAGTCGGAAATCT
C185_bin_110,50-bp bin starting at position 110,110,159,48.0,48.0,3,3,0.993,0.998,54,36,CAGATAACCCAGGGTTCGTTTGGAT,TCCAGCTAAAGTCGGAAATCTTGGC
C185_bin_111,50-bp bin starting at position 111,111,160,44.0,52.0,3,3,0.979,0.993,46,38,AGATAACCCAGGGTTCGTTTGGATT,CCAGCTAAAGTCGGAAATCTTGGCG
C185_bin_117,50-bp bin starting at position 117,117,166,56.0,48.0,3,3,0.961,0.953,68,68,CCCAGGGTTCGTTTGGATTCCAGCT,AAAGTCGGAAATCTTGGCGGTGTGT
C185_bin_122,50-bp bin starting at position 122,122,171,44.0,60.0,3,3,0.966,0.979,42,60,GGTTCGTTTGGATTCCAGCTAAAGT,CGGAAATCTTGGCGGTGTGTCCACC
C185_bin_131,50-bp bin starting at position 131,131,180,44.0,52.0,3,2,0.989,0.985,46,69,GGATTCCAGCTAAAGTCGGAAATCT,TGGCGGTGTGTCCACCATGTATGAA
C185_bin_138,50-bp bin starting at position 138,138,187,48.0,44.0,3,2,0.979,0.979,50,86,AGCTAAAGTCGGAAATCTTGGCGGT,GTGTCCACCATGTATGAAGAGAAGT
C185_bin_140,50-bp bin starting at position 140,140,189,48.0,44.0,3,2,0.979,0.989,48,80,CTAAAGTCGGAAATCTTGGCGGTGT,GTCCACCATGTATGAAGAGAAGTTC
C185_bin_142,50-bp bin starting at position 142,142,191,48.0,44.0,3,2,0.953,0.977,68,78,AAAGTCGGAAATCTTGGCGGTGTGT,CCACCATGTATGAAGAGAAGTTCAG
C185_bin_149,50-bp bin starting at position 149,149,198,52.0,52.0,3,3,0.993,0.966,62,62,GAAATCTTGGCGGTGTGTCCACCAT,GTATGAAGAGAAGTTCAGGTGGCCC
C185_bin_151,50-bp bin starting at position 151,151,200,52.0,52.0,2,3,0.979,0.966,65,62,AATCTTGGCGGTGTGTCCACCATGT,ATGAAGAGAAGTTCAGGTGGCCCGT
C185_bin_153,50-bp bin starting at position 153,153,202,52.0,60.0,2,3,0.953,0.971,65,64,TCTTGGCGGTGTGTCCACCATGTAT,GAAGAGAAGTTCAGGTGGCCCGTCC
C185_bin_163,50-bp bin starting at position 163,163,212,44.0,60.0,2,3,0.979,0.953,86,60,GTGTCCACCATGTATGAAGAGAAGT,TCAGGTGGCCCGTCCTCAGCATCTT
C185_bin_176,50-bp bin starting at position 176,176,225,52.0,60.0,3,2,0.966,0.913,62,54,ATGAAGAGAAGTTCAGGTGGCCCGT,CCTCAGCATCTTCCGCTGACTGCTC
C185_bin_179,50-bp bin starting at position 179,179,228,56.0,56.0,3,2,0.989,0.922,48,92,AAGAGAAGTTCAGGTGGCCCGTCCT,CAGCATCTTCCGCTGACTGCTCTTC
C185_bin_185,50-bp bin starting at position 185,185,234,60.0,56.0,3,2,0.979,0.887,58,108,AGTTCAGGTGGCCCGTCCTCAGCAT,CTTCCGCTGACTGCTCTTCTCCGAT
C185_bin_187,50-bp bin starting at position 187,187,236,60.0,52.0,3,3,0.953,0.887,60,88,TTCAGGTGGCCCGTCCTCAGCATCT,TCCGCTGACTGCTCTTCTCCGATTT
C185_bin_188,50-bp bin starting at position 188,188,237,60.0,52.0,3,4,0.953,0.887,60,80,TCAGGTGGCCCGTCCTCAGCATCTT,CCGCTGACTGCTCTTCTCCGATTTT
C185_bin_193,50-bp bin starting at position 193,193,242,64.0,44.0,3,4,0.896,0.922,48,61,TGGCCCGTCCTCAGCATCTTCCGCT,GACTGCTCTTCTCCGATTTTACTCA
C185_bin_197,50-bp bin starting at position 197,197,246,60.0,48.0,2,4,0.913,0.922,46,47,CCGTCCTCAGCATCTTCCGCTGACT,GCTCTTCTCCGATTTTACTCAGGTC
C185_bin_200,50-bp bin starting at position 200,200,249,56.0,48.0,2,4,0.922,0.926,54,50,TCCTCAGCATCTTCCGCTGACTGCT,CTTCTCCGATTTTACTCAGGTCCCA
C185_bin_202,50-bp bin starting at position 202,202,251,56.0,48.0,2,4,0.922,0.944,58,52,CTCAGCATCTTCCGCTGACTGCTCT,TCTCCGATTTTACTCAGGTCCCACA
C185_bin_203,50-bp bin starting at position 203,203,252,52.0,52.0,2,4,0.926,0.937,68,58,TCAGCATCTTCCGCTGACTGCTCTT,CTCCGATTTTACTCAGGTCCCACAC
C185_bin_205,50-bp bin starting at position 205,205,254,52.0,52.0,2,4,0.926,0.966,93,48,AGCATCTTCCGCTGACTGCTCTTCT,CCGATTTTACTCAGGTCCCACACGT
C185_bin_210,50-bp bin starting at position 210,210,259,56.0,48.0,2,3,0.887,0.985,108,42,CTTCCGCTGACTGCTCTTCTCCGAT,TTTACTCAGGTCCCACACGTTGAGT
C185_bin_211,50-bp bin starting at position 211,211,260,52.0,52.0,2,3,0.887,0.985,94,48,TTCCGCTGACTGCTCTTCTCCGATT,TTACTCAGGTCCCACACGTTGAGTC
C185_bin_212,50-bp bin starting at position 212,212,261,52.0,56.0,3,3,0.887,0.989,88,48,TCCGCTGACTGCTCTTCTCCGATTT,TACTCAGGTCCCACACGTTGAGTCG
C185_bin_213,50-bp bin starting at position 213,213,262,52.0,60.0,4,3,0.887,0.977,80,48,CCGCTGACTGCTCTTCTCCGATTTT,ACTCAGGTCCCACACGTTGAGTCGC
C185_bin_216,50-bp bin starting at position 216,216,265,44.0,64.0,4,3,0.891,0.966,68,52,CTGACTGCTCTTCTCCGATTTTACT,CAGGTCCCACACGTTGAGTCGCCGA
C185_bin_221,50-bp bin starting at position 221,221,270,44.0,60.0,4,3,0.913,0.971,45,44,TGCTCTTCTCCGATTTTACTCAGGT,CCCACACGTTGAGTCGCCGATCTGT
C185_bin_230,50-bp bin starting at position 230,230,279,52.0,60.0,4,2,0.966,0.979,48,70,CCGATTTTACTCAGGTCCCACACGT,TGAGTCGCCGATCTGTGCCGCTAGA
C185_bin_231,50-bp bin starting at position 231,231,280,48.0,64.0,4,2,0.97,0.966,48,76,CGATTTTACTCAGGTCCCACACGTT,GAGTCGCCGATCTGTGCCGCTAGAG
C185_bin_235,50-bp bin starting at position 235,235,284,48.0,68.0,3,2,0.985,0.951,42,65,TTTACTCAGGTCCCACACGTTGAGT,CGCCGATCTGTGCCGCTAGAGGCCA
C185_bin_242,50-bp bin starting at position 242,242,291,60.0,52.0,3,4,0.985,0.998,50,52,AGGTCCCACACGTTGAGTCGCCGAT,CTGTGCCGCTAGAGGCCAAAATTGT
C185_bin_244,50-bp bin starting at position 244,244,293,60.0,52.0,3,4,0.971,0.998,48,44,GTCCCACACGTTGAGTCGCCGATCT,GTGCCGCTAGAGGCCAAAATTGTCT
C185_bin_246,50-bp bin starting at position 246,246,295,60.0,56.0,3,4,0.971,0.993,44,44,CCCACACGTTGAGTCGCCGATCTGT,GCCGCTAGAGGCCAAAATTGTCTCG
C185_bin_252,50-bp bin starting at position 252,252,301,64.0,44.0,2,4,0.929,0.983,68,60,CGTTGAGTCGCCGATCTGTGCCGCT,AGAGGCCAAAATTGTCTCGTTGTGA
C185_bin_264,50-bp bin starting at position 264,264,313,52.0,52.0,4,2,0.993,0.97,48,52,GATCTGTGCCGCTAGAGGCCAAAAT,TGTCTCGTTGTGAGGTGACCAATGC
C185_bin_265,50-bp bin starting at position 265,265,314,48.0,52.0,4,2,0.998,0.985,44,48,ATCTGTGCCGCTAGAGGCCAAAATT,GTCTCGTTGTGAGGTGACCAATGCA
C185_bin_267,50-bp bin starting at position 267,267,316,52.0,56.0,4,2,0.998,0.993,52,56,CTGTGCCGCTAGAGGCCAAAATTGT,CTCGTTGTGAGGTGACCAATGCACC
C185_bin_269,50-bp bin starting at position 269,269,318,52.0,56.0,4,2,0.998,0.989,44,58,GTGCCGCTAGAGGCCAAAATTGTCT,CGTTGTGAGGTGACCAATGCACCTG
C185_bin_272,50-bp bin starting at position 272,272,321,52.0,48.0,4,3,0.998,0.985,40,67,CCGCTAGAGGCCAAAATTGTCTCGT,TGTGAGGTGACCAATGCACCTGAAA
C185_bin_273,50-bp bin starting at position 273,273,322,48.0,52.0,4,3,0.998,0.97,40,69,CGCTAGAGGCCAAAATTGTCTCGTT,GTGAGGTGACCAATGCACCTGAAAG
C185_bin_275,50-bp bin starting at position 275,275,324,44.0,48.0,4,3,0.989,0.966,58,52,CTAGAGGCCAAAATTGTCTCGTTGT,GAGGTGACCAATGCACCTGAAAGAT
C185_bin_280,50-bp bin starting at position 280,280,329,48.0,48.0,4,3,0.97,0.985,58,46,GGCCAAAATTGTCTCGTTGTGAGGT,GACCAATGCACCTGAAAGATCTCGT
C185_bin_287,50-bp bin starting at position 287,287,336,44.0,52.0,2,3,0.966,0.993,72,40,ATTGTCTCGTTGTGAGGTGACCAAT,GCACCTGAAAGATCTCGTCCTTGTG
C185_bin_293,50-bp bin starting at position 293,293,342,52.0,48.0,2,3,0.993,0.985,56,48,TCGTTGTGAGGTGACCAATGCACCT,GAAAGATCTCGTCCTTGTGGGATTC
C185_bin_300,50-bp bin starting at position 300,300,349,48.0,56.0,3,3,0.966,0.957,52,58,GAGGTGACCAATGCACCTGAAAGAT,CTCGTCCTTGTGGGATTCGAACGTG
C185_bin_302,50-bp bin starting at position 302,302,351,48.0,56.0,3,3,0.989,0.944,50,67,GGTGACCAATGCACCTGAAAGATCT,CGTCCTTGTGGGATTCGAACGTGTG
C185_bin_305,50-bp bin starting at position 305,305,354,48.0,56.0,3,3,0.985,0.966,46,53,GACCAATGCACCTGAAAGATCTCGT,CCTTGTGGGATTCGAACGTGTGCAG
C185_bin_308,50-bp bin starting at position 308,308,357,48.0,48.0,3,3,0.979,0.926,44,57,CAATGCACCTGAAAGATCTCGTCCT,TGTGGGATTCGAACGTGTGCAGTTT
C185_bin_309,50-bp bin starting at position 309,309,358,44.0,52.0,3,3,0.983,0.951,40,51,AATGCACCTGAAAGATCTCGTCCTT,GTGGGATTCGAACGTGTGCAGTTTC
C185_bin_311,50-bp bin starting at position 311,311,360,48.0,48.0,3,3,0.985,0.979,40,52,TGCACCTGAAAGATCTCGTCCTTGT,GGGATTCGAACGTGTGCAGTTTCAA
C185_bin_316,50-bp bin starting at position 316,316,365,48.0,44.0,3,3,0.985,0.989,46,72,CTGAAAGATCTCGTCCTTGTGGGAT,TCGAACGTGTGCAGTTTCAACTTCA
C185_bin_317,50-bp bin starting at position 317,317,366,44.0,48.0,3,3,0.966,0.998,48,80,TGAAAGATCTCGTCCTTGTGGGATT,CGAACGTGTGCAGTTTCAACTTCAG
C185_bin_324,50-bp bin starting at position 324,324,373,52.0,52.0,3,3,0.953,0.979,52,69,TCTCGTCCTTGTGGGATTCGAACGT,GTGCAGTTTCAACTTCAGGTTCCGC
C185_bin_326,50-bp bin starting at position 326,326,375,52.0,52.0,3,3,0.944,0.993,62,88,TCGTCCTTGTGGGATTCGAACGTGT,GCAGTTTCAACTTCAGGTTCCGCAG
C185_bin_331,50-bp bin starting at position 331,331,380,52.0,52.0,3,3,0.951,0.966,55,65,CTTGTGGGATTCGAACGTGTGCAGT,TTCAACTTCAGGTTCCGCAGATCCC
C185_bin_332,50-bp bin starting at position 332,332,381,48.0,52.0,3,3,0.926,0.971,57,54,TTGTGGGATTCGAACGTGTGCAGTT,TCAACTTCAGGTTCCGCAGATCCCA
C185_bin_333,50-bp bin starting at position 333,333,382,48.0,52.0,3,3,0.926,0.966,57,56,TGTGGGATTCGAACGTGTGCAGTTT,CAACTTCAGGTTCCGCAGATCCCAA
C185_bin_338,50-bp bin starting at position 338,338,387,44.0,60.0,3,3,0.989,0.979,58,56,GATTCGAACGTGTGCAGTTTCAACT,TCAGGTTCCGCAGATCCCAAAGGGC
C185_bin_344,50-bp bin starting at position 344,344,393,44.0,64.0,3,3,0.989,0.953,78,52,AACGTGTGCAGTTTCAACTTCAGGT,TCCGCAGATCCCAAAGGGCCACGGT
C185_bin_345,50-bp bin starting at position 345,345,394,44.0,68.0,3,3,0.977,0.914,76,46,ACGTGTGCAGTTTCAACTTCAGGTT,CCGCAGATCCCAAAGGGCCACGGTC
C185_bin_353,50-bp bin starting at position 353,353,402,44.0,64.0,3,3,0.989,0.955,65,40,AGTTTCAACTTCAGGTTCCGCAGAT,CCCAAAGGGCCACGGTCTTATCCGC
C185_bin_369,50-bp bin starting at position 369,369,418,64.0,64.0,3,2,0.953,0.953,52,71,TCCGCAGATCCCAAAGGGCCACGGT,CTTATCCGCGCTTCCAGTCGCGAGG
C185_bin_371,50-bp bin starting at position 371,371,420,64.0,60.0,3,2,0.953,0.979,44,65,CGCAGATCCCAAAGGGCCACGGTCT,TATCCGCGCTTCCAGTCGCGAGGAT
C185_bin_372,50-bp bin starting at position 372,372,421,60.0,64.0,3,2,0.979,0.97,40,65,GCAGATCCCAAAGGGCCACGGTCTT,ATCCGCGCTTCCAGTCGCGAGGATG
C185_bin_374,50-bp bin starting at position 374,374,423,52.0,64.0,3,2,0.993,0.97,38,55,AGATCCCAAAGGGCCACGGTCTTAT,CCGCGCTTCCAGTCGCGAGGATGAA
C185_bin_381,50-bp bin starting at position 381,381,430,60.0,52.0,3,2,0.985,0.989,40,44,AAAGGGCCACGGTCTTATCCGCGCT,TCCAGTCGCGAGGATGAATTCTGAG
C185_bin_382,50-bp bin starting at position 382,382,431,60.0,52.0,3,2,0.979,0.989,46,52,AAGGGCCACGGTCTTATCCGCGCTT,CCAGTCGCGAGGATGAATTCTGAGT
C185_bin_387,50-bp bin starting at position 387,387,436,60.0,56.0,2,4,0.937,0.923,62,58,CCACGGTCTTATCCGCGCTTCCAGT,CGCGAGGATGAATTCTGAGTAGGGG
C185_bin_396,50-bp bin starting at position 396,396,445,60.0,44.0,2,4,0.979,0.961,65,60,TATCCGCGCTTCCAGTCGCGAGGAT,GAATTCTGAGTAGGGGTTGAAACTC
C185_bin_400,50-bp bin starting at position 400,400,449,60.0,48.0,2,4,0.985,0.979,55,50,CGCGCTTCCAGTCGCGAGGATGAAT,TCTGAGTAGGGGTTGAAACTCAAGC
C185_bin_401,50-bp bin starting at position 401,401,450,56.0,48.0,2,4,0.989,0.97,46,50,GCGCTTCCAGTCGCGAGGATGAATT,CTGAGTAGGGGTTGAAACTCAAGCA
C185_bin_403,50-bp bin starting at position 403,403,452,52.0,44.0,2,4,0.993,0.944,42,44,GCTTCCAGTCGCGAGGATGAATTCT,GAGTAGGGGTTGAAACTCAAGCAAT
C185_bin_428,50-bp bin starting at position 428,428,477,44.0,56.0,4,3,0.944,0.983,44,42,GAGTAGGGGTTGAAACTCAAGCAAT,TTACCTCTGCAGTGTGGGCGTCAAC
C185_bin_443,50-bp bin starting at position 443,443,492,44.0,64.0,3,3,0.979,0.936,58,64,CTCAAGCAATTTACCTCTGCAGTGT,GGGCGTCAACCAGGTGAGAGGGCTT
C185_bin_449,50-bp bin starting at position 449,449,498,52.0,56.0,3,3,0.979,0.977,38,98,CAATTTACCTCTGCAGTGTGGGCGT,CAACCAGGTGAGAGGGCTTGCTTGT
C185_bin_467,50-bp bin starting at position 467,467,516,64.0,52.0,3,2,0.936,0.849,68,99,TGGGCGTCAACCAGGTGAGAGGGCT,TGCTTGTAGTGTTGCTCCGTGTGTC
C185_bin_468,50-bp bin starting at position 468,468,517,64.0,56.0,3,2,0.936,0.867,64,93,GGGCGTCAACCAGGTGAGAGGGCTT,GCTTGTAGTGTTGCTCCGTGTGTCC
C185_bin_471,50-bp bin starting at position 471,471,520,60.0,56.0,3,3,0.977,0.921,54,75,CGTCAACCAGGTGAGAGGGCTTGCT,TGTAGTGTTGCTCCGTGTGTCCCAG
C185_bin_472,50-bp bin starting at position 472,472,521,56.0,56.0,3,3,0.977,0.957,72,70,GTCAACCAGGTGAGAGGGCTTGCTT,GTAGTGTTGCTCCGTGTGTCCCAGA
C185_bin_474,50-bp bin starting at position 474,474,523,56.0,56.0,3,3,0.977,0.961,98,70,CAACCAGGTGAGAGGGCTTGCTTGT,AGTGTTGCTCCGTGTGTCCCAGATC
C185_bin_477,50-bp bin starting at position 477,477,526,56.0,56.0,3,3,0.945,0.957,98,68,CCAGGTGAGAGGGCTTGCTTGTAGT,GTTGCTCCGTGTGTCCCAGATCATC
C185_bin_479,50-bp bin starting at position 479,479,528,52.0,56.0,3,3,0.881,0.979,114,92,AGGTGAGAGGGCTTGCTTGTAGTGT,TGCTCCGTGTGTCCCAGATCATCAG
C185_bin_480,50-bp bin starting at position 480,480,529,52.0,60.0,3,3,0.855,0.971,108,94,GGTGAGAGGGCTTGCTTGTAGTGTT,GCTCCGTGTGTCCCAGATCATCAGC
C185_bin_498,50-bp bin starting at position 498,498,547,52.0,52.0,3,2,0.953,0.942,68,73,TAGTGTTGCTCCGTGTGTCCCAGAT,CATCAGCTTCTGATCATCCGCCACA
C185_bin_501,50-bp bin starting at position 501,501,550,52.0,52.0,3,2,0.953,0.971,65,58,TGTTGCTCCGTGTGTCCCAGATCAT,CAGCTTCTGATCATCCGCCACAGAT
C185_bin_506,50-bp bin starting at position 506,506,555,56.0,52.0,3,2,0.966,0.966,94,97,CTCCGTGTGTCCCAGATCATCAGCT,TCTGATCATCCGCCACAGATCCGAA
C185_bin_507,50-bp bin starting at position 507,507,556,52.0,56.0,3,2,0.97,0.945,90,99,TCCGTGTGTCCCAGATCATCAGCTT,CTGATCATCCGCCACAGATCCGAAC
C185_bin_509,50-bp bin starting at position 509,509,558,52.0,52.0,3,2,0.97,0.926,86,111,CGTGTGTCCCAGATCATCAGCTTCT,GATCATCCGCCACAGATCCGAACAA
C185_bin_512,50-bp bin starting at position 512,512,561,48.0,56.0,3,2,0.985,0.922,76,96,GTGTCCCAGATCATCAGCTTCTGAT,CATCCGCCACAGATCCGAACAAGCT
C185_bin_526,50-bp bin starting at position 526,526,575,52.0,56.0,2,3,0.971,0.989,58,44,CAGCTTCTGATCATCCGCCACAGAT,CCGAACAAGCTTTCGTGCAGGAGGT
C185_bin_537,50-bp bin starting at position 537,537,586,56.0,60.0,2,2,0.922,0.985,96,103,CATCCGCCACAGATCCGAACAAGCT,TTCGTGCAGGAGGTGCCATGCCACA
C185_bin_538,50-bp bin starting at position 538,538,587,52.0,60.0,2,2,0.951,0.985,94,113,ATCCGCCACAGATCCGAACAAGCTT,TCGTGCAGGAGGTGCCATGCCACAT
C185_bin_539,50-bp bin starting at position 539,539,588,52.0,64.0,3,2,0.966,0.97,70,113,TCCGCCACAGATCCGAACAAGCTTT,CGTGCAGGAGGTGCCATGCCACATC
C185_bin_542,50-bp bin starting at position 542,542,591,52.0,64.0,3,2,0.985,0.966,48,96,GCCACAGATCCGAACAAGCTTTCGT,GCAGGAGGTGCCATGCCACATCCTC
C185_bin_551,50-bp bin starting at position 551,551,600,56.0,64.0,3,2,0.989,0.909,44,99,CCGAACAAGCTTTCGTGCAGGAGGT,GCCATGCCACATCCTCCACGACTGC
C185_bin_556,50-bp bin starting at position 556,556,605,56.0,60.0,3,2,0.989,0.955,60,68,CAAGCTTTCGTGCAGGAGGTGCCAT,GCCACATCCTCCACGACTGCGGAAT
C185_bin_563,50-bp bin starting at position 563,563,612,60.0,60.0,2,2,0.985,0.977,113,52,TCGTGCAGGAGGTGCCATGCCACAT,CCTCCACGACTGCGGAATGACCTGT
C185_bin_566,50-bp bin starting at position 566,566,615,60.0,56.0,2,2,0.985,0.983,97,62,TGCAGGAGGTGCCATGCCACATCCT,CCACGACTGCGGAATGACCTGTGAA
C185_bin_574,50-bp bin starting at position 574,574,623,60.0,52.0,2,2,0.936,0.971,115,54,GTGCCATGCCACATCCTCCACGACT,GCGGAATGACCTGTGAAGATGGCTT
C185_bin_581,50-bp bin starting at position 581,581,630,60.0,48.0,2,3,0.955,0.993,68,32,GCCACATCCTCCACGACTGCGGAAT,GACCTGTGAAGATGGCTTTAGCATC
C185_bin_586,50-bp bin starting at position 586,586,635,56.0,44.0,2,3,0.977,0.993,58,36,ATCCTCCACGACTGCGGAATGACCT,GTGAAGATGGCTTTAGCATCCACTA
C185_bin_588,50-bp bin starting at position 588,588,637,60.0,44.0,2,3,0.977,0.993,52,44,CCTCCACGACTGCGGAATGACCTGT,GAAGATGGCTTTAGCATCCACTATC
C185_bin_594,50-bp bin starting at position 594,594,643,52.0,44.0,2,3,0.985,0.944,62,62,CGACTGCGGAATGACCTGTGAAGAT,GGCTTTAGCATCCACTATCTTACCT
C185_bin_605,50-bp bin starting at position 605,605,654,44.0,48.0,3,4,0.979,0.858,40,67,TGACCTGTGAAGATGGCTTTAGCAT,CCACTATCTTACCTTCTTTTGGCCC
C185_bin_610,50-bp bin starting at position 610,610,659,44.0,52.0,3,4,0.989,0.905,34,73,TGTGAAGATGGCTTTAGCATCCACT,ATCTTACCTTCTTTTGGCCCGGCGT
C185_bin_619,50-bp bin starting at position 619,619,668,44.0,56.0,3,4,0.944,0.921,62,64,GGCTTTAGCATCCACTATCTTACCT,TCTTTTGGCCCGGCGTTGATATCCC
C185_bin_655,50-bp bin starting at position 655,655,704,52.0,56.0,3,3,0.993,0.955,98,48,GGCGTTGATATCCCACAGACAGACT,GTGTGGTCATCGGAGGCTGAAAGCA
C185_bin_657,50-bp bin starting at position 657,657,706,48.0,56.0,3,3,0.993,0.945,106,42,CGTTGATATCCCACAGACAGACTGT,GTGGTCATCGGAGGCTGAAAGCAGA
C185_bin_659,50-bp bin starting at position 659,659,708,44.0,56.0,3,3,0.993,0.945,114,42,TTGATATCCCACAGACAGACTGTGT,GGTCATCGGAGGCTGAAAGCAGATG
C185_bin_673,50-bp bin starting at position 673,673,722,56.0,56.0,2,3,0.977,0.966,62,42,ACAGACTGTGTGGTCATCGGAGGCT,GAAAGCAGATGGCCTGACAGGTTGC
C185_bin_683,50-bp bin starting at position 683,683,732,52.0,60.0,3,2,0.966,0.971,42,76,TGGTCATCGGAGGCTGAAAGCAGAT,GGCCTGACAGGTTGCTGTTCCAGGA
C185_bin_688,50-bp bin starting at position 688,688,737,56.0,52.0,3,2,0.966,0.998,46,84,ATCGGAGGCTGAAAGCAGATGGCCT,GACAGGTTGCTGTTCCAGGACAATC
C185_bin_695,50-bp bin starting at position 695,695,744,56.0,52.0,3,2,0.966,0.989,66,52,GCTGAAAGCAGATGGCCTGACAGGT,TGCTGTTCCAGGACAATCCATAGCC
C185_bin_696,50-bp bin starting at position 696,696,745,52.0,56.0,3,3,0.985,0.977,64,50,CTGAAAGCAGATGGCCTGACAGGTT,GCTGTTCCAGGACAATCCATAGCCC
C185_bin_699,50-bp bin starting at position 699,699,748,52.0,52.0,3,3,0.985,0.971,44,52,AAAGCAGATGGCCTGACAGGTTGCT,GTTCCAGGACAATCCATAGCCCTCT
C185_bin_701,50-bp bin starting at position 701,701,750,56.0,48.0,2,3,0.977,0.953,52,56,AGCAGATGGCCTGACAGGTTGCTGT,TCCAGGACAATCCATAGCCCTCTTT
C185_bin_702,50-bp bin starting at position 702,702,751,56.0,52.0,2,3,0.966,0.942,60,42,GCAGATGGCCTGACAGGTTGCTGTT,CCAGGACAATCCATAGCCCTCTTTC
C185_bin_712,50-bp bin starting at position 712,712,761,48.0,60.0,2,4,0.993,0.913,82,67,TGACAGGTTGCTGTTCCAGGACAAT,CCATAGCCCTCTTTCTGATGGCCCC
C185_bin_716,50-bp bin starting at position 716,716,765,48.0,60.0,2,4,0.998,0.953,70,107,AGGTTGCTGTTCCAGGACAATCCAT,AGCCCTCTTTCTGATGGCCCCTGAG
C185_bin_722,50-bp bin starting at position 722,722,771,52.0,64.0,3,4,0.971,0.953,50,80,CTGTTCCAGGACAATCCATAGCCCT,CTTTCTGATGGCCCCTGAGGCGGAG
C185_bin_724,50-bp bin starting at position 724,724,773,52.0,60.0,3,4,0.971,0.971,52,86,GTTCCAGGACAATCCATAGCCCTCT,TTCTGATGGCCCCTGAGGCGGAGAT
C185_bin_725,50-bp bin starting at position 725,725,774,48.0,64.0,3,4,0.953,0.966,56,90,TTCCAGGACAATCCATAGCCCTCTT,TCTGATGGCCCCTGAGGCGGAGATC
C185_bin_726,50-bp bin starting at position 726,726,775,48.0,64.0,3,4,0.953,0.966,56,86,TCCAGGACAATCCATAGCCCTCTTT,CTGATGGCCCCTGAGGCGGAGATCA
C185_bin_728,50-bp bin starting at position 728,728,777,48.0,68.0,3,4,0.953,0.923,42,70,CAGGACAATCCATAGCCCTCTTTCT,GATGGCCCCTGAGGCGGAGATCAGG
C185_bin_731,50-bp bin starting at position 731,731,780,44.0,64.0,3,4,0.957,0.955,42,72,GACAATCCATAGCCCTCTTTCTGAT,GGCCCCTGAGGCGGAGATCAGGATT
C185_bin_738,50-bp bin starting at position 738,738,787,56.0,60.0,4,2,0.922,0.955,81,64,CATAGCCCTCTTTCTGATGGCCCCT,GAGGCGGAGATCAGGATTGCACTCG
C185_bin_749,50-bp bin starting at position 749,749,798,60.0,60.0,4,2,0.971,0.979,86,83,TTCTGATGGCCCCTGAGGCGGAGAT,CAGGATTGCACTCGCCGGAAGGATC
C185_bin_755,50-bp bin starting at position 755,755,804,64.0,60.0,4,3,0.955,0.971,76,48,TGGCCCCTGAGGCGGAGATCAGGAT,TGCACTCGCCGGAAGGATCGGGTTT
C185_bin_756,50-bp bin starting at position 756,756,805,64.0,60.0,4,3,0.955,0.977,72,48,GGCCCCTGAGGCGGAGATCAGGATT,GCACTCGCCGGAAGGATCGGGTTTA
C185_bin_761,50-bp bin starting at position 761,761,810,56.0,64.0,2,3,0.977,0.936,64,52,CTGAGGCGGAGATCAGGATTGCACT,CGCCGGAAGGATCGGGTTTAGCAGG
C185_bin_873,50-bp bin starting at position 873,873,922,64.0,44.0,4,3,0.925,0.891,74,48,GGTTCTGGGGCATGTACCTGGCCCT,ATTCACTTCTCCCTCGTGGTTTATC
C185_bin_875,50-bp bin starting at position 875,875,924,56.0,44.0,4,3,0.961,0.846,76,52,TTCTGGGGCATGTACCTGGCCCTAT,TCACTTCTCCCTCGTGGTTTATCTT
C185_bin_876,50-bp bin starting at position 876,876,925,56.0,44.0,4,3,0.961,0.846,76,58,TCTGGGGCATGTACCTGGCCCTATT,CACTTCTCCCTCGTGGTTTATCTTT
C185_bin_946,50-bp bin starting at position 946,946,995,48.0,60.0,3,3,0.937,0.979,119,72,TGTAACAGAGCCAAAGCCGCCAAAT,TCACCCTTGTCGGAGTCACAGTGGG
C185_bin_947,50-bp bin starting at position 947,947,996,48.0,60.0,3,3,0.937,0.985,119,66,GTAACAGAGCCAAAGCCGCCAAATT,CACCCTTGTCGGAGTCACAGTGGGA
C185_bin_953,50-bp bin starting at position 953,953,1002,56.0,60.0,3,3,0.922,0.961,119,63,GAGCCAAAGCCGCCAAATTCACCCT,TGTCGGAGTCACAGTGGGAAGCGTC
C185_bin_954,50-bp bin starting at position 954,954,1003,52.0,60.0,3,3,0.922,0.955,123,75,AGCCAAAGCCGCCAAATTCACCCTT,GTCGGAGTCACAGTGGGAAGCGTCA
C185_bin_956,50-bp bin starting at position 956,956,1005,52.0,56.0,3,3,0.937,0.944,82,74,CCAAAGCCGCCAAATTCACCCTTGT,CGGAGTCACAGTGGGAAGCGTCAAA
C185_bin_962,50-bp bin starting at position 962,962,1011,56.0,56.0,3,3,0.977,0.979,32,46,CCGCCAAATTCACCCTTGTCGGAGT,CACAGTGGGAAGCGTCAAACTGTGC
C185_bin_968,50-bp bin starting at position 968,968,1017,48.0,52.0,3,3,0.993,0.993,66,64,AATTCACCCTTGTCGGAGTCACAGT,GGGAAGCGTCAAACTGTGCATCATC
C185_bin_977,50-bp bin starting at position 977,977,1026,56.0,44.0,3,3,0.955,0.989,58,58,TTGTCGGAGTCACAGTGGGAAGCGT,CAAACTGTGCATCATCGTTTGGGAT
C185_bin_983,50-bp bin starting at position 983,983,1032,52.0,48.0,3,3,0.97,0.951,66,70,GAGTCACAGTGGGAAGCGTCAAACT,GTGCATCATCGTTTGGGATGTGTAC
C185_bin_985,50-bp bin starting at position 985,985,1034,52.0,48.0,3,3,0.985,0.966,60,62,GTCACAGTGGGAAGCGTCAAACTGT,GCATCATCGTTTGGGATGTGTACTC
C185_bin_989,50-bp bin starting at position 989,989,1038,52.0,48.0,3,3,0.985,0.966,42,42,CAGTGGGAAGCGTCAAACTGTGCAT,CATCGTTTGGGATGTGTACTCTAGC
C185_bin_992,50-bp bin starting at position 992,992,1041,48.0,52.0,3,3,0.993,0.979,50,38,TGGGAAGCGTCAAACTGTGCATCAT,CGTTTGGGATGTGTACTCTAGCCAC
C185_bin_995,50-bp bin starting at position 995,995,1044,48.0,52.0,3,3,0.998,0.993,72,62,GAAGCGTCAAACTGTGCATCATCGT,TTGGGATGTGTACTCTAGCCACCAC
C185_bin_996,50-bp bin starting at position 996,996,1045,44.0,56.0,3,3,0.993,0.993,72,62,AAGCGTCAAACTGTGCATCATCGTT,TGGGATGTGTACTCTAGCCACCACG
C185_bin_997,50-bp bin starting at position 997,997,1046,44.0,56.0,3,3,0.989,0.993,74,64,AGCGTCAAACTGTGCATCATCGTTT,GGGATGTGTACTCTAGCCACCACGA
C185_bin_1002,50-bp bin starting at position 1002,1002,1051,44.0,56.0,3,2,0.989,0.993,58,58,CAAACTGTGCATCATCGTTTGGGAT,GTGTACTCTAGCCACCACGAGATGG
C185_bin_1004,50-bp bin starting at position 1004,1004,1053,44.0,52.0,3,2,0.966,0.998,62,54,AACTGTGCATCATCGTTTGGGATGT,GTACTCTAGCCACCACGAGATGGTT
C185_bin_1006,50-bp bin starting at position 1006,1006,1055,48.0,52.0,3,2,0.922,0.989,83,58,CTGTGCATCATCGTTTGGGATGTGT,ACTCTAGCCACCACGAGATGGTTCT
C185_bin_1009,50-bp bin starting at position 1009,1009,1058,44.0,56.0,3,2,0.945,0.989,62,54,TGCATCATCGTTTGGGATGTGTACT,CTAGCCACCACGAGATGGTTCTGCT
C185_bin_1011,50-bp bin starting at position 1011,1011,1060,44.0,56.0,3,2,0.955,0.989,66,58,CATCATCGTTTGGGATGTGTACTCT,AGCCACCACGAGATGGTTCTGCTCA
C185_bin_1025,50-bp bin starting at position 1025,1025,1074,48.0,52.0,2,3,0.993,0.905,68,54,ATGTGTACTCTAGCCACCACGAGAT,GGTTCTGCTCATCGCTTGTATGGGT
C185_bin_1028,50-bp bin starting at position 1028,1028,1077,52.0,56.0,2,3,0.998,0.925,58,50,TGTACTCTAGCCACCACGAGATGGT,TCTGCTCATCGCTTGTATGGGTGCC
C185_bin_1029,50-bp bin starting at position 1029,1029,1078,52.0,60.0,2,3,0.998,0.929,54,52,GTACTCTAGCCACCACGAGATGGTT,CTGCTCATCGCTTGTATGGGTGCCC
C185_bin_1031,50-bp bin starting at position 1031,1031,1080,52.0,60.0,2,3,0.989,0.961,58,46,ACTCTAGCCACCACGAGATGGTTCT,GCTCATCGCTTGTATGGGTGCCCAG
C185_bin_1034,50-bp bin starting at position 1034,1034,1083,56.0,56.0,2,3,0.989,0.983,54,42,CTAGCCACCACGAGATGGTTCTGCT,CATCGCTTGTATGGGTGCCCAGTAC
C185_bin_1037,50-bp bin starting at position 1037,1037,1086,56.0,56.0,2,3,0.989,0.989,58,42,GCCACCACGAGATGGTTCTGCTCAT,CGCTTGTATGGGTGCCCAGTACAAG
C185_bin_1041,50-bp bin starting at position 1041,1041,1090,56.0,56.0,2,3,0.979,0.989,42,74,CCACGAGATGGTTCTGCTCATCGCT,TGTATGGGTGCCCAGTACAAGCCAG
C185_bin_1042,50-bp bin starting at position 1042,1042,1091,52.0,56.0,2,3,0.979,0.989,46,98,CACGAGATGGTTCTGCTCATCGCTT,GTATGGGTGCCCAGTACAAGCCAGT
C185_bin_1044,50-bp bin starting at position 1044,1044,1093,52.0,56.0,2,3,0.953,0.979,48,94,CGAGATGGTTCTGCTCATCGCTTGT,ATGGGTGCCCAGTACAAGCCAGTGA
C185_bin_1046,50-bp bin starting at position 1046,1046,1095,44.0,60.0,2,3,0.955,0.953,42,104,AGATGGTTCTGCTCATCGCTTGTAT,GGGTGCCCAGTACAAGCCAGTGAAG
C185_bin_1050,50-bp bin starting at position 1050,1050,1099,52.0,60.0,3,3,0.905,0.961,54,113,GGTTCTGCTCATCGCTTGTATGGGT,GCCCAGTACAAGCCAGTGAAGTGCG
C185_bin_1057,50-bp bin starting at position 1057,1057,1106,56.0,52.0,3,2,0.961,0.993,40,65,CTCATCGCTTGTATGGGTGCCCAGT,ACAAGCCAGTGAAGTGCGTAGTCCT
C185_bin_1067,50-bp bin starting at position 1067,1067,1116,56.0,56.0,3,3,0.989,0.983,98,46,GTATGGGTGCCCAGTACAAGCCAGT,GAAGTGCGTAGTCCTTACCCTCTGG
C185_bin_1072,50-bp bin starting at position 1072,1072,1121,56.0,52.0,3,3,0.979,0.953,105,56,GGTGCCCAGTACAAGCCAGTGAAGT,GCGTAGTCCTTACCCTCTGGTTTAG
C185_bin_1076,50-bp bin starting at position 1076,1076,1125,56.0,48.0,3,3,0.983,0.951,107,74,CCCAGTACAAGCCAGTGAAGTGCGT,AGTCCTTACCCTCTGGTTTAGTCAC
C185_bin_1079,50-bp bin starting at position 1079,1079,1128,48.0,52.0,2,3,0.97,0.897,78,75,AGTACAAGCCAGTGAAGTGCGTAGT,CCTTACCCTCTGGTTTAGTCACCTC
C185_bin_1088,50-bp bin starting at position 1088,1088,1137,52.0,56.0,3,3,0.993,0.979,61,64,CAGTGAAGTGCGTAGTCCTTACCCT,CTGGTTTAGTCACCTCTGGCAGCCA
C185_bin_1090,50-bp bin starting at position 1090,1090,1139,52.0,56.0,3,3,0.979,0.979,54,50,GTGAAGTGCGTAGTCCTTACCCTCT,GGTTTAGTCACCTCTGGCAGCCACT
C185_bin_1093,50-bp bin starting at position 1093,1093,1142,52.0,56.0,3,2,0.979,0.977,48,58,AAGTGCGTAGTCCTTACCCTCTGGT,TTAGTCACCTCTGGCAGCCACTGCA
C185_bin_1094,50-bp bin starting at position 1094,1094,1143,52.0,60.0,3,2,0.953,0.961,52,63,AGTGCGTAGTCCTTACCCTCTGGTT,TAGTCACCTCTGGCAGCCACTGCAC
C185_bin_1095,50-bp bin starting at position 1095,1095,1144,52.0,60.0,3,2,0.914,0.961,44,79,GTGCGTAGTCCTTACCCTCTGGTTT,AGTCACCTCTGGCAGCCACTGCACT
C185_bin_1098,50-bp bin starting at position 1098,1098,1147,48.0,64.0,3,2,0.937,0.936,72,98,CGTAGTCCTTACCCTCTGGTTTAGT,CACCTCTGGCAGCCACTGCACTGTC
C185_bin_1103,50-bp bin starting at position 1103,1103,1152,48.0,64.0,3,2,0.897,0.966,61,107,TCCTTACCCTCTGGTTTAGTCACCT,CTGGCAGCCACTGCACTGTCAGGCT
C185_bin_1105,50-bp bin starting at position 1105,1105,1154,48.0,64.0,3,2,0.897,0.97,96,102,CTTACCCTCTGGTTTAGTCACCTCT,GGCAGCCACTGCACTGTCAGGCTTG
C185_bin_1115,50-bp bin starting at position 1115,1115,1164,56.0,60.0,3,2,0.979,0.985,50,86,GGTTTAGTCACCTCTGGCAGCCACT,GCACTGTCAGGCTTGGCCACTGAAG
C185_bin_1120,50-bp bin starting at position 1120,1120,1169,60.0,60.0,2,2,0.961,0.977,79,42,AGTCACCTCTGGCAGCCACTGCACT,GTCAGGCTTGGCCACTGAAGAGCGT
C185_bin_1122,50-bp bin starting at position 1122,1122,1171,60.0,64.0,2,2,0.955,0.966,98,42,TCACCTCTGGCAGCCACTGCACTGT,CAGGCTTGGCCACTGAAGAGCGTGC
C185_bin_1128,50-bp bin starting at position 1128,1128,1177,64.0,56.0,2,2,0.966,0.989,107,52,CTGGCAGCCACTGCACTGTCAGGCT,TGGCCACTGAAGAGCGTGCGTCATA
C185_bin_1129,50-bp bin starting at position 1129,1129,1178,60.0,56.0,2,2,0.979,0.979,102,54,TGGCAGCCACTGCACTGTCAGGCTT,GGCCACTGAAGAGCGTGCGTCATAA
C185_bin_1136,50-bp bin starting at position 1136,1136,1185,60.0,56.0,2,2,0.971,0.979,98,62,CACTGCACTGTCAGGCTTGGCCACT,GAAGAGCGTGCGTCATAACCAGGTC
C185_bin_1145,50-bp bin starting at position 1145,1145,1194,60.0,48.0,2,3,0.977,0.971,42,56,GTCAGGCTTGGCCACTGAAGAGCGT,GCGTCATAACCAGGTCGTACAGAAA
C185_bin_1149,50-bp bin starting at position 1149,1149,1198,64.0,48.0,2,3,0.955,0.966,64,44,GGCTTGGCCACTGAAGAGCGTGCGT,CATAACCAGGTCGTACAGAAATGGG
C185_bin_1152,50-bp bin starting at position 1152,1152,1201,56.0,52.0,2,4,0.989,0.951,52,54,TTGGCCACTGAAGAGCGTGCGTCAT,AACCAGGTCGTACAGAAATGGGGTG
C185_bin_1219,50-bp bin starting at position 1219,1219,1268,44.0,48.0,2,3,0.945,0.944,123,50,GTACTCCTCGTTGATAACTCGTTCT,TCCACGGTGTCTTCAAACATCTCCT
C185_bin_1227,50-bp bin starting at position 1227,1227,1276,48.0,48.0,2,3,0.966,0.97,58,50,CGTTGATAACTCGTTCTTCCACGGT,GTCTTCAAACATCTCCTTGGATGCC
C185_bin_1229,50-bp bin starting at position 1229,1229,1278,44.0,44.0,2,3,0.955,0.957,40,52,TTGATAACTCGTTCTTCCACGGTGT,CTTCAAACATCTCCTTGGATGCCAT
C239_bin_6,50-bp bin starting at position 6,6,55,48.0,64.0,3,2,0.922,0.957,114,62,ACCACCAGAAGCTGACACTAAAGCT,CAGGTCCAAGGCGCGCACGTAATGC
C239_bin_11,50-bp bin starting at position 11,11,60,48.0,60.0,3,2,0.971,0.961,88,72,CAGAAGCTGACACTAAAGCTCAGGT,CCAAGGCGCGCACGTAATGCCAGTA
C239_bin_48,50-bp bin starting at position 48,48,97,44.0,48.0,3,3,0.989,0.971,50,68,CGTAATGCCAGTACTTAACGGGAAT,AAACAAGATCTCTCCAGGACTGAGG
C239_bin_75,50-bp bin starting at position 75,75,124,48.0,56.0,2,3,0.989,0.979,88,72,ACAAGATCTCTCCAGGACTGAGGAT,ACAGCTCAGGAACGGAGCTTTGGCA
C239_bin_81,50-bp bin starting at position 81,81,130,52.0,48.0,2,3,0.998,0.985,84,60,TCTCTCCAGGACTGAGGATACAGCT,CAGGAACGGAGCTTTGGCAAACTTA
C239_bin_96,50-bp bin starting at position 96,96,145,52.0,44.0,3,3,0.985,0.989,73,42,GGATACAGCTCAGGAACGGAGCTTT,GGCAAACTTAGGGAATTTCTCCAAG
C239_bin_104,50-bp bin starting at position 104,104,153,52.0,48.0,3,4,0.993,0.97,54,43,CTCAGGAACGGAGCTTTGGCAAACT,TAGGGAATTTCTCCAAGTCGGGGTT
C239_bin_105,50-bp bin starting at position 105,105,154,48.0,48.0,3,4,0.993,0.97,60,51,TCAGGAACGGAGCTTTGGCAAACTT,AGGGAATTTCTCCAAGTCGGGGTTT
C239_bin_112,50-bp bin starting at position 112,112,161,48.0,48.0,3,4,0.979,0.971,48,64,CGGAGCTTTGGCAAACTTAGGGAAT,TTCTCCAAGTCGGGGTTTTCAACGT
C239_bin_113,50-bp bin starting at position 113,113,162,44.0,52.0,3,4,0.961,0.979,50,64,GGAGCTTTGGCAAACTTAGGGAATT,TCTCCAAGTCGGGGTTTTCAACGTC
C239_bin_128,50-bp bin starting at position 128,128,177,48.0,44.0,4,3,0.97,0.955,43,56,TTAGGGAATTTCTCCAAGTCGGGGT,TTTCAACGTCTACCTGGCTGGTATT
C239_bin_129,50-bp bin starting at position 129,129,178,48.0,44.0,4,2,0.97,0.977,43,56,TAGGGAATTTCTCCAAGTCGGGGTT,TTCAACGTCTACCTGGCTGGTATTA
C239_bin_130,50-bp bin starting at position 130,130,179,48.0,44.0,4,2,0.97,0.977,51,62,AGGGAATTTCTCCAAGTCGGGGTTT,TCAACGTCTACCTGGCTGGTATTAT
C239_bin_131,50-bp bin starting at position 131,131,180,48.0,48.0,4,2,0.951,0.989,52,60,GGGAATTTCTCCAAGTCGGGGTTTT,CAACGTCTACCTGGCTGGTATTATG
C239_bin_137,50-bp bin starting at position 137,137,186,48.0,52.0,4,2,0.971,0.993,64,86,TTCTCCAAGTCGGGGTTTTCAACGT,CTACCTGGCTGGTATTATGCAGCAG
C239_bin_139,50-bp bin starting at position 139,139,188,52.0,48.0,4,2,0.979,0.993,66,84,CTCCAAGTCGGGGTTTTCAACGTCT,ACCTGGCTGGTATTATGCAGCAGAT
C239_bin_143,50-bp bin starting at position 143,143,192,48.0,52.0,4,3,0.989,0.937,58,86,AAGTCGGGGTTTTCAACGTCTACCT,GGCTGGTATTATGCAGCAGATGGGT
C239_bin_147,50-bp bin starting at position 147,147,196,56.0,48.0,4,3,0.961,0.953,48,80,CGGGGTTTTCAACGTCTACCTGGCT,GGTATTATGCAGCAGATGGGTGTCA
C239_bin_150,50-bp bin starting at position 150,150,199,52.0,44.0,4,3,0.953,0.961,68,71,GGTTTTCAACGTCTACCTGGCTGGT,ATTATGCAGCAGATGGGTGTCATGA
C239_bin_152,50-bp bin starting at position 152,152,201,44.0,52.0,4,3,0.955,0.942,62,73,TTTTCAACGTCTACCTGGCTGGTAT,TATGCAGCAGATGGGTGTCATGAGG
C239_bin_153,50-bp bin starting at position 153,153,202,44.0,56.0,3,3,0.955,0.923,56,81,TTTCAACGTCTACCTGGCTGGTATT,ATGCAGCAGATGGGTGTCATGAGGG
C239_bin_155,50-bp bin starting at position 155,155,204,44.0,56.0,2,3,0.977,0.923,62,90,TCAACGTCTACCTGGCTGGTATTAT,GCAGCAGATGGGTGTCATGAGGGTA
C239_bin_164,50-bp bin starting at position 164,164,213,48.0,60.0,2,3,0.993,0.936,84,71,ACCTGGCTGGTATTATGCAGCAGAT,GGGTGTCATGAGGGTAAAGGGCTCC
C239_bin_168,50-bp bin starting at position 168,168,217,52.0,56.0,3,3,0.937,0.966,86,54,GGCTGGTATTATGCAGCAGATGGGT,GTCATGAGGGTAAAGGGCTCCAGAC
C239_bin_170,50-bp bin starting at position 170,170,219,48.0,56.0,3,3,0.944,0.979,86,60,CTGGTATTATGCAGCAGATGGGTGT,CATGAGGGTAAAGGGCTCCAGACTC
C239_bin_173,50-bp bin starting at position 173,173,222,44.0,60.0,3,3,0.957,0.971,74,76,GTATTATGCAGCAGATGGGTGTCAT,GAGGGTAAAGGGCTCCAGACTCCTG
C239_bin_179,50-bp bin starting at position 179,179,228,56.0,60.0,3,3,0.923,0.979,92,60,TGCAGCAGATGGGTGTCATGAGGGT,AAAGGGCTCCAGACTCCTGCGGTGA
C239_bin_187,50-bp bin starting at position 187,187,236,52.0,60.0,3,2,0.9,0.971,79,40,ATGGGTGTCATGAGGGTAAAGGGCT,CCAGACTCCTGCGGTGAATACAGCC
C239_bin_194,50-bp bin starting at position 194,194,243,52.0,52.0,3,2,0.985,0.993,54,58,TCATGAGGGTAAAGGGCTCCAGACT,CCTGCGGTGAATACAGCCGAATGTA
C239_bin_197,50-bp bin starting at position 197,197,246,56.0,44.0,3,3,0.989,0.983,76,58,TGAGGGTAAAGGGCTCCAGACTCCT,GCGGTGAATACAGCCGAATGTATTT
C239_bin_202,50-bp bin starting at position 202,202,251,60.0,44.0,3,3,0.985,0.983,56,58,GTAAAGGGCTCCAGACTCCTGCGGT,GAATACAGCCGAATGTATTTCCTCC
C239_bin_206,50-bp bin starting at position 206,206,255,60.0,48.0,3,4,0.985,0.953,56,40,AGGGCTCCAGACTCCTGCGGTGAAT,ACAGCCGAATGTATTTCCTCCCCAT
C239_bin_216,50-bp bin starting at position 216,216,265,52.0,52.0,2,4,0.993,0.896,56,64,ACTCCTGCGGTGAATACAGCCGAAT,GTATTTCCTCCCCATAACCTGCACC
C239_bin_218,50-bp bin starting at position 218,218,267,52.0,48.0,2,4,0.998,0.858,54,72,TCCTGCGGTGAATACAGCCGAATGT,ATTTCCTCCCCATAACCTGCACCAA
C239_bin_220,50-bp bin starting at position 220,220,269,48.0,52.0,2,4,0.993,0.896,56,64,CTGCGGTGAATACAGCCGAATGTAT,TTCCTCCCCATAACCTGCACCAAGA
C239_bin_221,50-bp bin starting at position 221,221,270,44.0,52.0,2,4,0.983,0.881,56,66,TGCGGTGAATACAGCCGAATGTATT,TCCTCCCCATAACCTGCACCAAGAA
C239_bin_222,50-bp bin starting at position 222,222,271,44.0,52.0,3,4,0.983,0.855,58,58,GCGGTGAATACAGCCGAATGTATTT,CCTCCCCATAACCTGCACCAAGAAA
C239_bin_236,50-bp bin starting at position 236,236,285,44.0,48.0,4,3,0.921,0.993,54,40,CGAATGTATTTCCTCCCCATAACCT,GCACCAAGAAATTCTGTTGTGGGTC
C239_bin_248,50-bp bin starting at position 248,248,297,48.0,56.0,4,4,0.887,0.811,54,87,CTCCCCATAACCTGCACCAAGAAAT,TCTGTTGTGGGTCTTGGTGAAGGGG
C239_bin_305,50-bp bin starting at position 305,305,354,64.0,44.0,3,4,0.97,0.855,32,107,GTTCCCTGAGGGCCGAACCATGCGT,TTATAGTGATTTCCTCCTCTTCCCC
C239_bin_306,50-bp bin starting at position 306,306,355,60.0,44.0,3,4,0.979,0.887,32,105,TTCCCTGAGGGCCGAACCATGCGTT,TATAGTGATTTCCTCCTCTTCCCCA
C239_bin_307,50-bp bin starting at position 307,307,356,60.0,44.0,3,4,0.979,0.887,32,103,TCCCTGAGGGCCGAACCATGCGTTT,ATAGTGATTTCCTCCTCTTCCCCAT
C239_bin_309,50-bp bin starting at position 309,309,358,56.0,48.0,3,4,0.993,0.887,34,107,CCTGAGGGCCGAACCATGCGTTTAT,AGTGATTTCCTCCTCTTCCCCATCA
C239_bin_312,50-bp bin starting at position 312,312,361,52.0,56.0,3,4,0.989,0.846,40,109,GAGGGCCGAACCATGCGTTTATAGT,GATTTCCTCCTCTTCCCCATCACCG
C239_bin_315,50-bp bin starting at position 315,315,364,48.0,56.0,3,4,0.993,0.869,38,107,GGCCGAACCATGCGTTTATAGTGAT,TTCCTCCTCTTCCCCATCACCGAGA
C239_bin_316,50-bp bin starting at position 316,316,365,44.0,60.0,3,4,0.989,0.896,40,99,GCCGAACCATGCGTTTATAGTGATT,TCCTCCTCTTCCCCATCACCGAGAG
C239_bin_332,50-bp bin starting at position 332,332,381,44.0,56.0,4,3,0.887,0.944,103,81,ATAGTGATTTCCTCCTCTTCCCCAT,CACCGAGAGAGCAGTAGTCGGGAAT
C239_bin_347,50-bp bin starting at position 347,347,396,56.0,48.0,4,3,0.977,0.979,81,48,TCTTCCCCATCACCGAGAGAGCAGT,AGTCGGGAATAGAGATGTCCTGCTT
C239_bin_350,50-bp bin starting at position 350,350,399,56.0,52.0,4,3,0.979,0.989,91,38,TCCCCATCACCGAGAGAGCAGTAGT,CGGGAATAGAGATGTCCTGCTTCAG
C239_bin_357,50-bp bin starting at position 357,357,406,56.0,60.0,3,4,0.944,0.971,81,54,CACCGAGAGAGCAGTAGTCGGGAAT,AGAGATGTCCTGCTTCAGCTCGGGG
C239_bin_363,50-bp bin starting at position 363,363,412,48.0,64.0,3,4,0.887,0.925,84,50,GAGAGCAGTAGTCGGGAATAGAGAT,GTCCTGCTTCAGCTCGGGGATCTGG
C239_bin_365,50-bp bin starting at position 365,365,414,48.0,64.0,3,4,0.905,0.929,60,50,GAGCAGTAGTCGGGAATAGAGATGT,CCTGCTTCAGCTCGGGGATCTGGTC
C239_bin_368,50-bp bin starting at position 368,368,417,48.0,60.0,3,4,0.979,0.971,60,52,CAGTAGTCGGGAATAGAGATGTCCT,GCTTCAGCTCGGGGATCTGGTCGAA
C239_bin_371,50-bp bin starting at position 371,371,420,48.0,56.0,3,4,0.979,0.989,58,48,TAGTCGGGAATAGAGATGTCCTGCT,TCAGCTCGGGGATCTGGTCGAACAA
C239_bin_372,50-bp bin starting at position 372,372,421,48.0,60.0,3,4,0.979,0.979,48,56,AGTCGGGAATAGAGATGTCCTGCTT,CAGCTCGGGGATCTGGTCGAACAAC
C239_bin_377,50-bp bin starting at position 377,377,426,48.0,60.0,2,4,0.993,0.961,46,100,GGAATAGAGATGTCCTGCTTCAGCT,CGGGGATCTGGTCGAACAACTGGTG
C239_bin_384,50-bp bin starting at position 384,384,433,56.0,60.0,4,3,0.979,0.977,56,102,AGATGTCCTGCTTCAGCTCGGGGAT,CTGGTCGAACAACTGGTGCTGGGCA
C239_bin_386,50-bp bin starting at position 386,386,435,56.0,60.0,4,3,0.961,0.955,46,78,ATGTCCTGCTTCAGCTCGGGGATCT,GGTCGAACAACTGGTGCTGGGCAAG
C239_bin_389,50-bp bin starting at position 389,389,438,60.0,56.0,4,3,0.929,0.966,50,78,TCCTGCTTCAGCTCGGGGATCTGGT,CGAACAACTGGTGCTGGGCAAGGTA
C239_bin_398,50-bp bin starting at position 398,398,447,56.0,60.0,4,3,0.989,0.985,54,50,AGCTCGGGGATCTGGTCGAACAACT,GGTGCTGGGCAAGGTATCCCACATC
C239_bin_401,50-bp bin starting at position 401,401,450,56.0,60.0,4,3,0.977,0.977,106,80,TCGGGGATCTGGTCGAACAACTGGT,GCTGGGCAAGGTATCCCACATCCCT
C239_bin_404,50-bp bin starting at position 404,404,453,56.0,60.0,3,3,0.977,0.985,90,74,GGGATCTGGTCGAACAACTGGTGCT,GGGCAAGGTATCCCACATCCCTTGG
C239_bin_413,50-bp bin starting at position 413,413,462,56.0,56.0,3,3,0.977,0.945,78,88,TCGAACAACTGGTGCTGGGCAAGGT,ATCCCACATCCCTTGGCTCGTTGAC
C239_bin_415,50-bp bin starting at position 415,415,464,52.0,56.0,3,3,0.966,0.945,78,46,GAACAACTGGTGCTGGGCAAGGTAT,CCCACATCCCTTGGCTCGTTGACTA
C239_bin_422,50-bp bin starting at position 422,422,471,56.0,48.0,3,3,0.989,0.937,48,54,TGGTGCTGGGCAAGGTATCCCACAT,CCCTTGGCTCGTTGACTATGTACTT
C239_bin_447,50-bp bin starting at position 447,447,496,48.0,44.0,3,2,0.937,0.993,54,54,CCCTTGGCTCGTTGACTATGTACTT,AGATATGAACTCGTTCACCGTCATG
C239_bin_477,50-bp bin starting at position 477,477,526,52.0,52.0,2,2,0.993,0.914,55,52,TGAACTCGTTCACCGTCATGAGCGT,CTGGCTCCATTCTTCGTCGGTGTAT
C239_bin_479,50-bp bin starting at position 479,479,528,52.0,56.0,2,2,0.985,0.925,61,53,AACTCGTTCACCGTCATGAGCGTCT,GGCTCCATTCTTCGTCGGTGTATCG
C239_bin_483,50-bp bin starting at position 483,483,532,60.0,48.0,2,2,0.961,0.989,63,47,CGTTCACCGTCATGAGCGTCTGGCT,CCATTCTTCGTCGGTGTATCGAGAA
C239_bin_487,50-bp bin starting at position 487,487,536,60.0,48.0,2,2,0.971,0.989,66,41,CACCGTCATGAGCGTCTGGCTCCAT,TCTTCGTCGGTGTATCGAGAACCTA
C239_bin_488,50-bp bin starting at position 488,488,537,56.0,52.0,2,2,0.979,0.993,64,43,ACCGTCATGAGCGTCTGGCTCCATT,CTTCGTCGGTGTATCGAGAACCTAC
C239_bin_490,50-bp bin starting at position 490,490,539,56.0,48.0,2,2,0.957,0.989,70,43,CGTCATGAGCGTCTGGCTCCATTCT,TCGTCGGTGTATCGAGAACCTACTT
C239_bin_491,50-bp bin starting at position 491,491,540,52.0,52.0,2,2,0.953,0.993,56,40,GTCATGAGCGTCTGGCTCCATTCTT,CGTCGGTGTATCGAGAACCTACTTC
C239_bin_494,50-bp bin starting at position 494,494,543,52.0,52.0,2,2,0.953,0.989,56,34,ATGAGCGTCTGGCTCCATTCTTCGT,CGGTGTATCGAGAACCTACTTCCAC
C239_bin_498,50-bp bin starting at position 498,498,547,60.0,56.0,2,4,0.878,0.993,78,42,GCGTCTGGCTCCATTCTTCGTCGGT,GTATCGAGAACCTACTTCCACGGGG
C239_bin_500,50-bp bin starting at position 500,500,549,56.0,56.0,2,4,0.871,0.979,64,42,GTCTGGCTCCATTCTTCGTCGGTGT,ATCGAGAACCTACTTCCACGGGGAC
C239_bin_502,50-bp bin starting at position 502,502,551,52.0,60.0,2,4,0.914,0.961,52,46,CTGGCTCCATTCTTCGTCGGTGTAT,CGAGAACCTACTTCCACGGGGACAG
C239_bin_511,50-bp bin starting at position 511,511,560,48.0,68.0,2,4,0.971,0.944,47,64,TTCTTCGTCGGTGTATCGAGAACCT,ACTTCCACGGGGACAGTCCGGCAGC
C239_bin_514,50-bp bin starting at position 514,514,563,48.0,72.0,2,4,0.989,0.909,43,77,TTCGTCGGTGTATCGAGAACCTACT,TCCACGGGGACAGTCCGGCAGCCAG
C239_bin_528,50-bp bin starting at position 528,528,577,56.0,52.0,4,2,0.983,0.989,42,62,GAGAACCTACTTCCACGGGGACAGT,CCGGCAGCCAGCTATCTCTTGAATA
C239_bin_554,50-bp bin starting at position 554,554,603,48.0,44.0,2,2,0.993,0.921,66,50,CGGCAGCCAGCTATCTCTTGAATAT,ACTCCAATGACCACTTCTGCATACA
C239_bin_587,50-bp bin starting at position 587,587,636,52.0,52.0,2,3,0.985,0.993,36,40,GACCACTTCTGCATACAAGGCCAGT,GGTCGGCGACACCCTTAAGAATTAC
C239_bin_590,50-bp bin starting at position 590,590,639,52.0,56.0,2,3,0.998,0.979,36,56,CACTTCTGCATACAAGGCCAGTGGT,CGGCGACACCCTTAAGAATTACCGG
C239_bin_602,50-bp bin starting at position 602,602,651,68.0,56.0,3,3,0.944,0.993,44,36,CAAGGCCAGTGGTCGGCGACACCCT,TAAGAATTACCGGGCGTCCTGGCAC
C239_bin_603,50-bp bin starting at position 603,603,652,64.0,56.0,3,3,0.97,0.983,42,36,AAGGCCAGTGGTCGGCGACACCCTT,AAGAATTACCGGGCGTCCTGGCACA
C239_bin_609,50-bp bin starting at position 609,609,658,52.0,64.0,3,3,0.993,0.957,32,40,AGTGGTCGGCGACACCCTTAAGAAT,TACCGGGCGTCCTGGCACAAGGAAC
C239_bin_610,50-bp bin starting at position 610,610,659,52.0,64.0,3,3,0.998,0.957,32,44,GTGGTCGGCGACACCCTTAAGAATT,ACCGGGCGTCCTGGCACAAGGAACT
C239_bin_619,50-bp bin starting at position 619,619,668,52.0,56.0,3,2,0.993,0.989,48,73,GACACCCTTAAGAATTACCGGGCGT,CCTGGCACAAGGAACTGCTCTCTGA
C239_bin_622,50-bp bin starting at position 622,622,671,52.0,52.0,3,2,0.989,0.993,54,84,ACCCTTAAGAATTACCGGGCGTCCT,GGCACAAGGAACTGCTCTCTGAAGT
C239_bin_635,50-bp bin starting at position 635,635,684,64.0,64.0,3,2,0.957,0.953,44,90,ACCGGGCGTCCTGGCACAAGGAACT,GCTCTCTGAAGTGCTGCAGGCTCGG
C239_bin_638,50-bp bin starting at position 638,638,687,64.0,60.0,3,2,0.966,0.961,48,70,GGGCGTCCTGGCACAAGGAACTGCT,CTCTGAAGTGCTGCAGGCTCGGTCT
C239_bin_640,50-bp bin starting at position 640,640,689,60.0,60.0,2,2,0.985,0.953,44,61,GCGTCCTGGCACAAGGAACTGCTCT,CTGAAGTGCTGCAGGCTCGGTCTGT
C239_bin_642,50-bp bin starting at position 642,642,691,56.0,64.0,2,2,0.989,0.923,66,64,GTCCTGGCACAAGGAACTGCTCTCT,GAAGTGCTGCAGGCTCGGTCTGTGG
C239_bin_647,50-bp bin starting at position 647,647,696,52.0,68.0,2,2,0.993,0.914,84,52,GGCACAAGGAACTGCTCTCTGAAGT,GCTGCAGGCTCGGTCTGTGGAGCCT
C239_bin_650,50-bp bin starting at position 650,650,699,48.0,68.0,2,2,0.998,0.9,100,44,ACAAGGAACTGCTCTCTGAAGTGCT,GCAGGCTCGGTCTGTGGAGCCTTGG
C239_bin_657,50-bp bin starting at position 657,657,706,56.0,64.0,2,3,0.983,0.914,99,52,ACTGCTCTCTGAAGTGCTGCAGGCT,CGGTCTGTGGAGCCTTGGGACCGTT
C239_bin_684,50-bp bin starting at position 684,684,733,56.0,44.0,4,2,0.909,0.979,56,64,GTCTGTGGAGCCTTGGGACCGTTTT,TTCCAGCTTGACATCAGGAATCAAC
C239_bin_713,50-bp bin starting at position 713,713,762,48.0,60.0,3,2,0.985,0.929,54,66,AGCTTGACATCAGGAATCAACCCGT,GGTCAGCTCTCGCCTTCTTGGTGCA
C239_bin_716,50-bp bin starting at position 716,716,765,48.0,64.0,3,3,0.998,0.929,62,66,TTGACATCAGGAATCAACCCGTGGT,CAGCTCTCGCCTTCTTGGTGCAGGG
C239_bin_721,50-bp bin starting at position 721,721,770,52.0,60.0,3,3,0.993,0.878,73,46,ATCAGGAATCAACCCGTGGTCAGCT,CTCGCCTTCTTGGTGCAGGGCTGTT
C239_bin_723,50-bp bin starting at position 723,723,772,56.0,64.0,3,3,0.989,0.878,48,54,CAGGAATCAACCCGTGGTCAGCTCT,CGCCTTCTTGGTGCAGGGCTGTTCG
C239_bin_728,50-bp bin starting at position 728,728,777,60.0,64.0,3,4,0.955,0.869,48,51,ATCAACCCGTGGTCAGCTCTCGCCT,TCTTGGTGCAGGGCTGTTCGGGGAG
C239_bin_729,50-bp bin starting at position 729,729,778,60.0,64.0,3,4,0.937,0.896,48,51,TCAACCCGTGGTCAGCTCTCGCCTT,CTTGGTGCAGGGCTGTTCGGGGAGA
C239_bin_731,50-bp bin starting at position 731,731,780,60.0,64.0,3,4,0.937,0.896,46,47,AACCCGTGGTCAGCTCTCGCCTTCT,TGGTGCAGGGCTGTTCGGGGAGACT
C239_bin_732,50-bp bin starting at position 732,732,781,60.0,68.0,3,4,0.905,0.873,56,53,ACCCGTGGTCAGCTCTCGCCTTCTT,GGTGCAGGGCTGTTCGGGGAGACTG
C239_bin_735,50-bp bin starting at position 735,735,784,60.0,72.0,2,4,0.878,0.913,80,51,CGTGGTCAGCTCTCGCCTTCTTGGT,GCAGGGCTGTTCGGGGAGACTGCCC
C239_bin_743,50-bp bin starting at position 743,743,792,64.0,72.0,3,4,0.882,0.913,62,56,GCTCTCGCCTTCTTGGTGCAGGGCT,GTTCGGGGAGACTGCCCCGTGCAGG
C239_bin_774,50-bp bin starting at position 774,774,823,72.0,64.0,4,3,0.922,0.909,52,60,GGAGACTGCCCCGTGCAGGGCGCTT,GCCGGGCAGATGGGTCTGAAGGATG
C239_bin_785,50-bp bin starting at position 785,785,834,72.0,64.0,3,3,0.913,0.936,82,52,CGTGCAGGGCGCTTGCCGGGCAGAT,GGGTCTGAAGGATGGCGGCGACCTT
C239_bin_789,50-bp bin starting at position 789,789,838,72.0,64.0,3,2,0.896,0.966,65,54,CAGGGCGCTTGCCGGGCAGATGGGT,CTGAAGGATGGCGGCGACCTTCAGC
C239_bin_791,50-bp bin starting at position 791,791,840,72.0,64.0,3,2,0.879,0.942,55,58,GGGCGCTTGCCGGGCAGATGGGTCT,GAAGGATGGCGGCGACCTTCAGCAG
C239_bin_798,50-bp bin starting at position 798,798,847,60.0,56.0,3,2,0.936,0.983,46,68,TGCCGGGCAGATGGGTCTGAAGGAT,GGCGGCGACCTTCAGCAGAATATCA
C239_bin_809,50-bp bin starting at position 809,809,858,64.0,44.0,3,3,0.936,0.966,60,117,TGGGTCTGAAGGATGGCGGCGACCT,TCAGCAGAATATCACCCAGAATTGC
C239_bin_810,50-bp bin starting at position 810,810,859,64.0,44.0,3,3,0.936,0.966,52,107,GGGTCTGAAGGATGGCGGCGACCTT,CAGCAGAATATCACCCAGAATTGCT
C239_bin_880,50-bp bin starting at position 880,880,929,60.0,56.0,3,3,0.929,0.921,117,52,GTCACAGACGCGCAAAGCAGCAGCT,ACTGTGTTAGCGTCTTCGGGTGCCT
C239_bin_883,50-bp bin starting at position 883,883,932,56.0,64.0,3,3,0.921,0.867,121,48,ACAGACGCGCAAAGCAGCAGCTACT,GTGTTAGCGTCTTCGGGTGCCTGGC
C239_bin_885,50-bp bin starting at position 885,885,934,56.0,60.0,3,3,0.961,0.953,114,38,AGACGCGCAAAGCAGCAGCTACTGT,GTTAGCGTCTTCGGGTGCCTGGCAA
C239_bin_888,50-bp bin starting at position 888,888,937,56.0,64.0,3,3,0.993,0.955,122,42,CGCGCAAAGCAGCAGCTACTGTGTT,AGCGTCTTCGGGTGCCTGGCAAAGG
C239_bin_944,50-bp bin starting at position 944,944,993,48.0,68.0,3,3,0.985,0.909,61,88,GCTTTCAGCAAACAGCCAATAGCGT,ACACCCGCCGCCAGTCCTTGTCGAC
C239_bin_959,50-bp bin starting at position 959,959,1008,64.0,56.0,3,2,0.923,0.966,94,62,CCAATAGCGTACACCCGCCGCCAGT,CCTTGTCGACGTCTTGCCAAGTACC
C239_bin_962,50-bp bin starting at position 962,962,1011,64.0,52.0,3,2,0.936,0.979,86,46,ATAGCGTACACCCGCCGCCAGTCCT,TGTCGACGTCTTGCCAAGTACCTGT
C239_bin_963,50-bp bin starting at position 963,963,1012,64.0,56.0,3,2,0.936,0.983,86,40,TAGCGTACACCCGCCGCCAGTCCTT,GTCGACGTCTTGCCAAGTACCTGTG
C239_bin_965,50-bp bin starting at position 965,965,1014,68.0,52.0,3,2,0.923,0.979,80,40,GCGTACACCCGCCGCCAGTCCTTGT,CGACGTCTTGCCAAGTACCTGTGTT
C239_bin_971,50-bp bin starting at position 971,971,1020,68.0,48.0,3,2,0.923,0.966,86,52,ACCCGCCGCCAGTCCTTGTCGACGT,CTTGCCAAGTACCTGTGTTCAGCTT
C239_bin_973,50-bp bin starting at position 973,973,1022,68.0,48.0,2,2,0.9,0.966,89,54,CCGCCGCCAGTCCTTGTCGACGTCT,TGCCAAGTACCTGTGTTCAGCTTCT
C239_bin_974,50-bp bin starting at position 974,974,1023,64.0,52.0,2,2,0.914,0.97,73,54,CGCCGCCAGTCCTTGTCGACGTCTT,GCCAAGTACCTGTGTTCAGCTTCTC
C239_bin_981,50-bp bin starting at position 981,981,1030,52.0,48.0,2,3,0.979,0.97,73,48,AGTCCTTGTCGACGTCTTGCCAAGT,ACCTGTGTTCAGCTTCTCCCATGAA
C239_bin_985,50-bp bin starting at position 985,985,1034,52.0,44.0,2,3,0.97,0.977,62,46,CTTGTCGACGTCTTGCCAAGTACCT,GTGTTCAGCTTCTCCCATGAATAGT
C239_bin_987,50-bp bin starting at position 987,987,1036,52.0,48.0,2,3,0.979,0.97,46,50,TGTCGACGTCTTGCCAAGTACCTGT,GTTCAGCTTCTCCCATGAATAGTCC
C239_bin_989,50-bp bin starting at position 989,989,1038,52.0,48.0,2,3,0.979,0.979,40,52,TCGACGTCTTGCCAAGTACCTGTGT,TCAGCTTCTCCCATGAATAGTCCAG
C239_bin_990,50-bp bin starting at position 990,990,1039,52.0,48.0,2,3,0.979,0.979,40,54,CGACGTCTTGCCAAGTACCTGTGTT,CAGCTTCTCCCATGAATAGTCCAGA
C239_bin_996,50-bp bin starting at position 996,996,1045,48.0,44.0,2,3,0.966,0.957,52,70,CTTGCCAAGTACCTGTGTTCAGCTT,CTCCCATGAATAGTCCAGAATTACC
C239_bin_998,50-bp bin starting at position 998,998,1047,48.0,44.0,2,3,0.966,0.957,54,64,TGCCAAGTACCTGTGTTCAGCTTCT,CCCATGAATAGTCCAGAATTACCTC
C239_bin_1007,50-bp bin starting at position 1007,1007,1056,48.0,44.0,3,2,0.951,0.977,52,85,CCTGTGTTCAGCTTCTCCCATGAAT,AGTCCAGAATTACCTCAGAAGACTG
C239_bin_1010,50-bp bin starting at position 1010,1010,1059,44.0,44.0,3,2,0.977,0.945,46,83,GTGTTCAGCTTCTCCCATGAATAGT,CCAGAATTACCTCAGAAGACTGCAA
C239_bin_1017,50-bp bin starting at position 1017,1017,1066,44.0,52.0,3,2,0.983,0.97,70,70,GCTTCTCCCATGAATAGTCCAGAAT,TACCTCAGAAGACTGCAAGCACTCG
C239_bin_1040,50-bp bin starting at position 1040,1040,1089,44.0,64.0,2,4,0.966,0.936,60,119,ATTACCTCAGAAGACTGCAAGCACT,CGTCCCGCCGTCCCTCGTAAAACAG
C239_bin_1043,50-bp bin starting at position 1043,1043,1092,52.0,64.0,2,4,0.97,0.909,70,70,ACCTCAGAAGACTGCAAGCACTCGT,CCCGCCGTCCCTCGTAAAACAGCTC
C239_bin_1051,50-bp bin starting at position 1051,1051,1100,64.0,60.0,3,4,0.955,0.961,66,84,AGACTGCAAGCACTCGTCCCGCCGT,CCCTCGTAAAACAGCTCGGTCGCTC
C239_bin_1055,50-bp bin starting at position 1055,1055,1104,68.0,60.0,3,4,0.902,0.985,120,124,TGCAAGCACTCGTCCCGCCGTCCCT,CGTAAAACAGCTCGGTCGCTCGCTG
C239_bin_1067,50-bp bin starting at position 1067,1067,1116,60.0,60.0,4,3,0.936,0.971,78,112,TCCCGCCGTCCCTCGTAAAACAGCT,CGGTCGCTCGCTGAAGAAGGGTAAC
C239_bin_1071,50-bp bin starting at position 1071,1071,1120,60.0,56.0,4,3,0.977,0.957,70,84,GCCGTCCCTCGTAAAACAGCTCGGT,CGCTCGCTGAAGAAGGGTAACAACG
C239_bin_1075,50-bp bin starting at position 1075,1075,1124,56.0,56.0,4,3,0.977,0.961,73,82,TCCCTCGTAAAACAGCTCGGTCGCT,CGCTGAAGAAGGGTAACAACGCTCC
C239_bin_1098,50-bp bin starting at position 1098,1098,1147,52.0,68.0,3,3,0.979,0.879,84,48,CTCGCTGAAGAAGGGTAACAACGCT,CCGTTCGACCTTCTCGCCCAGGTCC
C239_bin_1102,50-bp bin starting at position 1102,1102,1151,52.0,60.0,3,3,0.979,0.937,62,66,CTGAAGAAGGGTAACAACGCTCCGT,TCGACCTTCTCGCCCAGGTCCAGTT
C239_bin_1103,50-bp bin starting at position 1103,1103,1152,48.0,60.0,3,3,0.985,0.937,58,60,TGAAGAAGGGTAACAACGCTCCGTT,CGACCTTCTCGCCCAGGTCCAGTTT
C239_bin_1109,50-bp bin starting at position 1109,1109,1158,56.0,56.0,3,3,0.989,0.966,42,59,AGGGTAACAACGCTCCGTTCGACCT,TCTCGCCCAGGTCCAGTTTCAGATC
C239_bin_1110,50-bp bin starting at position 1110,1110,1159,56.0,60.0,3,3,0.989,0.955,46,65,GGGTAACAACGCTCCGTTCGACCTT,CTCGCCCAGGTCCAGTTTCAGATCC
C239_bin_1112,50-bp bin starting at position 1112,1112,1161,52.0,60.0,2,3,0.966,0.955,52,65,GTAACAACGCTCCGTTCGACCTTCT,CGCCCAGGTCCAGTTTCAGATCCTC
C239_bin_1121,50-bp bin starting at position 1121,1121,1170,64.0,52.0,3,3,0.896,0.944,54,68,CTCCGTTCGACCTTCTCGCCCAGGT,CCAGTTTCAGATCCTCCTTGCTGTG
C239_bin_1126,50-bp bin starting at position 1126,1126,1175,60.0,52.0,3,2,0.937,0.979,72,60,TTCGACCTTCTCGCCCAGGTCCAGT,TTCAGATCCTCCTTGCTGTGCGGAA
C239_bin_1127,50-bp bin starting at position 1127,1127,1176,60.0,56.0,3,2,0.937,0.983,66,60,TCGACCTTCTCGCCCAGGTCCAGTT,TCAGATCCTCCTTGCTGTGCGGAAG
C239_bin_1128,50-bp bin starting at position 1128,1128,1177,60.0,56.0,3,2,0.937,0.993,60,66,CGACCTTCTCGCCCAGGTCCAGTTT,CAGATCCTCCTTGCTGTGCGGAAGA
C239_bin_1133,50-bp bin starting at position 1133,1133,1182,52.0,60.0,3,2,0.97,0.985,65,94,TTCTCGCCCAGGTCCAGTTTCAGAT,CCTCCTTGCTGTGCGGAAGAAGAGC
C239_bin_1136,50-bp bin starting at position 1136,1136,1185,56.0,60.0,3,3,0.966,0.985,65,96,TCGCCCAGGTCCAGTTTCAGATCCT,CCTTGCTGTGCGGAAGAAGAGCCCT
C239_bin_1139,50-bp bin starting at position 1139,1139,1188,56.0,56.0,3,3,0.945,0.979,88,88,CCCAGGTCCAGTTTCAGATCCTCCT,TGCTGTGCGGAAGAAGAGCCCTCAA
C239_bin_1140,50-bp bin starting at position 1140,1140,1189,52.0,56.0,3,3,0.951,0.979,88,80,CCAGGTCCAGTTTCAGATCCTCCTT,GCTGTGCGGAAGAAGAGCCCTCAAT
C239_bin_1143,50-bp bin starting at position 1143,1143,1192,52.0,56.0,3,3,0.944,0.979,67,86,GGTCCAGTTTCAGATCCTCCTTGCT,GTGCGGAAGAAGAGCCCTCAATGCT
C239_bin_1145,50-bp bin starting at position 1145,1145,1194,48.0,56.0,3,3,0.922,0.983,71,80,TCCAGTTTCAGATCCTCCTTGCTGT,GCGGAAGAAGAGCCCTCAATGCTTC
C239_bin_1161,50-bp bin starting at position 1161,1161,1210,60.0,64.0,3,4,0.985,0.909,96,58,CCTTGCTGTGCGGAAGAAGAGCCCT,CAATGCTTCCCACAGGGTCCCCTCC
C239_bin_1165,50-bp bin starting at position 1165,1165,1214,56.0,72.0,3,4,0.979,0.879,80,83,GCTGTGCGGAAGAAGAGCCCTCAAT,GCTTCCCACAGGGTCCCCTCCCTGG
C239_bin_1168,50-bp bin starting at position 1168,1168,1217,56.0,68.0,3,4,0.979,0.909,86,83,GTGCGGAAGAAGAGCCCTCAATGCT,TCCCACAGGGTCCCCTCCCTGGCAA
C239_bin_1169,50-bp bin starting at position 1169,1169,1218,52.0,72.0,3,4,0.993,0.896,86,78,TGCGGAAGAAGAGCCCTCAATGCTT,CCCACAGGGTCCCCTCCCTGGCAAG
C239_bin_1179,50-bp bin starting at position 1179,1179,1228,60.0,64.0,3,4,0.977,0.942,40,83,GAGCCCTCAATGCTTCCCACAGGGT,CCCCTCCCTGGCAAGTGGTTCTGCA
C239_bin_1184,50-bp bin starting at position 1184,1184,1233,60.0,60.0,4,3,0.931,0.985,55,56,CTCAATGCTTCCCACAGGGTCCCCT,CCCTGGCAAGTGGTTCTGCAGGACA
C239_bin_1188,50-bp bin starting at position 1188,1188,1237,64.0,60.0,4,2,0.896,0.936,81,92,ATGCTTCCCACAGGGTCCCCTCCCT,GGCAAGTGGTTCTGCAGGACAGTGG
C239_bin_1195,50-bp bin starting at position 1195,1195,1244,68.0,64.0,4,3,0.931,0.923,77,56,CCACAGGGTCCCCTCCCTGGCAAGT,GGTTCTGCAGGACAGTGGGTGTCGC
C239_bin_1198,50-bp bin starting at position 1198,1198,1247,68.0,64.0,4,3,0.944,0.942,93,58,CAGGGTCCCCTCCCTGGCAAGTGGT,TCTGCAGGACAGTGGGTGTCGCCTG
C239_bin_1199,50-bp bin starting at position 1199,1199,1248,64.0,68.0,4,3,0.957,0.937,89,70,AGGGTCCCCTCCCTGGCAAGTGGTT,CTGCAGGACAGTGGGTGTCGCCTGC
C239_bin_1201,50-bp bin starting at position 1201,1201,1250,64.0,68.0,4,3,0.925,0.945,87,56,GGTCCCCTCCCTGGCAAGTGGTTCT,GCAGGACAGTGGGTGTCGCCTGCCA
C257_bin_2,50-bp bin starting at position 2,2,51,48.0,52.0,2,3,0.966,0.966,107,38,TACCAACCAGGATAGGAACAGGTGT,GATTCTGGGTAGGCAAGACCTGTTG
C257_bin_5,50-bp bin starting at position 5,5,54,48.0,60.0,2,3,0.951,0.971,99,52,CAACCAGGATAGGAACAGGTGTGAT,TCTGGGTAGGCAAGACCTGTTGGCC
C257_bin_6,50-bp bin starting at position 6,6,55,44.0,60.0,2,3,0.944,0.971,97,60,AACCAGGATAGGAACAGGTGTGATT,CTGGGTAGGCAAGACCTGTTGGCCT
C257_bin_8,50-bp bin starting at position 8,8,57,48.0,56.0,2,3,0.979,0.966,83,50,CCAGGATAGGAACAGGTGTGATTCT,GGGTAGGCAAGACCTGTTGGCCTTT
C257_bin_12,50-bp bin starting at position 12,12,61,48.0,56.0,3,3,0.914,0.989,58,58,GATAGGAACAGGTGTGATTCTGGGT,AGGCAAGACCTGTTGGCCTTTGAGC
C257_bin_23,50-bp bin starting at position 23,23,72,52.0,48.0,3,4,0.966,0.9,36,51,GTGTGATTCTGGGTAGGCAAGACCT,GTTGGCCTTTGAGCTCATTTTCCGT
C257_bin_25,50-bp bin starting at position 25,25,74,52.0,52.0,3,4,0.966,0.914,36,43,GTGATTCTGGGTAGGCAAGACCTGT,TGGCCTTTGAGCTCATTTTCCGTGC
C257_bin_26,50-bp bin starting at position 26,26,75,48.0,52.0,3,4,0.97,0.914,38,49,TGATTCTGGGTAGGCAAGACCTGTT,GGCCTTTGAGCTCATTTTCCGTGCT
C257_bin_32,50-bp bin starting at position 32,32,81,56.0,44.0,3,4,0.966,0.977,56,110,TGGGTAGGCAAGACCTGTTGGCCTT,TGAGCTCATTTTCCGTGCTCATAAG
C257_bin_33,50-bp bin starting at position 33,33,82,56.0,48.0,3,4,0.966,0.989,50,106,GGGTAGGCAAGACCTGTTGGCCTTT,GAGCTCATTTTCCGTGCTCATAAGG
C257_bin_38,50-bp bin starting at position 38,38,87,56.0,48.0,3,4,0.979,0.993,58,88,GGCAAGACCTGTTGGCCTTTGAGCT,CATTTTCCGTGCTCATAAGGAGGAG
C257_bin_41,50-bp bin starting at position 41,41,90,48.0,52.0,3,3,0.989,0.993,46,96,AAGACCTGTTGGCCTTTGAGCTCAT,TTTCCGTGCTCATAAGGAGGAGCTC
C257_bin_42,50-bp bin starting at position 42,42,91,48.0,56.0,3,2,0.971,0.989,48,96,AGACCTGTTGGCCTTTGAGCTCATT,TTCCGTGCTCATAAGGAGGAGCTCG
C257_bin_43,50-bp bin starting at position 43,43,92,48.0,56.0,3,2,0.942,0.989,52,98,GACCTGTTGGCCTTTGAGCTCATTT,TCCGTGCTCATAAGGAGGAGCTCGA
C257_bin_44,50-bp bin starting at position 44,44,93,44.0,60.0,4,2,0.923,0.971,53,101,ACCTGTTGGCCTTTGAGCTCATTTT,CCGTGCTCATAAGGAGGAGCTCGAG
C257_bin_107,50-bp bin starting at position 107,107,156,44.0,52.0,4,2,0.891,0.97,113,62,TTTTCCTTCTCAGGGTCCTCATCAT,TATAGTGTCTCTGGATGGCAGCTGC
C257_bin_108,50-bp bin starting at position 108,108,157,44.0,52.0,3,2,0.891,0.985,107,68,TTTCCTTCTCAGGGTCCTCATCATT,ATAGTGTCTCTGGATGGCAGCTGCA
C257_bin_110,50-bp bin starting at position 110,110,159,44.0,60.0,3,2,0.922,0.971,99,106,TCCTTCTCAGGGTCCTCATCATTAT,AGTGTCTCTGGATGGCAGCTGCAGC
C267_bin_44,50-bp bin starting at position 44,44,93,68.0,56.0,3,3,0.88,0.955,112,70,CCGCCCGCCCTACTTCGGCCCAAAT,TGCTAGGAGCGTATGCCATGGGAGA
C267_bin_45,50-bp bin starting at position 45,45,94,64.0,60.0,3,3,0.909,0.955,90,62,CGCCCGCCCTACTTCGGCCCAAATT,GCTAGGAGCGTATGCCATGGGAGAC
C267_bin_48,50-bp bin starting at position 48,48,97,60.0,56.0,3,3,0.931,0.945,54,81,CCGCCCTACTTCGGCCCAAATTGCT,AGGAGCGTATGCCATGGGAGACATG
C267_bin_56,50-bp bin starting at position 56,56,105,56.0,52.0,3,3,0.993,0.966,34,81,CTTCGGCCCAAATTGCTAGGAGCGT,ATGCCATGGGAGACATGCAAGGGTT
C267_bin_58,50-bp bin starting at position 58,58,107,52.0,56.0,3,3,0.998,0.966,34,62,TCGGCCCAAATTGCTAGGAGCGTAT,GCCATGGGAGACATGCAAGGGTTCA
C267_bin_63,50-bp bin starting at position 63,63,112,48.0,56.0,3,3,0.998,0.945,48,44,CCAAATTGCTAGGAGCGTATGCCAT,GGGAGACATGCAAGGGTTCATAGCG
C267_bin_72,50-bp bin starting at position 72,72,121,52.0,56.0,3,3,0.966,0.966,72,112,TAGGAGCGTATGCCATGGGAGACAT,GCAAGGGTTCATAGCGGCGGCATAA
C267_bin_80,50-bp bin starting at position 80,80,129,52.0,56.0,3,3,0.966,0.961,81,106,TATGCCATGGGAGACATGCAAGGGT,TCATAGCGGCGGCATAAGGACCCAA
C267_bin_81,50-bp bin starting at position 81,81,130,52.0,56.0,3,3,0.966,0.961,81,108,ATGCCATGGGAGACATGCAAGGGTT,CATAGCGGCGGCATAAGGACCCAAT
C267_bin_84,50-bp bin starting at position 84,84,133,52.0,64.0,3,3,0.985,0.929,63,84,CCATGGGAGACATGCAAGGGTTCAT,AGCGGCGGCATAAGGACCCAATCCG
C267_bin_95,50-bp bin starting at position 95,95,144,56.0,52.0,3,3,0.977,0.993,92,48,ATGCAAGGGTTCATAGCGGCGGCAT,AAGGACCCAATCCGTTCATGGATGC
C267_bin_106,50-bp bin starting at position 106,106,155,56.0,64.0,3,2,0.961,0.953,108,56,CATAGCGGCGGCATAAGGACCCAAT,CCGTTCATGGATGCGGCCTGCTGAG
C267_bin_110,50-bp bin starting at position 110,110,159,64.0,64.0,3,2,0.957,0.957,80,66,GCGGCGGCATAAGGACCCAATCCGT,TCATGGATGCGGCCTGCTGAGCTCC
C267_bin_111,50-bp bin starting at position 111,111,160,60.0,68.0,3,3,0.979,0.944,54,64,CGGCGGCATAAGGACCCAATCCGTT,CATGGATGCGGCCTGCTGAGCTCCC
C267_bin_114,50-bp bin starting at position 114,114,163,52.0,64.0,3,3,0.985,0.957,40,56,CGGCATAAGGACCCAATCCGTTCAT,GGATGCGGCCTGCTGAGCTCCCATT
C267_bin_118,50-bp bin starting at position 118,118,167,44.0,68.0,3,3,0.989,0.937,40,50,ATAAGGACCCAATCCGTTCATGGAT,GCGGCCTGCTGAGCTCCCATTGCAC
C267_bin_125,50-bp bin starting at position 125,125,174,60.0,64.0,3,3,0.971,0.909,44,107,CCCAATCCGTTCATGGATGCGGCCT,GCTGAGCTCCCATTGCACCCATCCC
C267_bin_128,50-bp bin starting at position 128,128,177,56.0,64.0,2,3,0.983,0.909,50,103,AATCCGTTCATGGATGCGGCCTGCT,GAGCTCCCATTGCACCCATCCCGCT
C267_bin_133,50-bp bin starting at position 133,133,182,60.0,64.0,2,3,0.953,0.909,58,77,GTTCATGGATGCGGCCTGCTGAGCT,CCCATTGCACCCATCCCGCTAGGAC
C267_bin_138,50-bp bin starting at position 138,138,187,64.0,60.0,3,3,0.957,0.955,58,40,TGGATGCGGCCTGCTGAGCTCCCAT,TGCACCCATCCCGCTAGGACTCAAG
C267_bin_139,50-bp bin starting at position 139,139,188,64.0,64.0,3,3,0.957,0.942,56,50,GGATGCGGCCTGCTGAGCTCCCATT,GCACCCATCCCGCTAGGACTCAAGG
C267_bin_147,50-bp bin starting at position 147,147,196,60.0,68.0,3,3,0.931,0.945,100,50,CCTGCTGAGCTCCCATTGCACCCAT,CCCGCTAGGACTCAAGGCTGTGCCC
C267_bin_153,50-bp bin starting at position 153,153,202,64.0,56.0,3,3,0.909,0.983,103,40,GAGCTCCCATTGCACCCATCCCGCT,AGGACTCAAGGCTGTGCCCATAGCA
C267_bin_159,50-bp bin starting at position 159,159,208,60.0,60.0,3,3,0.936,0.979,58,32,CCATTGCACCCATCCCGCTAGGACT,CAAGGCTGTGCCCATAGCAGTCACG
C267_bin_166,50-bp bin starting at position 166,166,215,60.0,68.0,3,3,0.955,0.944,56,60,ACCCATCCCGCTAGGACTCAAGGCT,GTGCCCATAGCAGTCACGCCAGCGG
C267_bin_168,50-bp bin starting at position 168,168,217,60.0,68.0,3,3,0.977,0.914,44,66,CCATCCCGCTAGGACTCAAGGCTGT,GCCCATAGCAGTCACGCCAGCGGCA
C267_bin_180,50-bp bin starting at position 180,180,229,56.0,60.0,3,2,0.993,0.979,34,40,GACTCAAGGCTGTGCCCATAGCAGT,CACGCCAGCGGCAGTCATGGAATTC
C267_bin_195,50-bp bin starting at position 195,195,244,64.0,56.0,2,2,0.953,0.989,97,76,CCATAGCAGTCACGCCAGCGGCAGT,CATGGAATTCATGGCGCCAGCACTC
C267_bin_247,50-bp bin starting at position 247,247,296,72.0,72.0,3,3,0.896,0.867,60,63,CCCAGGCATACCTGCGACCGCGCCT,GGAGAAAGCCCGGCGCCAAGGCCTG
C267_bin_290,50-bp bin starting at position 290,290,339,48.0,44.0,3,3,0.979,0.983,66,42,AGGCCTGGGTTGGCATAAGACATAT,TAAAGGAAGCTGGTGTCATATTGCC
C267_bin_291,50-bp bin starting at position 291,291,340,48.0,44.0,3,3,0.979,0.979,66,42,GGCCTGGGTTGGCATAAGACATATT,AAAGGAAGCTGGTGTCATATTGCCA
C267_bin_378,50-bp bin starting at position 378,378,427,48.0,44.0,3,3,0.979,0.979,40,40,TTGAATTCATAGACCCGAGCCCACT,GTTCATATTGGATACGGGCACAGAA
C267_bin_380,50-bp bin starting at position 380,380,429,52.0,44.0,3,3,0.985,0.989,36,38,GAATTCATAGACCCGAGCCCACTGT,TCATATTGGATACGGGCACAGAACT
C267_bin_381,50-bp bin starting at position 381,381,430,48.0,44.0,3,3,0.979,0.977,38,40,AATTCATAGACCCGAGCCCACTGTT,CATATTGGATACGGGCACAGAACTA
C267_bin_384,50-bp bin starting at position 384,384,433,52.0,44.0,3,3,0.971,0.977,60,54,TCATAGACCCGAGCCCACTGTTCAT,ATTGGATACGGGCACAGAACTATAC
C267_bin_386,50-bp bin starting at position 386,386,435,48.0,52.0,3,3,0.979,0.979,46,84,ATAGACCCGAGCCCACTGTTCATAT,TGGATACGGGCACAGAACTATACGC
C267_bin_387,50-bp bin starting at position 387,387,436,48.0,52.0,3,3,0.979,0.979,42,88,TAGACCCGAGCCCACTGTTCATATT,GGATACGGGCACAGAACTATACGCT
C267_bin_391,50-bp bin starting at position 391,391,440,52.0,52.0,3,3,0.985,0.985,36,40,CCCGAGCCCACTGTTCATATTGGAT,ACGGGCACAGAACTATACGCTTCCT
C267_bin_405,50-bp bin starting at position 405,405,454,44.0,44.0,3,2,0.989,0.989,38,48,TCATATTGGATACGGGCACAGAACT,ATACGCTTCCTGTGTATCAGCGTAA
C267_bin_431,50-bp bin starting at position 431,431,480,44.0,48.0,2,2,0.977,0.993,48,56,TACGCTTCCTGTGTATCAGCGTAAT,AGGAATTCCAATCGGATGTCTCGTG
C267_bin_455,50-bp bin starting at position 455,455,504,44.0,60.0,2,3,0.989,0.913,52,56,TAGGAATTCCAATCGGATGTCTCGT,GTCCCTCCATCTTCACTGTGCCCAG
C267_bin_457,50-bp bin starting at position 457,457,506,48.0,60.0,2,3,0.985,0.896,64,50,GGAATTCCAATCGGATGTCTCGTGT,CCCTCCATCTTCACTGTGCCCAGCA
C278_bin_3,50-bp bin starting at position 3,3,52,48.0,52.0,3,3,0.979,0.971,50,50,AGATGTACCGATTATAAGGGCCGGT,TACGCGTGTGAAGGCATAGGGACTT
C278_bin_4,50-bp bin starting at position 4,4,53,48.0,56.0,3,3,0.979,0.955,50,48,GATGTACCGATTATAAGGGCCGGTT,ACGCGTGTGAAGGCATAGGGACTTG
C278_bin_10,50-bp bin starting at position 10,10,59,56.0,44.0,3,3,0.989,0.925,52,64,CCGATTATAAGGGCCGGTTACGCGT,GTGAAGGCATAGGGACTTGTTGTAA
C278_bin_12,50-bp bin starting at position 12,12,61,52.0,44.0,3,3,0.966,0.957,42,68,GATTATAAGGGCCGGTTACGCGTGT,GAAGGCATAGGGACTTGTTGTAACA
C278_bin_31,50-bp bin starting at position 31,31,80,52.0,44.0,3,2,0.937,0.989,52,79,GCGTGTGAAGGCATAGGGACTTGTT,GTAACAGTAGAATCCGTTGTAACGC
C278_bin_33,50-bp bin starting at position 33,33,82,48.0,44.0,3,2,0.905,0.989,69,44,GTGTGAAGGCATAGGGACTTGTTGT,AACAGTAGAATCCGTTGTAACGCTC
C278_bin_60,50-bp bin starting at position 60,60,109,44.0,56.0,2,3,0.993,0.944,40,58,CAGTAGAATCCGTTGTAACGCTCAT,TGTTCTCTCGGCGAGGGACTTGATG
C278_bin_68,50-bp bin starting at position 68,68,117,44.0,52.0,2,3,0.913,0.966,72,44,TCCGTTGTAACGCTCATTGTTCTCT,CGGCGAGGGACTTGATGAATCTAAG
C278_bin_80,50-bp bin starting at position 80,80,129,56.0,44.0,3,3,0.961,0.957,57,56,CTCATTGTTCTCTCGGCGAGGGACT,TGATGAATCTAAGGTATGTGGGCTC
C278_bin_81,50-bp bin starting at position 81,81,130,52.0,44.0,3,3,0.953,0.961,54,48,TCATTGTTCTCTCGGCGAGGGACTT,GATGAATCTAAGGTATGTGGGCTCA
C278_bin_84,50-bp bin starting at position 84,84,133,52.0,48.0,3,3,0.944,0.953,64,44,TTGTTCTCTCGGCGAGGGACTTGAT,GAATCTAAGGTATGTGGGCTCAGAG
C278_bin_88,50-bp bin starting at position 88,88,137,52.0,52.0,3,3,0.985,0.966,64,58,TCTCTCGGCGAGGGACTTGATGAAT,CTAAGGTATGTGGGCTCAGAGGTCT
C278_bin_90,50-bp bin starting at position 90,90,139,52.0,52.0,3,3,0.985,0.971,50,78,TCTCGGCGAGGGACTTGATGAATCT,AAGGTATGTGGGCTCAGAGGTCTCA
C278_bin_111,50-bp bin starting at position 111,111,160,48.0,64.0,3,3,0.953,0.882,60,113,ATCTAAGGTATGTGGGCTCAGAGGT,CTCATGTGGCTCGGCGGGCTCTCTT
C278_bin_113,50-bp bin starting at position 113,113,162,52.0,60.0,3,4,0.966,0.878,58,118,CTAAGGTATGTGGGCTCAGAGGTCT,CATGTGGCTCGGCGGGCTCTCTTTT
C278_bin_116,50-bp bin starting at position 116,116,165,52.0,64.0,3,4,0.966,0.882,82,116,AGGTATGTGGGCTCAGAGGTCTCAT,GTGGCTCGGCGGGCTCTCTTTTCAC
C278_bin_144,50-bp bin starting at position 144,144,193,56.0,48.0,4,3,0.867,0.942,116,76,GCTCGGCGGGCTCTCTTTTCACTTT,CTTTCCATGTGATTTCTGTGGCACG
C278_bin_146,50-bp bin starting at position 146,146,195,52.0,44.0,4,3,0.849,0.955,116,58,TCGGCGGGCTCTCTTTTCACTTTCT,TTCCATGTGATTTCTGTGGCACGTA
C278_bin_170,50-bp bin starting at position 170,170,219,44.0,44.0,3,4,0.923,0.961,74,60,TTTCCATGTGATTTCTGTGGCACGT,AGTCAGGACCATACTTTTCACACTC
C278_bin_173,50-bp bin starting at position 173,173,222,48.0,48.0,3,4,0.966,0.914,48,62,CCATGTGATTTCTGTGGCACGTAGT,CAGGACCATACTTTTCACACTCCTC
C278_bin_214,50-bp bin starting at position 214,214,263,56.0,56.0,3,4,0.811,0.922,124,72,ACACTCCTCCTCTTTCTCCCTGGCT,TTTTCGGCCATCTTGGCCTCCCACA
C278_bin_251,50-bp bin starting at position 251,251,300,64.0,48.0,3,3,0.955,0.937,57,56,TTGGCCTCCCACAGAGCCAAGCCGT,GCTTCGGCTCGTTCATAGATTTGTG
C278_bin_254,50-bp bin starting at position 254,254,303,68.0,48.0,3,3,0.923,0.937,63,50,GCCTCCCACAGAGCCAAGCCGTGCT,TCGGCTCGTTCATAGATTTGTGCTG
C278_bin_255,50-bp bin starting at position 255,255,304,64.0,48.0,3,3,0.936,0.966,58,46,CCTCCCACAGAGCCAAGCCGTGCTT,CGGCTCGTTCATAGATTTGTGCTGA
C278_bin_275,50-bp bin starting at position 275,275,324,44.0,44.0,3,2,0.923,0.966,56,52,TGCTTCGGCTCGTTCATAGATTTGT,GCTGATAGAAGACAAGGCTAATTCG
C278_bin_281,50-bp bin starting at position 281,281,330,44.0,44.0,3,2,0.945,0.957,50,44,GGCTCGTTCATAGATTTGTGCTGAT,AGAAGACAAGGCTAATTCGTGTTGG
C278_bin_323,50-bp bin starting at position 323,323,372,48.0,52.0,3,4,0.887,0.922,77,80,CGTGTTGGGTGATTGCGATTAGGAT,TTTTCAGGGGAGTGGTTGCATGCAG
C278_bin_324,50-bp bin starting at position 324,324,373,44.0,52.0,3,4,0.833,0.922,82,80,GTGTTGGGTGATTGCGATTAGGATT,TTTCAGGGGAGTGGTTGCATGCAGT
C278_bin_356,50-bp bin starting at position 356,356,405,48.0,44.0,3,3,0.922,0.979,82,84,GGAGTGGTTGCATGCAGTTCTCTTT,TGGCGCATTCAATCAATATAGACCC
C278_bin_357,50-bp bin starting at position 357,357,406,44.0,48.0,4,3,0.913,0.985,86,88,GAGTGGTTGCATGCAGTTCTCTTTT,GGCGCATTCAATCAATATAGACCCG
C278_bin_365,50-bp bin starting at position 365,365,414,48.0,44.0,4,3,0.942,0.989,75,90,GCATGCAGTTCTCTTTTGGCGCATT,CAATCAATATAGACCCGTGTGTAGG
C278_bin_369,50-bp bin starting at position 369,369,418,44.0,52.0,4,4,0.955,0.985,60,76,GCAGTTCTCTTTTGGCGCATTCAAT,CAATATAGACCCGTGTGTAGGGGCA
C278_bin_383,50-bp bin starting at position 383,383,432,44.0,68.0,3,4,0.979,0.951,88,52,GCGCATTCAATCAATATAGACCCGT,GTGTAGGGGCAACTGCTACCCCGCC
C278_bin_397,50-bp bin starting at position 397,397,446,52.0,64.0,4,4,0.989,0.936,66,56,TATAGACCCGTGTGTAGGGGCAACT,GCTACCCCGCCAATGTCCGGATCCA
C278_bin_400,50-bp bin starting at position 400,400,449,60.0,60.0,4,4,0.977,0.937,64,60,AGACCCGTGTGTAGGGGCAACTGCT,ACCCCGCCAATGTCCGGATCCAGAA
C278_bin_411,50-bp bin starting at position 411,411,460,60.0,48.0,4,3,0.971,0.998,58,42,TAGGGGCAACTGCTACCCCGCCAAT,GTCCGGATCCAGAAATGACTGTTCT
C278_bin_413,50-bp bin starting at position 413,413,462,64.0,48.0,4,3,0.966,0.998,58,46,GGGGCAACTGCTACCCCGCCAATGT,CCGGATCCAGAAATGACTGTTCTGA
C278_bin_419,50-bp bin starting at position 419,419,468,60.0,48.0,4,3,0.961,0.998,46,46,ACTGCTACCCCGCCAATGTCCGGAT,CCAGAAATGACTGTTCTGAGTCGCT
C278_bin_427,50-bp bin starting at position 427,427,476,56.0,56.0,3,2,0.966,0.979,62,52,CCCGCCAATGTCCGGATCCAGAAAT,GACTGTTCTGAGTCGCTCCAGACCT
C278_bin_431,50-bp bin starting at position 431,431,480,48.0,56.0,3,2,0.985,0.966,68,42,CCAATGTCCGGATCCAGAAATGACT,GTTCTGAGTCGCTCCAGACCTCATC
C278_bin_433,50-bp bin starting at position 433,433,482,44.0,52.0,3,2,0.989,0.966,68,64,AATGTCCGGATCCAGAAATGACTGT,TCTGAGTCGCTCCAGACCTCATCAT
C278_bin_434,50-bp bin starting at position 434,434,483,44.0,52.0,3,2,0.993,0.966,52,62,ATGTCCGGATCCAGAAATGACTGTT,CTGAGTCGCTCCAGACCTCATCATT
C278_bin_436,50-bp bin starting at position 436,436,485,48.0,52.0,3,2,0.998,0.985,42,64,GTCCGGATCCAGAAATGACTGTTCT,GAGTCGCTCCAGACCTCATCATTGT
C278_bin_440,50-bp bin starting at position 440,440,489,44.0,52.0,3,2,0.983,0.922,50,60,GGATCCAGAAATGACTGTTCTGAGT,CGCTCCAGACCTCATCATTGTCTTC
C278_bin_444,50-bp bin starting at position 444,444,493,48.0,48.0,3,2,0.998,0.944,46,64,CCAGAAATGACTGTTCTGAGTCGCT,CCAGACCTCATCATTGTCTTCTGCA
C278_bin_452,50-bp bin starting at position 452,452,501,56.0,48.0,2,2,0.979,0.97,52,56,GACTGTTCTGAGTCGCTCCAGACCT,CATCATTGTCTTCTGCACCAGATGC
C278_bin_455,50-bp bin starting at position 455,455,504,52.0,52.0,2,2,0.97,0.966,44,66,TGTTCTGAGTCGCTCCAGACCTCAT,CATTGTCTTCTGCACCAGATGCCAC
C278_bin_458,50-bp bin starting at position 458,458,507,52.0,56.0,2,2,0.966,0.945,64,62,TCTGAGTCGCTCCAGACCTCATCAT,TGTCTTCTGCACCAGATGCCACTCC
C278_bin_459,50-bp bin starting at position 459,459,508,52.0,60.0,2,3,0.966,0.931,62,62,CTGAGTCGCTCCAGACCTCATCATT,GTCTTCTGCACCAGATGCCACTCCC
C278_bin_461,50-bp bin starting at position 461,461,510,52.0,60.0,2,3,0.985,0.931,64,64,GAGTCGCTCCAGACCTCATCATTGT,CTTCTGCACCAGATGCCACTCCCTG
C278_bin_463,50-bp bin starting at position 463,463,512,52.0,60.0,2,3,0.951,0.936,66,101,GTCGCTCCAGACCTCATCATTGTCT,TCTGCACCAGATGCCACTCCCTGCA
C278_bin_464,50-bp bin starting at position 464,464,513,48.0,64.0,2,3,0.926,0.909,60,120,TCGCTCCAGACCTCATCATTGTCTT,CTGCACCAGATGCCACTCCCTGCAC
C278_bin_466,50-bp bin starting at position 466,466,515,48.0,64.0,2,3,0.926,0.896,68,120,GCTCCAGACCTCATCATTGTCTTCT,GCACCAGATGCCACTCCCTGCACCA
C278_bin_475,50-bp bin starting at position 475,475,524,44.0,68.0,2,3,0.944,0.945,62,80,CTCATCATTGTCTTCTGCACCAGAT,GCCACTCCCTGCACCAGTGCGAGTG
C278_bin_481,50-bp bin starting at position 481,481,530,48.0,60.0,2,3,0.97,0.961,66,70,ATTGTCTTCTGCACCAGATGCCACT,CCCTGCACCAGTGCGAGTGGTTGTT
C278_bin_505,50-bp bin starting at position 505,505,554,60.0,44.0,3,4,0.961,0.966,60,64,TCCCTGCACCAGTGCGAGTGGTTGT,TTTTCCTGCCCATTAGCATCTGAGA
C278_bin_506,50-bp bin starting at position 506,506,555,60.0,48.0,3,3,0.961,0.985,70,64,CCCTGCACCAGTGCGAGTGGTTGTT,TTTCCTGCCCATTAGCATCTGAGAG
C278_bin_507,50-bp bin starting at position 507,507,556,56.0,48.0,3,3,0.957,0.985,70,62,CCTGCACCAGTGCGAGTGGTTGTTT,TTCCTGCCCATTAGCATCTGAGAGT
C278_bin_508,50-bp bin starting at position 508,508,557,52.0,48.0,4,3,0.944,0.985,74,62,CTGCACCAGTGCGAGTGGTTGTTTT,TCCTGCCCATTAGCATCTGAGAGTT
C278_bin_532,50-bp bin starting at position 532,532,581,48.0,52.0,3,2,0.985,0.998,62,50,TTCCTGCCCATTAGCATCTGAGAGT,TTATGAAGTCCGCCTTGGACACACG
C278_bin_533,50-bp bin starting at position 533,533,582,48.0,56.0,3,2,0.985,0.989,62,56,TCCTGCCCATTAGCATCTGAGAGTT,TATGAAGTCCGCCTTGGACACACGC
C278_bin_534,50-bp bin starting at position 534,534,583,48.0,60.0,3,2,0.985,0.971,60,72,CCTGCCCATTAGCATCTGAGAGTTT,ATGAAGTCCGCCTTGGACACACGCC
C278_bin_547,50-bp bin starting at position 547,547,596,44.0,56.0,3,2,0.989,0.983,58,66,ATCTGAGAGTTTATGAAGTCCGCCT,TGGACACACGCCGTTCTATCGTGGT
C278_bin_548,50-bp bin starting at position 548,548,597,44.0,56.0,3,2,0.977,0.983,56,66,TCTGAGAGTTTATGAAGTCCGCCTT,GGACACACGCCGTTCTATCGTGGTT
C278_bin_561,50-bp bin starting at position 561,561,610,64.0,56.0,2,3,0.966,0.944,80,48,GAAGTCCGCCTTGGACACACGCCGT,TCTATCGTGGTTCAGTGCTGGGAGC
C278_bin_562,50-bp bin starting at position 562,562,611,60.0,56.0,2,3,0.977,0.966,80,50,AAGTCCGCCTTGGACACACGCCGTT,CTATCGTGGTTCAGTGCTGGGAGCA
C278_bin_564,50-bp bin starting at position 564,564,613,64.0,56.0,2,3,0.942,0.966,88,58,GTCCGCCTTGGACACACGCCGTTCT,ATCGTGGTTCAGTGCTGGGAGCATC
C278_bin_566,50-bp bin starting at position 566,566,615,60.0,56.0,2,3,0.955,0.944,80,54,CCGCCTTGGACACACGCCGTTCTAT,CGTGGTTCAGTGCTGGGAGCATCTT
C278_bin_569,50-bp bin starting at position 569,569,618,56.0,52.0,2,3,0.966,0.966,62,44,CCTTGGACACACGCCGTTCTATCGT,GGTTCAGTGCTGGGAGCATCTTAGA
C278_bin_572,50-bp bin starting at position 572,572,621,56.0,48.0,2,3,0.983,0.979,66,40,TGGACACACGCCGTTCTATCGTGGT,TCAGTGCTGGGAGCATCTTAGAAAG
C278_bin_573,50-bp bin starting at position 573,573,622,56.0,52.0,2,3,0.983,0.966,66,38,GGACACACGCCGTTCTATCGTGGTT,CAGTGCTGGGAGCATCTTAGAAAGG
C278_bin_577,50-bp bin starting at position 577,577,626,52.0,52.0,2,3,0.979,0.985,58,44,ACACGCCGTTCTATCGTGGTTCAGT,GCTGGGAGCATCTTAGAAAGGCCAT
C278_bin_580,50-bp bin starting at position 580,580,629,56.0,52.0,2,3,0.925,0.966,68,44,CGCCGTTCTATCGTGGTTCAGTGCT,GGGAGCATCTTAGAAAGGCCATTGG
C278_bin_588,50-bp bin starting at position 588,588,637,52.0,52.0,3,3,0.951,0.971,50,48,TATCGTGGTTCAGTGCTGGGAGCAT,CTTAGAAAGGCCATTGGCGGTATGG
C278_bin_590,50-bp bin starting at position 590,590,639,56.0,52.0,3,3,0.944,0.971,52,57,TCGTGGTTCAGTGCTGGGAGCATCT,TAGAAAGGCCATTGGCGGTATGGCT
C278_bin_591,50-bp bin starting at position 591,591,640,56.0,56.0,3,3,0.944,0.977,54,53,CGTGGTTCAGTGCTGGGAGCATCTT,AGAAAGGCCATTGGCGGTATGGCTC
C278_bin_602,50-bp bin starting at position 602,602,651,52.0,52.0,3,2,0.985,0.97,44,68,GCTGGGAGCATCTTAGAAAGGCCAT,TGGCGGTATGGCTCAGCATATCGTT
C278_bin_603,50-bp bin starting at position 603,603,652,48.0,52.0,3,3,0.993,0.97,46,54,CTGGGAGCATCTTAGAAAGGCCATT,GGCGGTATGGCTCAGCATATCGTTT
C278_bin_609,50-bp bin starting at position 609,609,658,52.0,44.0,3,4,0.989,0.955,44,42,GCATCTTAGAAAGGCCATTGGCGGT,ATGGCTCAGCATATCGTTTTCCTTG
C278_bin_611,50-bp bin starting at position 611,611,660,44.0,44.0,3,4,0.983,0.923,38,48,ATCTTAGAAAGGCCATTGGCGGTAT,GGCTCAGCATATCGTTTTCCTTGTT
C278_bin_615,50-bp bin starting at position 615,615,664,52.0,44.0,3,4,0.971,0.913,57,58,TAGAAAGGCCATTGGCGGTATGGCT,CAGCATATCGTTTTCCTTGTTCTGC
C278_bin_621,50-bp bin starting at position 621,621,670,60.0,44.0,2,4,0.971,0.923,61,50,GGCCATTGGCGGTATGGCTCAGCAT,ATCGTTTTCCTTGTTCTGCAGGTGA
C278_bin_623,50-bp bin starting at position 623,623,672,52.0,48.0,2,4,0.993,0.937,66,52,CCATTGGCGGTATGGCTCAGCATAT,CGTTTTCCTTGTTCTGCAGGTGAAG
C278_bin_626,50-bp bin starting at position 626,626,675,52.0,52.0,2,3,0.97,0.944,68,52,TTGGCGGTATGGCTCAGCATATCGT,TTTCCTTGTTCTGCAGGTGAAGGGC
C278_bin_627,50-bp bin starting at position 627,627,676,52.0,56.0,2,3,0.97,0.944,68,50,TGGCGGTATGGCTCAGCATATCGTT,TTCCTTGTTCTGCAGGTGAAGGGCG
C278_bin_628,50-bp bin starting at position 628,628,677,52.0,56.0,3,3,0.97,0.944,54,44,GGCGGTATGGCTCAGCATATCGTTT,TCCTTGTTCTGCAGGTGAAGGGCGT
C278_bin_629,50-bp bin starting at position 629,629,678,48.0,60.0,4,3,0.966,0.937,54,48,GCGGTATGGCTCAGCATATCGTTTT,CCTTGTTCTGCAGGTGAAGGGCGTG
C278_bin_632,50-bp bin starting at position 632,632,681,44.0,60.0,4,3,0.955,0.896,50,48,GTATGGCTCAGCATATCGTTTTCCT,TGTTCTGCAGGTGAAGGGCGTGGAG
C278_bin_635,50-bp bin starting at position 635,635,684,44.0,64.0,4,3,0.923,0.909,44,61,TGGCTCAGCATATCGTTTTCCTTGT,TCTGCAGGTGAAGGGCGTGGAGGCT
C278_bin_636,50-bp bin starting at position 636,636,685,44.0,64.0,4,3,0.923,0.909,48,61,GGCTCAGCATATCGTTTTCCTTGTT,CTGCAGGTGAAGGGCGTGGAGGCTT
C278_bin_653,50-bp bin starting at position 653,653,702,56.0,52.0,3,3,0.944,0.985,44,30,TCCTTGTTCTGCAGGTGAAGGGCGT,GGAGGCTTGAATTAAACATCCCGGG
C278_bin_702,50-bp bin starting at position 702,702,751,48.0,52.0,3,3,0.944,0.966,72,86,GGGCGGCGCTATAATTGTGGATTAT,ATGGGATGGGCTATGGTGTTCACCA
C278_bin_769,50-bp bin starting at position 769,769,818,56.0,44.0,3,4,0.945,0.989,56,42,AGGGTTGCTCAGATTTGGCGGCAGT,CTTGAAGTGGCTCCCATAAAATGAC
C278_bin_771,50-bp bin starting at position 771,771,820,56.0,48.0,3,4,0.944,0.989,60,40,GGTTGCTCAGATTTGGCGGCAGTCT,TGAAGTGGCTCCCATAAAATGACCG
C278_bin_772,50-bp bin starting at position 772,772,821,52.0,48.0,3,4,0.944,0.989,60,36,GTTGCTCAGATTTGGCGGCAGTCTT,GAAGTGGCTCCCATAAAATGACCGT
C278_bin_777,50-bp bin starting at position 777,777,826,48.0,48.0,3,4,0.97,0.979,64,60,TCAGATTTGGCGGCAGTCTTGAAGT,GGCTCCCATAAAATGACCGTCCATT
C278_bin_797,50-bp bin starting at position 797,797,846,48.0,48.0,4,3,0.989,0.979,36,54,GAAGTGGCTCCCATAAAATGACCGT,CCATTTCATGTGTAGGATAAGGCGG
C278_bin_801,50-bp bin starting at position 801,801,850,48.0,52.0,4,3,0.979,0.942,64,56,TGGCTCCCATAAAATGACCGTCCAT,TTCATGTGTAGGATAAGGCGGGAGC
C278_bin_802,50-bp bin starting at position 802,802,851,48.0,52.0,4,3,0.979,0.942,60,56,GGCTCCCATAAAATGACCGTCCATT,TCATGTGTAGGATAAGGCGGGAGCT
C278_bin_803,50-bp bin starting at position 803,803,852,44.0,52.0,4,3,0.961,0.942,64,56,GCTCCCATAAAATGACCGTCCATTT,CATGTGTAGGATAAGGCGGGAGCTT
C278_bin_815,50-bp bin starting at position 815,815,864,44.0,56.0,3,3,0.977,0.979,50,44,TGACCGTCCATTTCATGTGTAGGAT,AAGGCGGGAGCTTACCCACATGATG
C278_bin_827,50-bp bin starting at position 827,827,876,52.0,44.0,3,3,0.942,0.983,56,78,TCATGTGTAGGATAAGGCGGGAGCT,TACCCACATGATGAACATTTGGCCT
C278_bin_828,50-bp bin starting at position 828,828,877,52.0,44.0,3,3,0.942,0.983,56,80,CATGTGTAGGATAAGGCGGGAGCTT,ACCCACATGATGAACATTTGGCCTT
C278_bin_853,50-bp bin starting at position 853,853,902,44.0,44.0,3,2,0.983,0.989,80,52,ACCCACATGATGAACATTTGGCCTT,ATGGTACATGAAGAGAATCCGTCTC
C278_bin_992,50-bp bin starting at position 992,992,1041,44.0,52.0,4,3,0.979,0.989,48,36,GGCAAACTCAGTTTTGACAGAGGAT,CTTGGCTAGGGTAGCGATACAAGTC
C278_bin_999,50-bp bin starting at position 999,999,1048,44.0,48.0,4,3,0.966,0.979,58,36,TCAGTTTTGACAGAGGATCTTGGCT,AGGGTAGCGATACAAGTCCATTGGT
C278_bin_1004,50-bp bin starting at position 1004,1004,1053,48.0,48.0,3,2,0.944,0.993,46,52,TTTGACAGAGGATCTTGGCTAGGGT,AGCGATACAAGTCCATTGGTTGGCT
C278_bin_1010,50-bp bin starting at position 1010,1010,1059,52.0,56.0,3,4,0.942,0.966,56,65,AGAGGATCTTGGCTAGGGTAGCGAT,ACAAGTCCATTGGTTGGCTCTGGGG
C278_bin_1059,50-bp bin starting at position 1059,1059,1108,48.0,44.0,4,2,0.989,0.979,70,48,GGCTATAAGACCCCAGATATGGACT,GCAATTATCCACTGACAAGTTGCCA
C278_bin_1064,50-bp bin starting at position 1064,1064,1113,44.0,44.0,4,2,0.977,0.983,60,60,TAAGACCCCAGATATGGACTGCAAT,TATCCACTGACAAGTTGCCATTGCA
C278_bin_1065,50-bp bin starting at position 1065,1065,1114,44.0,48.0,4,2,0.977,0.979,56,68,AAGACCCCAGATATGGACTGCAATT,ATCCACTGACAAGTTGCCATTGCAC
C278_bin_1067,50-bp bin starting at position 1067,1067,1116,44.0,52.0,4,2,0.989,0.989,54,108,GACCCCAGATATGGACTGCAATTAT,CCACTGACAAGTTGCCATTGCACTG
C278_bin_1079,50-bp bin starting at position 1079,1079,1128,44.0,52.0,2,4,0.989,0.971,64,56,GGACTGCAATTATCCACTGACAAGT,TGCCATTGCACTGATAGGAGGGGTA
C278_bin_1091,50-bp bin starting at position 1091,1091,1140,48.0,44.0,2,4,0.979,0.867,82,106,TCCACTGACAAGTTGCCATTGCACT,GATAGGAGGGGTATTGAGTATTCTG
C278_bin_1094,50-bp bin starting at position 1094,1094,1143,44.0,44.0,2,4,0.993,0.855,104,112,ACTGACAAGTTGCCATTGCACTGAT,AGGAGGGGTATTGAGTATTCTGGTT
C278_bin_1105,50-bp bin starting at position 1105,1105,1154,52.0,48.0,4,2,0.971,0.953,50,58,GCCATTGCACTGATAGGAGGGGTAT,TGAGTATTCTGGTTGAGAAGACCGG
C278_bin_1106,50-bp bin starting at position 1106,1106,1155,48.0,52.0,4,3,0.979,0.942,56,44,CCATTGCACTGATAGGAGGGGTATT,GAGTATTCTGGTTGAGAAGACCGGG
C278_bin_1110,50-bp bin starting at position 1110,1110,1159,48.0,52.0,4,4,0.914,0.971,62,52,TGCACTGATAGGAGGGGTATTGAGT,ATTCTGGTTGAGAAGACCGGGGTAC
C278_bin_1112,50-bp bin starting at position 1112,1112,1161,44.0,60.0,4,4,0.925,0.936,84,60,CACTGATAGGAGGGGTATTGAGTAT,TCTGGTTGAGAAGACCGGGGTACGG
C278_bin_1118,50-bp bin starting at position 1118,1118,1167,44.0,56.0,4,4,0.855,0.955,112,75,TAGGAGGGGTATTGAGTATTCTGGT,TGAGAAGACCGGGGTACGGGTTCAT
C278_bin_1119,50-bp bin starting at position 1119,1119,1168,44.0,60.0,4,4,0.855,0.931,112,75,AGGAGGGGTATTGAGTATTCTGGTT,GAGAAGACCGGGGTACGGGTTCATG
C278_bin_1148,50-bp bin starting at position 1148,1148,1197,60.0,44.0,4,2,0.936,0.993,74,42,AGACCGGGGTACGGGTTCATGGGAT,TTGAACTATTCAAGTAGCTGCCAGC
C278_bin_1149,50-bp bin starting at position 1149,1149,1198,60.0,48.0,4,2,0.931,0.993,78,48,GACCGGGGTACGGGTTCATGGGATT,TGAACTATTCAAGTAGCTGCCAGCC
C278_bin_1150,50-bp bin starting at position 1150,1150,1199,56.0,52.0,4,2,0.945,0.993,76,44,ACCGGGGTACGGGTTCATGGGATTT,GAACTATTCAAGTAGCTGCCAGCCG
C278_bin_1155,50-bp bin starting at position 1155,1155,1204,48.0,52.0,3,2,0.944,0.998,48,52,GGTACGGGTTCATGGGATTTGAACT,ATTCAAGTAGCTGCCAGCCGCTTGA
C278_bin_1177,50-bp bin starting at position 1177,1177,1226,52.0,44.0,2,3,0.989,0.921,50,63,ACTATTCAAGTAGCTGCCAGCCGCT,TGAGAGGAGGTGCTGTAGAAATTCA
C278_bin_1178,50-bp bin starting at position 1178,1178,1227,52.0,44.0,2,3,0.985,0.921,54,65,CTATTCAAGTAGCTGCCAGCCGCTT,GAGAGGAGGTGCTGTAGAAATTCAT
C278_bin_1188,50-bp bin starting at position 1188,1188,1237,64.0,48.0,2,3,0.955,0.953,81,48,AGCTGCCAGCCGCTTGAGAGGAGGT,GCTGTAGAAATTCATCGGAGAGGTG
C278_bin_1191,50-bp bin starting at position 1191,1191,1240,64.0,44.0,2,3,0.955,0.957,81,48,TGCCAGCCGCTTGAGAGGAGGTGCT,GTAGAAATTCATCGGAGAGGTGCTA
C278_bin_1193,50-bp bin starting at position 1193,1193,1242,64.0,48.0,2,3,0.955,0.985,71,40,CCAGCCGCTTGAGAGGAGGTGCTGT,AGAAATTCATCGGAGAGGTGCTACC
C278_bin_1199,50-bp bin starting at position 1199,1199,1248,48.0,48.0,3,2,0.914,0.993,77,52,GCTTGAGAGGAGGTGCTGTAGAAAT,TCATCGGAGAGGTGCTACCATAGAT
C278_bin_1200,50-bp bin starting at position 1200,1200,1249,44.0,48.0,3,2,0.925,0.985,71,56,CTTGAGAGGAGGTGCTGTAGAAATT,CATCGGAGAGGTGCTACCATAGATA
C278_bin_1203,50-bp bin starting at position 1203,1203,1252,44.0,48.0,3,2,0.921,0.985,65,50,GAGAGGAGGTGCTGTAGAAATTCAT,CGGAGAGGTGCTACCATAGATATCA
C278_bin_1212,50-bp bin starting at position 1212,1212,1261,44.0,48.0,3,2,0.961,0.993,48,56,TGCTGTAGAAATTCATCGGAGAGGT,GCTACCATAGATATCACTGGTGTGG
C278_bin_1215,50-bp bin starting at position 1215,1215,1264,44.0,48.0,3,2,0.961,0.993,48,62,TGTAGAAATTCATCGGAGAGGTGCT,ACCATAGATATCACTGGTGTGGCTG
C278_bin_1220,50-bp bin starting at position 1220,1220,1269,44.0,48.0,3,2,0.989,0.944,42,65,AAATTCATCGGAGAGGTGCTACCAT,AGATATCACTGGTGTGGCTGGAGTT
C278_bin_1224,50-bp bin starting at position 1224,1224,1273,48.0,52.0,2,2,0.993,0.937,52,69,TCATCGGAGAGGTGCTACCATAGAT,ATCACTGGTGTGGCTGGAGTTAGGA
C278_bin_1226,50-bp bin starting at position 1226,1226,1275,44.0,52.0,2,2,0.979,0.937,48,73,ATCGGAGAGGTGCTACCATAGATAT,CACTGGTGTGGCTGGAGTTAGGATA
C278_bin_1230,50-bp bin starting at position 1230,1230,1279,44.0,52.0,2,2,0.989,0.836,54,74,GAGAGGTGCTACCATAGATATCACT,GGTGTGGCTGGAGTTAGGATATGGA
C278_bin_1233,50-bp bin starting at position 1233,1233,1282,44.0,52.0,2,2,0.993,0.937,52,66,AGGTGCTACCATAGATATCACTGGT,GTGGCTGGAGTTAGGATATGGACTC
C278_bin_1235,50-bp bin starting at position 1235,1235,1284,44.0,52.0,2,2,0.989,0.971,48,61,GTGCTACCATAGATATCACTGGTGT,GGCTGGAGTTAGGATATGGACTCAC
C278_bin_1239,50-bp bin starting at position 1239,1239,1288,44.0,56.0,2,3,0.989,0.955,56,41,TACCATAGATATCACTGGTGTGGCT,GGAGTTAGGATATGGACTCACCGGG
C278_bin_1244,50-bp bin starting at position 1244,1244,1293,48.0,52.0,2,3,0.944,0.966,69,46,TAGATATCACTGGTGTGGCTGGAGT,TAGGATATGGACTCACCGGGTTTGG
C278_bin_1245,50-bp bin starting at position 1245,1245,1294,48.0,56.0,2,3,0.944,0.977,65,42,AGATATCACTGGTGTGGCTGGAGTT,AGGATATGGACTCACCGGGTTTGGC
C278_bin_1250,50-bp bin starting at position 1250,1250,1299,52.0,56.0,2,3,0.922,0.961,69,42,TCACTGGTGTGGCTGGAGTTAGGAT,ATGGACTCACCGGGTTTGGCCTTCT
C278_bin_1252,50-bp bin starting at position 1252,1252,1301,48.0,60.0,2,3,0.905,0.961,77,58,ACTGGTGTGGCTGGAGTTAGGATAT,GGACTCACCGGGTTTGGCCTTCTCA
C278_bin_1257,50-bp bin starting at position 1257,1257,1306,48.0,56.0,2,3,0.905,0.961,68,36,TGTGGCTGGAGTTAGGATATGGACT,CACCGGGTTTGGCCTTCTCATGTAG
C278_bin_1265,50-bp bin starting at position 1265,1265,1314,52.0,48.0,3,3,0.971,0.922,40,56,GAGTTAGGATATGGACTCACCGGGT,TTGGCCTTCTCATGTAGGGATTGGT
C278_bin_1266,50-bp bin starting at position 1266,1266,1315,48.0,52.0,3,3,0.979,0.926,48,42,AGTTAGGATATGGACTCACCGGGTT,TGGCCTTCTCATGTAGGGATTGGTG
C278_bin_1267,50-bp bin starting at position 1267,1267,1316,48.0,56.0,3,3,0.97,0.944,46,38,GTTAGGATATGGACTCACCGGGTTT,GGCCTTCTCATGTAGGGATTGGTGC
C278_bin_1272,50-bp bin starting at position 1272,1272,1321,56.0,52.0,3,3,0.979,0.97,42,32,GATATGGACTCACCGGGTTTGGCCT,TCTCATGTAGGGATTGGTGCTACCG
C278_bin_1273,50-bp bin starting at position 1273,1273,1322,52.0,56.0,3,3,0.979,0.966,40,30,ATATGGACTCACCGGGTTTGGCCTT,CTCATGTAGGGATTGGTGCTACCGG
C278_bin_1275,50-bp bin starting at position 1275,1275,1324,56.0,52.0,3,3,0.961,0.971,42,36,ATGGACTCACCGGGTTTGGCCTTCT,CATGTAGGGATTGGTGCTACCGGAA
C278_bin_1278,50-bp bin starting at position 1278,1278,1327,56.0,56.0,3,3,0.957,0.955,56,38,GACTCACCGGGTTTGGCCTTCTCAT,GTAGGGATTGGTGCTACCGGAAGCA
C278_bin_1280,50-bp bin starting at position 1280,1280,1329,56.0,56.0,3,3,0.921,0.945,60,34,CTCACCGGGTTTGGCCTTCTCATGT,AGGGATTGGTGCTACCGGAAGCAGA
C278_bin_1286,50-bp bin starting at position 1286,1286,1335,52.0,52.0,3,2,0.926,0.951,42,50,GGGTTTGGCCTTCTCATGTAGGGAT,TGGTGCTACCGGAAGCAGAGTAAGA
C278_bin_1287,50-bp bin starting at position 1287,1287,1336,48.0,52.0,3,2,0.922,0.926,36,54,GGTTTGGCCTTCTCATGTAGGGATT,GGTGCTACCGGAAGCAGAGTAAGAA
C278_bin_1290,50-bp bin starting at position 1290,1290,1339,48.0,48.0,3,2,0.922,0.966,56,46,TTGGCCTTCTCATGTAGGGATTGGT,GCTACCGGAAGCAGAGTAAGAATTC
C278_bin_1293,50-bp bin starting at position 1293,1293,1342,52.0,44.0,3,2,0.944,0.923,38,48,GCCTTCTCATGTAGGGATTGGTGCT,ACCGGAAGCAGAGTAAGAATTCACA
C278_bin_1313,50-bp bin starting at position 1313,1313,1362,48.0,48.0,2,2,0.951,0.951,50,104,GTGCTACCGGAAGCAGAGTAAGAAT,TCACAGATTCTGTCTGTGGATGGTG
C278_bin_1314,50-bp bin starting at position 1314,1314,1363,44.0,52.0,2,2,0.966,0.951,46,115,TGCTACCGGAAGCAGAGTAAGAATT,CACAGATTCTGTCTGTGGATGGTGG
C278_bin_1396,50-bp bin starting at position 1396,1396,1445,52.0,60.0,3,2,0.855,0.921,99,115,TGGTTGAGGAGGCTGTTTCTGGAGT,GGCTGTGGCTGCTGACTCTGTTGCA
C278_bin_1400,50-bp bin starting at position 1400,1400,1449,56.0,56.0,3,2,0.891,0.957,115,87,TGAGGAGGCTGTTTCTGGAGTGGCT,GTGGCTGCTGACTCTGTTGCATGAC
C278_bin_1422,50-bp bin starting at position 1422,1422,1471,56.0,60.0,2,3,0.921,0.921,87,46,GCTGTGGCTGCTGACTCTGTTGCAT,GACGGGCCCACTCAACCGAAGCAAT
C278_bin_1434,50-bp bin starting at position 1434,1434,1483,60.0,48.0,3,2,0.979,0.951,50,91,GACTCTGTTGCATGACGGGCCCACT,CAACCGAAGCAATTCAGCCAATTGC
C278_bin_1447,50-bp bin starting at position 1447,1447,1496,60.0,48.0,3,2,0.921,0.998,46,62,GACGGGCCCACTCAACCGAAGCAAT,TCAGCCAATTGCTTAGCCTGAGAAG
C278_bin_1448,50-bp bin starting at position 1448,1448,1497,56.0,52.0,3,2,0.944,0.993,42,67,ACGGGCCCACTCAACCGAAGCAATT,CAGCCAATTGCTTAGCCTGAGAAGC
C278_bin_1456,50-bp bin starting at position 1456,1456,1505,44.0,52.0,2,2,0.922,0.993,75,42,ACTCAACCGAAGCAATTCAGCCAAT,TGCTTAGCCTGAGAAGCGTTCTCAG
C278_bin_1457,50-bp bin starting at position 1457,1457,1506,44.0,52.0,2,2,0.944,0.993,99,42,CTCAACCGAAGCAATTCAGCCAATT,GCTTAGCCTGAGAAGCGTTCTCAGT
C278_bin_1460,50-bp bin starting at position 1460,1460,1509,44.0,52.0,2,2,0.966,0.993,86,54,AACCGAAGCAATTCAGCCAATTGCT,TAGCCTGAGAAGCGTTCTCAGTCTG
C278_bin_1461,50-bp bin starting at position 1461,1461,1510,44.0,56.0,2,2,0.979,0.993,86,56,ACCGAAGCAATTCAGCCAATTGCTT,AGCCTGAGAAGCGTTCTCAGTCTGC
C278_bin_1466,50-bp bin starting at position 1466,1466,1515,44.0,48.0,2,3,0.983,0.966,109,48,AGCAATTCAGCCAATTGCTTAGCCT,GAGAAGCGTTCTCAGTCTGCTTTGT
C278_bin_1475,50-bp bin starting at position 1475,1475,1524,52.0,52.0,2,3,0.998,0.914,50,96,GCCAATTGCTTAGCCTGAGAAGCGT,TCTCAGTCTGCTTTGTCCTGCTAGG
C278_bin_1476,50-bp bin starting at position 1476,1476,1525,48.0,52.0,2,3,0.998,0.953,44,88,CCAATTGCTTAGCCTGAGAAGCGTT,CTCAGTCTGCTTTGTCCTGCTAGGA
C278_bin_1478,50-bp bin starting at position 1478,1478,1527,44.0,56.0,2,3,0.989,0.961,42,88,AATTGCTTAGCCTGAGAAGCGTTCT,CAGTCTGCTTTGTCCTGCTAGGAGC
C278_bin_1482,50-bp bin starting at position 1482,1482,1531,52.0,60.0,2,3,0.993,0.929,42,83,GCTTAGCCTGAGAAGCGTTCTCAGT,CTGCTTTGTCCTGCTAGGAGCGCTC
C278_bin_1484,50-bp bin starting at position 1484,1484,1533,48.0,56.0,2,3,0.989,0.925,48,51,TTAGCCTGAGAAGCGTTCTCAGTCT,GCTTTGTCCTGCTAGGAGCGCTCTT
C278_bin_1487,50-bp bin starting at position 1487,1487,1536,56.0,52.0,2,4,0.983,0.914,50,48,GCCTGAGAAGCGTTCTCAGTCTGCT,TTGTCCTGCTAGGAGCGCTCTTTTC
C278_bin_1488,50-bp bin starting at position 1488,1488,1537,52.0,56.0,2,4,0.979,0.921,52,56,CCTGAGAAGCGTTCTCAGTCTGCTT,TGTCCTGCTAGGAGCGCTCTTTTCC
C278_bin_1489,50-bp bin starting at position 1489,1489,1538,48.0,56.0,3,4,0.971,0.921,54,68,CTGAGAAGCGTTCTCAGTCTGCTTT,GTCCTGCTAGGAGCGCTCTTTTCCT
C278_bin_1491,50-bp bin starting at position 1491,1491,1540,48.0,56.0,3,4,0.966,0.909,48,68,GAGAAGCGTTCTCAGTCTGCTTTGT,CCTGCTAGGAGCGCTCTTTTCCTTC
C278_bin_1494,50-bp bin starting at position 1494,1494,1543,48.0,52.0,3,4,0.937,0.944,52,72,AAGCGTTCTCAGTCTGCTTTGTCCT,GCTAGGAGCGCTCTTTTCCTTCTCA
C278_bin_1497,50-bp bin starting at position 1497,1497,1546,52.0,48.0,3,4,0.849,0.922,96,69,CGTTCTCAGTCTGCTTTGTCCTGCT,AGGAGCGCTCTTTTCCTTCTCATTC
C278_bin_1520,50-bp bin starting at position 1520,1520,1569,48.0,44.0,4,2,0.922,0.923,64,58,CTAGGAGCGCTCTTTTCCTTCTCAT,TCTTATTGCTTGAGTTCTCCAGGCT
C278_bin_1521,50-bp bin starting at position 1521,1521,1570,44.0,44.0,4,2,0.913,0.923,64,63,TAGGAGCGCTCTTTTCCTTCTCATT,CTTATTGCTTGAGTTCTCCAGGCTT
C278_bin_1523,50-bp bin starting at position 1523,1523,1572,48.0,44.0,4,2,0.881,0.955,78,107,GGAGCGCTCTTTTCCTTCTCATTCT,TATTGCTTGAGTTCTCCAGGCTTGA
C278_bin_1524,50-bp bin starting at position 1524,1524,1573,44.0,48.0,4,2,0.846,0.971,91,107,GAGCGCTCTTTTCCTTCTCATTCTT,ATTGCTTGAGTTCTCCAGGCTTGAC
C278_bin_1545,50-bp bin starting at position 1545,1545,1594,44.0,56.0,2,2,0.923,0.966,58,122,TCTTATTGCTTGAGTTCTCCAGGCT,TGACAGCTTCTCTGCAGCAGCCTTC
C278_bin_1553,50-bp bin starting at position 1553,1553,1602,52.0,56.0,2,2,0.979,0.909,96,120,CTTGAGTTCTCCAGGCTTGACAGCT,TCTCTGCAGCAGCCTTCTTGGCTTC
C278_bin_1554,50-bp bin starting at position 1554,1554,1603,48.0,60.0,2,2,0.971,0.905,86,119,TTGAGTTCTCCAGGCTTGACAGCTT,CTCTGCAGCAGCCTTCTTGGCTTCC
C278_bin_1556,50-bp bin starting at position 1556,1556,1605,52.0,56.0,2,2,0.979,0.966,84,111,GAGTTCTCCAGGCTTGACAGCTTCT,CTGCAGCAGCCTTCTTGGCTTCCAA
C278_bin_1558,50-bp bin starting at position 1558,1558,1607,52.0,56.0,2,2,0.944,0.966,109,107,GTTCTCCAGGCTTGACAGCTTCTCT,GCAGCAGCCTTCTTGGCTTCCAACT
C278_bin_1568,50-bp bin starting at position 1568,1568,1617,56.0,60.0,2,2,0.966,0.905,108,99,CTTGACAGCTTCTCTGCAGCAGCCT,TCTTGGCTTCCAACTTCCGCTGCCG
C278_bin_1569,50-bp bin starting at position 1569,1569,1618,52.0,64.0,2,2,0.97,0.914,108,101,TTGACAGCTTCTCTGCAGCAGCCTT,CTTGGCTTCCAACTTCCGCTGCCGG
C278_bin_1577,50-bp bin starting at position 1577,1577,1626,52.0,60.0,2,2,0.905,0.937,120,50,TTCTCTGCAGCAGCCTTCTTGGCTT,CCAACTTCCGCTGCCGGCATGTCTT
C278_bin_1583,50-bp bin starting at position 1583,1583,1632,56.0,68.0,2,3,0.966,0.921,107,48,GCAGCAGCCTTCTTGGCTTCCAACT,TCCGCTGCCGGCATGTCTTGACGGG
C278_bin_1584,50-bp bin starting at position 1584,1584,1633,52.0,68.0,2,3,0.951,0.921,86,48,CAGCAGCCTTCTTGGCTTCCAACTT,CCGCTGCCGGCATGTCTTGACGGGT
C278_bin_1589,50-bp bin starting at position 1589,1589,1638,56.0,68.0,2,3,0.887,0.914,99,59,GCCTTCTTGGCTTCCAACTTCCGCT,GCCGGCATGTCTTGACGGGTTCGGC
C278_bin_1597,50-bp bin starting at position 1597,1597,1646,64.0,64.0,2,3,0.942,0.953,102,40,GGCTTCCAACTTCCGCTGCCGGCAT,GTCTTGACGGGTTCGGCGAGCATCC
C278_bin_1599,50-bp bin starting at position 1599,1599,1648,60.0,64.0,2,3,0.937,0.957,88,40,CTTCCAACTTCCGCTGCCGGCATGT,CTTGACGGGTTCGGCGAGCATCCTC
C278_bin_1601,50-bp bin starting at position 1601,1601,1650,60.0,64.0,2,3,0.937,0.97,48,40,TCCAACTTCCGCTGCCGGCATGTCT,TGACGGGTTCGGCGAGCATCCTCAC
C278_bin_1602,50-bp bin starting at position 1602,1602,1651,60.0,68.0,2,3,0.937,0.951,50,44,CCAACTTCCGCTGCCGGCATGTCTT,GACGGGTTCGGCGAGCATCCTCACC
C278_bin_1609,50-bp bin starting at position 1609,1609,1658,68.0,68.0,3,2,0.921,0.923,48,70,CCGCTGCCGGCATGTCTTGACGGGT,TCGGCGAGCATCCTCACCTTCCGGC
C278_bin_1610,50-bp bin starting at position 1610,1610,1659,64.0,72.0,3,2,0.925,0.913,42,94,CGCTGCCGGCATGTCTTGACGGGTT,CGGCGAGCATCCTCACCTTCCGGCG
C278_bin_1620,50-bp bin starting at position 1620,1620,1669,56.0,60.0,3,3,0.966,0.971,46,42,ATGTCTTGACGGGTTCGGCGAGCAT,CCTCACCTTCCGGCGAAATGAGGAC
C278_bin_1623,50-bp bin starting at position 1623,1623,1672,60.0,60.0,3,3,0.961,0.961,40,38,TCTTGACGGGTTCGGCGAGCATCCT,CACCTTCCGGCGAAATGAGGACAGC
C278_bin_1628,50-bp bin starting at position 1628,1628,1677,64.0,60.0,3,3,0.966,0.961,50,42,ACGGGTTCGGCGAGCATCCTCACCT,TCCGGCGAAATGAGGACAGCACCTG
C278_bin_1629,50-bp bin starting at position 1629,1629,1678,64.0,64.0,3,3,0.953,0.925,50,44,CGGGTTCGGCGAGCATCCTCACCTT,CCGGCGAAATGAGGACAGCACCTGG
C278_bin_1639,50-bp bin starting at position 1639,1639,1688,56.0,60.0,3,2,0.977,0.929,52,120,GAGCATCCTCACCTTCCGGCGAAAT,GAGGACAGCACCTGGATAGCACCAG
C278_bin_1670,50-bp bin starting at position 1670,1670,1719,56.0,48.0,2,4,0.966,0.896,123,80,AGCACCTGGATAGCACCAGACCTCT,TTTTCTCTTCCTGGGCTTCTACGGA
C278_bin_1671,50-bp bin starting at position 1671,1671,1720,56.0,48.0,2,3,0.977,0.937,97,72,GCACCTGGATAGCACCAGACCTCTT,TTTCTCTTCCTGGGCTTCTACGGAA
C278_bin_1672,50-bp bin starting at position 1672,1672,1721,52.0,52.0,3,3,0.971,0.944,73,74,CACCTGGATAGCACCAGACCTCTTT,TTCTCTTCCTGGGCTTCTACGGAAC
C278_bin_1673,50-bp bin starting at position 1673,1673,1722,48.0,56.0,4,3,0.979,0.944,65,65,ACCTGGATAGCACCAGACCTCTTTT,TCTCTTCCTGGGCTTCTACGGAACC
C278_bin_1703,50-bp bin starting at position 1703,1703,1752,52.0,52.0,3,2,0.989,0.971,40,54,TCCTGGGCTTCTACGGAACCAAACT,CATCGACGTCACTCACCTTGTACAG
C278_bin_1706,50-bp bin starting at position 1706,1706,1755,48.0,60.0,3,2,0.993,0.977,38,52,TGGGCTTCTACGGAACCAAACTCAT,CGACGTCACTCACCTTGTACAGCGG
C278_bin_1712,50-bp bin starting at position 1712,1712,1761,48.0,56.0,3,2,0.97,0.979,50,42,TCTACGGAACCAAACTCATCGACGT,CACTCACCTTGTACAGCGGAAGGAC
C278_bin_1716,50-bp bin starting at position 1716,1716,1765,52.0,56.0,3,2,0.951,0.979,58,42,CGGAACCAAACTCATCGACGTCACT,CACCTTGTACAGCGGAAGGACGTGA
C278_bin_1721,50-bp bin starting at position 1721,1721,1770,52.0,52.0,3,2,0.896,0.937,103,66,CCAAACTCATCGACGTCACTCACCT,TGTACAGCGGAAGGACGTGAAGTTG
C278_bin_1722,50-bp bin starting at position 1722,1722,1771,48.0,56.0,3,2,0.914,0.945,99,68,CAAACTCATCGACGTCACTCACCTT,GTACAGCGGAAGGACGTGAAGTTGC
C278_bin_1724,50-bp bin starting at position 1724,1724,1773,48.0,56.0,2,2,0.953,0.966,97,66,AACTCATCGACGTCACTCACCTTGT,ACAGCGGAAGGACGTGAAGTTGCTC
C278_bin_1739,50-bp bin starting at position 1739,1739,1788,56.0,52.0,2,3,0.993,0.953,40,62,CTCACCTTGTACAGCGGAAGGACGT,GAAGTTGCTCGTCTTCAGGTTTGCC
C278_bin_1744,50-bp bin starting at position 1744,1744,1793,52.0,60.0,2,3,0.966,0.929,64,66,CTTGTACAGCGGAAGGACGTGAAGT,TGCTCGTCTTCAGGTTTGCCGCCGA
C278_bin_1745,50-bp bin starting at position 1745,1745,1794,48.0,60.0,2,3,0.953,0.961,68,56,TTGTACAGCGGAAGGACGTGAAGTT,GCTCGTCTTCAGGTTTGCCGCCGAA
C278_bin_1748,50-bp bin starting at position 1748,1748,1797,52.0,60.0,2,3,0.966,0.953,66,54,TACAGCGGAAGGACGTGAAGTTGCT,CGTCTTCAGGTTTGCCGCCGAACTC
C278_bin_1751,50-bp bin starting at position 1751,1751,1800,56.0,56.0,2,3,0.955,0.944,72,72,AGCGGAAGGACGTGAAGTTGCTCGT,CTTCAGGTTTGCCGCCGAACTCTCT
C278_bin_1753,50-bp bin starting at position 1753,1753,1802,56.0,56.0,2,3,0.977,0.957,74,76,CGGAAGGACGTGAAGTTGCTCGTCT,TCAGGTTTGCCGCCGAACTCTCTGT
C278_bin_1754,50-bp bin starting at position 1754,1754,1803,52.0,56.0,2,3,0.966,0.957,76,82,GGAAGGACGTGAAGTTGCTCGTCTT,CAGGTTTGCCGCCGAACTCTCTGTT
C278_bin_1759,50-bp bin starting at position 1759,1759,1808,52.0,56.0,2,2,0.97,0.909,44,94,GACGTGAAGTTGCTCGTCTTCAGGT,TTGCCGCCGAACTCTCTGTTGTCCT
C278_bin_1760,50-bp bin starting at position 1760,1760,1809,48.0,60.0,2,2,0.966,0.905,48,89,ACGTGAAGTTGCTCGTCTTCAGGTT,TGCCGCCGAACTCTCTGTTGTCCTC
C278_bin_1761,50-bp bin starting at position 1761,1761,1810,48.0,64.0,3,2,0.937,0.896,50,95,CGTGAAGTTGCTCGTCTTCAGGTTT,GCCGCCGAACTCTCTGTTGTCCTCC
C278_bin_1772,50-bp bin starting at position 1772,1772,1821,56.0,60.0,3,3,0.957,0.878,54,84,TCGTCTTCAGGTTTGCCGCCGAACT,CTCTGTTGTCCTCCCTGGTCAGGGT
C278_bin_1774,50-bp bin starting at position 1774,1774,1823,56.0,60.0,3,3,0.957,0.929,60,74,GTCTTCAGGTTTGCCGCCGAACTCT,CTGTTGTCCTCCCTGGTCAGGGTAC
C278_bin_1776,50-bp bin starting at position 1776,1776,1825,56.0,60.0,3,3,0.944,0.961,72,66,CTTCAGGTTTGCCGCCGAACTCTCT,GTTGTCCTCCCTGGTCAGGGTACAC
C278_bin_1778,50-bp bin starting at position 1778,1778,1827,56.0,60.0,3,3,0.957,0.971,76,88,TCAGGTTTGCCGCCGAACTCTCTGT,TGTCCTCCCTGGTCAGGGTACACAC
C278_bin_1779,50-bp bin starting at position 1779,1779,1828,56.0,64.0,3,3,0.957,0.966,82,84,CAGGTTTGCCGCCGAACTCTCTGTT,GTCCTCCCTGGTCAGGGTACACACG
C278_bin_1781,50-bp bin starting at position 1781,1781,1830,56.0,64.0,3,3,0.925,0.966,98,72,GGTTTGCCGCCGAACTCTCTGTTGT,CCTCCCTGGTCAGGGTACACACGAG
C278_bin_1784,50-bp bin starting at position 1784,1784,1833,56.0,60.0,2,3,0.909,0.979,94,70,TTGCCGCCGAACTCTCTGTTGTCCT,CCCTGGTCAGGGTACACACGAGAGT
C278_bin_1788,50-bp bin starting at position 1788,1788,1837,60.0,56.0,3,3,0.881,0.945,79,73,CGCCGAACTCTCTGTTGTCCTCCCT,GGTCAGGGTACACACGAGAGTTGAG
C278_bin_1791,50-bp bin starting at position 1791,1791,1840,56.0,56.0,3,3,0.909,0.957,83,65,CGAACTCTCTGTTGTCCTCCCTGGT,CAGGGTACACACGAGAGTTGAGCCA
C278_bin_1797,50-bp bin starting at position 1797,1797,1846,60.0,52.0,3,2,0.878,0.993,84,65,CTCTGTTGTCCTCCCTGGTCAGGGT,ACACACGAGAGTTGAGCCATTCTGC
C278_bin_1809,50-bp bin starting at position 1809,1809,1858,60.0,48.0,3,2,0.979,0.985,70,74,CCCTGGTCAGGGTACACACGAGAGT,TGAGCCATTCTGCATGTTGTGCAGA
C278_bin_1810,50-bp bin starting at position 1810,1810,1859,56.0,48.0,3,2,0.989,0.985,66,74,CCTGGTCAGGGTACACACGAGAGTT,GAGCCATTCTGCATGTTGTGCAGAT
C278_bin_1817,50-bp bin starting at position 1817,1817,1866,52.0,48.0,3,2,0.97,0.937,63,108,AGGGTACACACGAGAGTTGAGCCAT,TCTGCATGTTGTGCAGATCTCTGTG
C278_bin_1818,50-bp bin starting at position 1818,1818,1867,52.0,48.0,3,2,0.985,0.937,65,100,GGGTACACACGAGAGTTGAGCCATT,CTGCATGTTGTGCAGATCTCTGTGT
C278_bin_1820,50-bp bin starting at position 1820,1820,1869,48.0,52.0,2,2,0.998,0.944,61,111,GTACACACGAGAGTTGAGCCATTCT,GCATGTTGTGCAGATCTCTGTGTGC
C278_bin_1824,50-bp bin starting at position 1824,1824,1873,48.0,56.0,2,2,0.998,0.887,53,97,ACACGAGAGTTGAGCCATTCTGCAT,GTTGTGCAGATCTCTGTGTGCGTGG
C278_bin_1826,50-bp bin starting at position 1826,1826,1875,48.0,60.0,2,3,0.993,0.905,53,101,ACGAGAGTTGAGCCATTCTGCATGT,TGTGCAGATCTCTGTGTGCGTGGGC
C278_bin_1827,50-bp bin starting at position 1827,1827,1876,48.0,64.0,2,3,0.985,0.896,61,92,CGAGAGTTGAGCCATTCTGCATGTT,GTGCAGATCTCTGTGTGCGTGGGCG
C278_bin_1829,50-bp bin starting at position 1829,1829,1878,44.0,64.0,2,3,0.966,0.942,80,83,AGAGTTGAGCCATTCTGCATGTTGT,GCAGATCTCTGTGTGCGTGGGCGCA
C278_bin_1835,50-bp bin starting at position 1835,1835,1884,48.0,60.0,2,4,0.985,0.971,74,79,GAGCCATTCTGCATGTTGTGCAGAT,CTCTGTGTGCGTGGGCGCAAAAGTC
C278_bin_1837,50-bp bin starting at position 1837,1837,1886,48.0,60.0,2,4,0.971,0.977,80,75,GCCATTCTGCATGTTGTGCAGATCT,CTGTGTGCGTGGGCGCAAAAGTCCA
C278_bin_1839,50-bp bin starting at position 1839,1839,1888,44.0,64.0,2,4,0.955,0.936,85,65,CATTCTGCATGTTGTGCAGATCTCT,GTGTGCGTGGGCGCAAAAGTCCAGG
C278_bin_1841,50-bp bin starting at position 1841,1841,1890,44.0,64.0,2,4,0.923,0.942,96,74,TTCTGCATGTTGTGCAGATCTCTGT,GTGCGTGGGCGCAAAAGTCCAGGCA
C278_bin_1843,50-bp bin starting at position 1843,1843,1892,48.0,68.0,2,4,0.937,0.9,100,86,CTGCATGTTGTGCAGATCTCTGTGT,GCGTGGGCGCAAAAGTCCAGGCAGG
C278_bin_1859,50-bp bin starting at position 1859,1859,1908,56.0,60.0,4,2,0.966,0.929,85,125,TCTCTGTGTGCGTGGGCGCAAAAGT,CCAGGCAGGCAGTAACTCCGGAGAA
C280_bin_22,50-bp bin starting at position 22,22,71,44.0,56.0,4,2,0.944,0.944,70,61,CTCCCCATCGTAGTTATGATTCCAT,TGCACACTAGGAGGTGGCAGAAGCA
C280_bin_37,50-bp bin starting at position 37,37,86,44.0,56.0,2,4,0.993,0.966,54,68,ATGATTCCATTGCACACTAGGAGGT,GGCAGAAGCATCCCCTCAGCCATAT
C280_bin_48,50-bp bin starting at position 48,48,97,56.0,52.0,2,4,0.944,0.942,57,83,GCACACTAGGAGGTGGCAGAAGCAT,CCCCTCAGCCATATTATCCAGCAGT
C280_bin_53,50-bp bin starting at position 53,53,102,60.0,52.0,4,2,0.979,0.998,54,75,CTAGGAGGTGGCAGAAGCATCCCCT,CAGCCATATTATCCAGCAGTGTCGG
C280_bin_60,50-bp bin starting at position 60,60,109,60.0,56.0,4,3,0.971,0.989,66,72,GTGGCAGAAGCATCCCCTCAGCCAT,ATTATCCAGCAGTGTCGGCATCCCG
C280_bin_62,50-bp bin starting at position 62,62,111,56.0,56.0,4,3,0.966,0.989,68,70,GGCAGAAGCATCCCCTCAGCCATAT,TATCCAGCAGTGTCGGCATCCCGAA
C280_bin_63,50-bp bin starting at position 63,63,112,52.0,60.0,4,3,0.966,0.971,68,70,GCAGAAGCATCCCCTCAGCCATATT,ATCCAGCAGTGTCGGCATCCCGAAC
C280_bin_65,50-bp bin starting at position 65,65,114,44.0,60.0,4,3,0.957,0.971,64,56,AGAAGCATCCCCTCAGCCATATTAT,CCAGCAGTGTCGGCATCCCGAACAT
C280_bin_73,50-bp bin starting at position 73,73,122,52.0,52.0,4,3,0.942,0.97,83,46,CCCCTCAGCCATATTATCCAGCAGT,GTCGGCATCCCGAACATTGTTTCCT
C280_bin_75,50-bp bin starting at position 75,75,124,48.0,56.0,2,3,0.979,0.966,77,44,CCTCAGCCATATTATCCAGCAGTGT,CGGCATCCCGAACATTGTTTCCTCG
C280_bin_81,50-bp bin starting at position 81,81,130,48.0,48.0,2,3,0.993,0.944,70,48,CCATATTATCCAGCAGTGTCGGCAT,CCCGAACATTGTTTCCTCGTCCATA
C280_bin_90,50-bp bin starting at position 90,90,139,60.0,48.0,3,3,0.971,0.989,56,46,CCAGCAGTGTCGGCATCCCGAACAT,TGTTTCCTCGTCCATATAGAAGGCG
C280_bin_91,50-bp bin starting at position 91,91,140,56.0,52.0,3,3,0.989,0.993,54,50,CAGCAGTGTCGGCATCCCGAACATT,GTTTCCTCGTCCATATAGAAGGCGC
C280_bin_93,50-bp bin starting at position 93,93,142,56.0,52.0,3,2,0.993,0.985,54,54,GCAGTGTCGGCATCCCGAACATTGT,TTCCTCGTCCATATAGAAGGCGCCT
C280_bin_94,50-bp bin starting at position 94,94,143,52.0,52.0,3,2,0.993,0.985,48,54,CAGTGTCGGCATCCCGAACATTGTT,TCCTCGTCCATATAGAAGGCGCCTT
C280_bin_95,50-bp bin starting at position 95,95,144,48.0,56.0,3,2,0.989,0.977,48,48,AGTGTCGGCATCCCGAACATTGTTT,CCTCGTCCATATAGAAGGCGCCTTC
C280_bin_98,50-bp bin starting at position 98,98,147,52.0,52.0,3,2,0.97,0.993,46,50,GTCGGCATCCCGAACATTGTTTCCT,CGTCCATATAGAAGGCGCCTTCAGA
C280_bin_101,50-bp bin starting at position 101,101,150,52.0,52.0,3,2,0.97,0.993,46,46,GGCATCCCGAACATTGTTTCCTCGT,CCATATAGAAGGCGCCTTCAGACTG
C280_bin_105,50-bp bin starting at position 105,105,154,48.0,48.0,3,2,0.926,0.998,53,40,TCCCGAACATTGTTTCCTCGTCCAT,ATAGAAGGCGCCTTCAGACTGTTCT
C280_bin_107,50-bp bin starting at position 107,107,156,44.0,56.0,3,2,0.944,0.989,48,54,CCGAACATTGTTTCCTCGTCCATAT,AGAAGGCGCCTTCAGACTGTTCTGG
C280_bin_119,50-bp bin starting at position 119,119,168,52.0,44.0,2,3,0.985,0.983,54,50,TCCTCGTCCATATAGAAGGCGCCTT,CAGACTGTTCTGGAGTATAAATGGC
C280_bin_137,50-bp bin starting at position 137,137,186,52.0,44.0,2,3,0.979,0.957,46,46,GCGCCTTCAGACTGTTCTGGAGTAT,AAATGGCTTCAACCATTGTCTCCTC
C280_bin_165,50-bp bin starting at position 165,165,214,48.0,52.0,2,2,0.926,0.951,78,108,TGGCTTCAACCATTGTCTCCTCCAT,ATCCAGGCCGTGGTTGGTAGTAGTT
C280_bin_176,50-bp bin starting at position 176,176,225,52.0,48.0,2,2,0.951,0.887,71,123,ATTGTCTCCTCCATATCCAGGCCGT,GGTTGGTAGTAGTTGTGTCACAGGT
C280_bin_179,50-bp bin starting at position 179,179,228,60.0,44.0,2,3,0.953,0.922,75,108,GTCTCCTCCATATCCAGGCCGTGGT,TGGTAGTAGTTGTGTCACAGGTTTC
C280_bin_180,50-bp bin starting at position 180,180,229,56.0,44.0,2,3,0.944,0.944,73,114,TCTCCTCCATATCCAGGCCGTGGTT,GGTAGTAGTTGTGTCACAGGTTTCA
C280_bin_183,50-bp bin starting at position 183,183,232,60.0,44.0,2,3,0.961,0.977,76,62,CCTCCATATCCAGGCCGTGGTTGGT,AGTAGTTGTGTCACAGGTTTCATCC
C280_bin_186,50-bp bin starting at position 186,186,235,56.0,44.0,2,3,0.979,0.977,66,54,CCATATCCAGGCCGTGGTTGGTAGT,AGTTGTGTCACAGGTTTCATCCTGA
C280_bin_190,50-bp bin starting at position 190,190,239,52.0,44.0,2,4,0.951,0.993,108,48,ATCCAGGCCGTGGTTGGTAGTAGTT,GTGTCACAGGTTTCATCCTGAAAAG
C280_bin_201,50-bp bin starting at position 201,201,250,48.0,52.0,2,4,0.887,0.998,123,42,GGTTGGTAGTAGTTGTGTCACAGGT,TTCATCCTGAAAAGCCAGTGCGGCT
C280_bin_202,50-bp bin starting at position 202,202,251,44.0,52.0,2,4,0.887,0.998,123,42,GTTGGTAGTAGTTGTGTCACAGGTT,TCATCCTGAAAAGCCAGTGCGGCTT
C280_bin_209,50-bp bin starting at position 209,209,258,44.0,64.0,3,4,0.955,0.953,54,96,GTAGTTGTGTCACAGGTTTCATCCT,GAAAAGCCAGTGCGGCTTCAGCGGC
C280_bin_226,50-bp bin starting at position 226,226,275,52.0,60.0,4,2,0.998,0.961,42,64,TTCATCCTGAAAAGCCAGTGCGGCT,TCAGCGGCAGCCTTCTGGATGTCCT
C280_bin_227,50-bp bin starting at position 227,227,276,52.0,60.0,4,2,0.998,0.961,42,80,TCATCCTGAAAAGCCAGTGCGGCTT,CAGCGGCAGCCTTCTGGATGTCCTT
C280_bin_239,50-bp bin starting at position 239,239,288,72.0,48.0,2,2,0.926,0.985,113,64,GCCAGTGCGGCTTCAGCGGCAGCCT,TCTGGATGTCCTTAGCGCATGTAGA
C280_bin_240,50-bp bin starting at position 240,240,289,68.0,52.0,2,2,0.944,0.993,115,60,CCAGTGCGGCTTCAGCGGCAGCCTT,CTGGATGTCCTTAGCGCATGTAGAC
C280_bin_246,50-bp bin starting at position 246,246,295,64.0,52.0,2,2,0.957,0.998,100,40,CGGCTTCAGCGGCAGCCTTCTGGAT,GTCCTTAGCGCATGTAGACTCAGGA
C280_bin_248,50-bp bin starting at position 248,248,297,60.0,48.0,2,2,0.961,0.998,78,36,GCTTCAGCGGCAGCCTTCTGGATGT,CCTTAGCGCATGTAGACTCAGGAAT
C280_bin_251,50-bp bin starting at position 251,251,300,60.0,48.0,2,2,0.961,0.998,64,40,TCAGCGGCAGCCTTCTGGATGTCCT,TAGCGCATGTAGACTCAGGAATCCT
C280_bin_252,50-bp bin starting at position 252,252,301,60.0,52.0,2,2,0.961,0.993,80,38,CAGCGGCAGCCTTCTGGATGTCCTT,AGCGCATGTAGACTCAGGAATCCTC
C280_bin_259,50-bp bin starting at position 259,259,308,52.0,56.0,2,2,0.979,0.989,62,78,AGCCTTCTGGATGTCCTTAGCGCAT,GTAGACTCAGGAATCCTCAGTCGCC
C280_bin_261,50-bp bin starting at position 261,261,310,52.0,52.0,2,2,0.953,0.985,76,80,CCTTCTGGATGTCCTTAGCGCATGT,AGACTCAGGAATCCTCAGTCGCCAT
C280_bin_266,50-bp bin starting at position 266,266,315,48.0,60.0,2,2,0.985,0.977,60,50,TGGATGTCCTTAGCGCATGTAGACT,CAGGAATCCTCAGTCGCCATGCGCT
C285_bin_4,50-bp bin starting at position 4,4,53,48.0,60.0,3,3,0.966,0.985,50,36,GCTATGTTCCTCAGGTTTGAGCAGT,GCGCCCACGTGCATCAGTCTAGGAT
C285_bin_14,50-bp bin starting at position 14,14,63,60.0,52.0,3,2,0.979,0.998,46,59,TCAGGTTTGAGCAGTGCGCCCACGT,GCATCAGTCTAGGATCGAGATCCTC
C285_bin_18,50-bp bin starting at position 18,18,67,60.0,48.0,3,3,0.979,0.989,68,58,GTTTGAGCAGTGCGCCCACGTGCAT,CAGTCTAGGATCGAGATCCTCAAAG
C285_bin_22,50-bp bin starting at position 22,22,71,64.0,48.0,3,3,0.97,0.966,86,64,GAGCAGTGCGCCCACGTGCATCAGT,CTAGGATCGAGATCCTCAAAGAACC
C285_bin_24,50-bp bin starting at position 24,24,73,64.0,48.0,3,3,0.966,0.971,88,70,GCAGTGCGCCCACGTGCATCAGTCT,AGGATCGAGATCCTCAAAGAACCTG
C285_bin_29,50-bp bin starting at position 29,29,78,60.0,48.0,3,3,0.985,0.966,36,117,GCGCCCACGTGCATCAGTCTAGGAT,CGAGATCCTCAAAGAACCTGAGATC
C285_bin_35,50-bp bin starting at position 35,35,84,48.0,56.0,2,4,0.993,0.983,48,54,ACGTGCATCAGTCTAGGATCGAGAT,CCTCAAAGAACCTGAGATCGGGGCT
C285_bin_38,50-bp bin starting at position 38,38,87,48.0,56.0,2,4,0.998,0.979,57,52,TGCATCAGTCTAGGATCGAGATCCT,CAAAGAACCTGAGATCGGGGCTGTC
C285_bin_48,50-bp bin starting at position 48,48,97,44.0,52.0,3,4,0.977,0.951,70,48,TAGGATCGAGATCCTCAAAGAACCT,GAGATCGGGGCTGTCAAAACATGGA
C285_bin_53,50-bp bin starting at position 53,53,102,44.0,52.0,3,4,0.977,0.993,93,66,TCGAGATCCTCAAAGAACCTGAGAT,CGGGGCTGTCAAAACATGGATCATC
C285_bin_70,50-bp bin starting at position 70,70,119,52.0,52.0,4,2,0.993,0.966,54,81,CCTGAGATCGGGGCTGTCAAAACAT,GGATCATCGTAGAAGTCGTCGGTTG
C285_bin_74,50-bp bin starting at position 74,74,123,48.0,56.0,4,2,0.97,0.966,54,71,AGATCGGGGCTGTCAAAACATGGAT,CATCGTAGAAGTCGTCGGTTGTGGC
C285_bin_77,50-bp bin starting at position 77,77,126,48.0,56.0,4,2,0.993,0.955,60,74,TCGGGGCTGTCAAAACATGGATCAT,CGTAGAAGTCGTCGGTTGTGGCGAA
C285_bin_80,50-bp bin starting at position 80,80,129,48.0,56.0,4,2,0.993,0.923,62,84,GGGCTGTCAAAACATGGATCATCGT,AGAAGTCGTCGGTTGTGGCGAAGGA
C285_bin_93,50-bp bin starting at position 93,93,142,48.0,60.0,2,3,0.979,0.881,83,85,ATGGATCATCGTAGAAGTCGTCGGT,TGTGGCGAAGGAGCAAAGAGAGCCG
C285_bin_94,50-bp bin starting at position 94,94,143,48.0,60.0,2,3,0.97,0.881,81,85,TGGATCATCGTAGAAGTCGTCGGTT,GTGGCGAAGGAGCAAAGAGAGCCGT
C285_bin_96,50-bp bin starting at position 96,96,145,48.0,64.0,2,3,0.97,0.849,79,83,GATCATCGTAGAAGTCGTCGGTTGT,GGCGAAGGAGCAAAGAGAGCCGTCG
C285_bin_119,50-bp bin starting at position 119,119,168,60.0,68.0,3,3,0.881,0.944,85,68,GTGGCGAAGGAGCAAAGAGAGCCGT,CGGGCGCAGTCAGGTCAACATCCCG
C285_bin_129,50-bp bin starting at position 129,129,178,64.0,60.0,3,3,0.914,0.929,76,89,AGCAAAGAGAGCCGTCGGGCGCAGT,CAGGTCAACATCCCGCAGAGGAGGA
C285_bin_134,50-bp bin starting at position 134,134,183,68.0,56.0,3,3,0.923,0.867,78,109,AGAGAGCCGTCGGGCGCAGTCAGGT,CAACATCCCGCAGAGGAGGAGAAAG
C285_bin_172,50-bp bin starting at position 172,172,221,48.0,68.0,3,3,0.951,0.88,112,111,AGGAGGAGAAAGAAGCTCCATGCTT,CCACCTCCTCCCTGCCCACTAGAGG
C285_bin_178,50-bp bin starting at position 178,178,227,48.0,56.0,3,3,0.97,0.955,92,46,AGAAAGAAGCTCCATGCTTCCACCT,CCTCCCTGCCCACTAGAGGAAATCT
C285_bin_181,50-bp bin starting at position 181,181,230,52.0,56.0,2,3,0.942,0.989,93,44,AAGAAGCTCCATGCTTCCACCTCCT,CCCTGCCCACTAGAGGAAATCTGTG
C285_bin_185,50-bp bin starting at position 185,185,234,60.0,52.0,3,3,0.832,0.979,118,36,AGCTCCATGCTTCCACCTCCTCCCT,GCCCACTAGAGGAAATCTGTGACAG
C285_bin_201,50-bp bin starting at position 201,201,250,56.0,56.0,3,3,0.955,0.983,66,52,CTCCTCCCTGCCCACTAGAGGAAAT,CTGTGACAGCAGGGCACTAAAGTCC
C285_bin_203,50-bp bin starting at position 203,203,252,56.0,52.0,3,3,0.955,0.979,46,46,CCTCCCTGCCCACTAGAGGAAATCT,GTGACAGCAGGGCACTAAAGTCCAT
C285_bin_205,50-bp bin starting at position 205,205,254,52.0,48.0,3,3,0.989,0.971,46,50,TCCCTGCCCACTAGAGGAAATCTGT,GACAGCAGGGCACTAAAGTCCATAT
C285_bin_219,50-bp bin starting at position 219,219,268,52.0,44.0,3,3,0.97,0.989,60,36,AGGAAATCTGTGACAGCAGGGCACT,AAAGTCCATATCAGCGATGCTTGAG
C285_bin_224,50-bp bin starting at position 224,224,273,48.0,48.0,3,2,0.985,0.998,52,34,ATCTGTGACAGCAGGGCACTAAAGT,CCATATCAGCGATGCTTGAGAAGTC
C285_bin_228,50-bp bin starting at position 228,228,277,52.0,44.0,3,2,0.979,0.993,46,54,GTGACAGCAGGGCACTAAAGTCCAT,ATCAGCGATGCTTGAGAAGTCTTCA
C285_bin_230,50-bp bin starting at position 230,230,279,48.0,48.0,3,2,0.971,0.998,50,48,GACAGCAGGGCACTAAAGTCCATAT,CAGCGATGCTTGAGAAGTCTTCATC
C285_bin_237,50-bp bin starting at position 237,237,286,48.0,52.0,3,2,0.989,0.993,36,40,GGGCACTAAAGTCCATATCAGCGAT,GCTTGAGAAGTCTTCATCTCCGGAC
C285_bin_240,50-bp bin starting at position 240,240,289,44.0,52.0,3,2,0.979,0.998,36,34,CACTAAAGTCCATATCAGCGATGCT,TGAGAAGTCTTCATCTCCGGACAGC
C285_bin_248,50-bp bin starting at position 248,248,297,44.0,56.0,2,3,0.993,0.977,34,44,TCCATATCAGCGATGCTTGAGAAGT,CTTCATCTCCGGACAGCCCATTAGG
C285_bin_250,50-bp bin starting at position 250,250,299,44.0,56.0,2,3,0.993,0.977,38,42,CATATCAGCGATGCTTGAGAAGTCT,TCATCTCCGGACAGCCCATTAGGCA
C285_bin_254,50-bp bin starting at position 254,254,303,44.0,68.0,2,3,0.989,0.937,54,64,TCAGCGATGCTTGAGAAGTCTTCAT,CTCCGGACAGCCCATTAGGCAGGCC
C285_bin_256,50-bp bin starting at position 256,256,305,44.0,72.0,2,3,0.989,0.905,52,76,AGCGATGCTTGAGAAGTCTTCATCT,CCGGACAGCCCATTAGGCAGGCCGC
C285_bin_269,50-bp bin starting at position 269,269,318,52.0,72.0,3,4,0.971,0.913,44,77,AAGTCTTCATCTCCGGACAGCCCAT,TAGGCAGGCCGCTGGTTCCCAGGGG
C285_bin_270,50-bp bin starting at position 270,270,319,52.0,72.0,3,4,0.966,0.913,48,77,AGTCTTCATCTCCGGACAGCCCATT,AGGCAGGCCGCTGGTTCCCAGGGGA
C285_bin_282,50-bp bin starting at position 282,282,331,68.0,72.0,3,4,0.944,0.841,68,84,CGGACAGCCCATTAGGCAGGCCGCT,GGTTCCCAGGGGAGTTGGAGCGGGG
C285_bin_285,50-bp bin starting at position 285,285,334,64.0,72.0,3,4,0.97,0.873,64,80,ACAGCCCATTAGGCAGGCCGCTGGT,TCCCAGGGGAGTTGGAGCGGGGTCG
C285_bin_345,50-bp bin starting at position 345,345,394,68.0,56.0,3,4,0.951,0.983,82,48,GGCTGCCGGTCACCAGCCGGGTAAT,GGCTTCGGGGTACTCCATCAGCATT
C285_bin_349,50-bp bin starting at position 349,349,398,68.0,52.0,3,4,0.951,0.979,82,50,GCCGGTCACCAGCCGGGTAATGGCT,TCGGGGTACTCCATCAGCATTGGTT
C285_bin_350,50-bp bin starting at position 350,350,399,64.0,56.0,3,4,0.97,0.983,56,50,CCGGTCACCAGCCGGGTAATGGCTT,CGGGGTACTCCATCAGCATTGGTTC
C285_bin_356,50-bp bin starting at position 356,356,405,64.0,52.0,4,2,0.955,0.979,65,46,ACCAGCCGGGTAATGGCTTCGGGGT,ACTCCATCAGCATTGGTTCGGCTGT
C285_bin_359,50-bp bin starting at position 359,359,408,60.0,52.0,4,2,0.955,0.979,93,44,AGCCGGGTAATGGCTTCGGGGTACT,CCATCAGCATTGGTTCGGCTGTACT
C285_bin_363,50-bp bin starting at position 363,363,412,56.0,48.0,4,2,0.966,0.985,79,38,GGGTAATGGCTTCGGGGTACTCCAT,CAGCATTGGTTCGGCTGTACTATGA
C285_bin_369,50-bp bin starting at position 369,369,418,56.0,48.0,4,2,0.983,0.97,44,42,TGGCTTCGGGGTACTCCATCAGCAT,TGGTTCGGCTGTACTATGAGACATG
C285_bin_370,50-bp bin starting at position 370,370,419,56.0,52.0,4,2,0.983,0.966,48,42,GGCTTCGGGGTACTCCATCAGCATT,GGTTCGGCTGTACTATGAGACATGG
C285_bin_373,50-bp bin starting at position 373,373,422,52.0,48.0,4,2,0.979,0.993,50,64,TTCGGGGTACTCCATCAGCATTGGT,TCGGCTGTACTATGAGACATGGACA
C285_bin_374,50-bp bin starting at position 374,374,423,52.0,52.0,4,2,0.979,0.993,50,66,TCGGGGTACTCCATCAGCATTGGTT,CGGCTGTACTATGAGACATGGACAC
C285_bin_379,50-bp bin starting at position 379,379,428,52.0,52.0,2,3,0.979,0.993,42,64,GTACTCCATCAGCATTGGTTCGGCT,GTACTATGAGACATGGACACGCCCT
C285_bin_381,50-bp bin starting at position 381,381,430,52.0,52.0,2,3,0.979,0.979,46,70,ACTCCATCAGCATTGGTTCGGCTGT,ACTATGAGACATGGACACGCCCTGA
C285_bin_384,50-bp bin starting at position 384,384,433,52.0,52.0,2,3,0.979,0.993,44,66,CCATCAGCATTGGTTCGGCTGTACT,ATGAGACATGGACACGCCCTGATTC
C285_bin_386,50-bp bin starting at position 386,386,435,44.0,56.0,2,3,0.977,0.983,42,56,ATCAGCATTGGTTCGGCTGTACTAT,GAGACATGGACACGCCCTGATTCAG
C285_bin_393,50-bp bin starting at position 393,393,442,44.0,64.0,2,3,0.966,0.966,38,64,TTGGTTCGGCTGTACTATGAGACAT,GGACACGCCCTGATTCAGCAGCTGC
C285_bin_404,50-bp bin starting at position 404,404,453,52.0,48.0,3,3,0.993,0.989,64,99,GTACTATGAGACATGGACACGCCCT,GATTCAGCAGCTGCTGAAACTCAGA
C285_bin_407,50-bp bin starting at position 407,407,456,52.0,48.0,3,3,0.993,0.998,70,99,CTATGAGACATGGACACGCCCTGAT,TCAGCAGCTGCTGAAACTCAGAGTT
C285_bin_408,50-bp bin starting at position 408,408,457,48.0,52.0,3,3,0.998,0.993,66,83,TATGAGACATGGACACGCCCTGATT,CAGCAGCTGCTGAAACTCAGAGTTG
C285_bin_416,50-bp bin starting at position 416,416,465,56.0,52.0,3,3,0.989,0.993,60,38,ATGGACACGCCCTGATTCAGCAGCT,GCTGAAACTCAGAGTTGTCCACGGA
C285_bin_419,50-bp bin starting at position 419,419,468,60.0,56.0,3,3,0.977,0.979,72,42,GACACGCCCTGATTCAGCAGCTGCT,GAAACTCAGAGTTGTCCACGGAGGC
C285_bin_425,50-bp bin starting at position 425,425,474,52.0,60.0,3,2,0.989,0.979,97,68,CCCTGATTCAGCAGCTGCTGAAACT,CAGAGTTGTCCACGGAGGCCAGATC
C285_bin_431,50-bp bin starting at position 431,431,480,48.0,56.0,3,2,0.998,0.989,99,48,TTCAGCAGCTGCTGAAACTCAGAGT,TGTCCACGGAGGCCAGATCTGTGAA
C285_bin_432,50-bp bin starting at position 432,432,481,48.0,60.0,3,2,0.998,0.979,99,44,TCAGCAGCTGCTGAAACTCAGAGTT,GTCCACGGAGGCCAGATCTGTGAAC
C285_bin_434,50-bp bin starting at position 434,434,483,48.0,60.0,3,2,0.993,0.961,74,46,AGCAGCTGCTGAAACTCAGAGTTGT,CCACGGAGGCCAGATCTGTGAACAC
C285_bin_449,50-bp bin starting at position 449,449,498,56.0,60.0,2,3,0.989,0.979,68,50,TCAGAGTTGTCCACGGAGGCCAGAT,CTGTGAACACTCCGGGATCGGTGCT
C285_bin_451,50-bp bin starting at position 451,451,500,56.0,60.0,2,3,0.989,0.971,52,50,AGAGTTGTCCACGGAGGCCAGATCT,GTGAACACTCCGGGATCGGTGCTGT
C285_bin_453,50-bp bin starting at position 453,453,502,56.0,60.0,2,3,0.989,0.979,48,42,AGTTGTCCACGGAGGCCAGATCTGT,GAACACTCCGGGATCGGTGCTGTTC
C285_bin_460,50-bp bin starting at position 460,460,509,56.0,68.0,2,4,0.983,0.944,40,50,CACGGAGGCCAGATCTGTGAACACT,CCGGGATCGGTGCTGTTCCCCAGCA
C285_bin_467,50-bp bin starting at position 467,467,516,56.0,68.0,3,4,0.993,0.937,44,70,GCCAGATCTGTGAACACTCCGGGAT,CGGTGCTGTTCCCCAGCAGAGCTCC
C285_bin_471,50-bp bin starting at position 471,471,520,56.0,68.0,3,4,0.989,0.945,68,114,GATCTGTGAACACTCCGGGATCGGT,GCTGTTCCCCAGCAGAGCTCCCAGG
C285_bin_474,50-bp bin starting at position 474,474,523,60.0,68.0,3,4,0.979,0.931,50,113,CTGTGAACACTCCGGGATCGGTGCT,GTTCCCCAGCAGAGCTCCCAGGTCC
C285_bin_476,50-bp bin starting at position 476,476,525,60.0,68.0,3,4,0.971,0.909,50,121,GTGAACACTCCGGGATCGGTGCTGT,TCCCCAGCAGAGCTCCCAGGTCCTC
C285_bin_477,50-bp bin starting at position 477,477,526,56.0,68.0,3,4,0.979,0.902,42,110,TGAACACTCCGGGATCGGTGCTGTT,CCCCAGCAGAGCTCCCAGGTCCTCA
C285_bin_490,50-bp bin starting at position 490,490,539,60.0,60.0,4,3,0.979,0.961,62,54,ATCGGTGCTGTTCCCCAGCAGAGCT,CCCAGGTCCTCATCAGCGTCGAACT
C285_bin_497,50-bp bin starting at position 497,497,546,64.0,60.0,4,2,0.955,0.985,110,48,CTGTTCCCCAGCAGAGCTCCCAGGT,CCTCATCAGCGTCGAACTGCAGGTG
C285_bin_500,50-bp bin starting at position 500,500,549,64.0,60.0,4,2,0.936,0.979,113,83,TTCCCCAGCAGAGCTCCCAGGTCCT,CATCAGCGTCGAACTGCAGGTGCAG
C285_bin_503,50-bp bin starting at position 503,503,552,64.0,64.0,3,2,0.936,0.953,105,107,CCCAGCAGAGCTCCCAGGTCCTCAT,CAGCGTCGAACTGCAGGTGCAGCAG
C285_bin_509,50-bp bin starting at position 509,509,558,60.0,60.0,3,2,0.977,0.979,70,94,AGAGCTCCCAGGTCCTCATCAGCGT,CGAACTGCAGGTGCAGCAGAGCTTC
C285_bin_515,50-bp bin starting at position 515,515,564,60.0,60.0,3,2,0.961,0.979,54,81,CCCAGGTCCTCATCAGCGTCGAACT,GCAGGTGCAGCAGAGCTTCACTCAG
C285_bin_521,50-bp bin starting at position 521,521,570,56.0,60.0,2,3,0.989,0.971,46,115,TCCTCATCAGCGTCGAACTGCAGGT,GCAGCAGAGCTTCACTCAGAGTCCC
C285_bin_532,50-bp bin starting at position 532,532,581,60.0,68.0,2,4,0.971,0.902,98,70,GTCGAACTGCAGGTGCAGCAGAGCT,TCACTCAGAGTCCCCTCGCCGGCCT
C285_bin_533,50-bp bin starting at position 533,533,582,56.0,72.0,2,4,0.989,0.896,94,62,TCGAACTGCAGGTGCAGCAGAGCTT,CACTCAGAGTCCCCTCGCCGGCCTG
C285_bin_537,50-bp bin starting at position 537,537,586,56.0,68.0,2,4,0.993,0.937,104,64,ACTGCAGGTGCAGCAGAGCTTCACT,CAGAGTCCCCTCGCCGGCCTGTGTA
C285_bin_543,50-bp bin starting at position 543,543,592,56.0,68.0,2,4,0.989,0.914,113,58,GGTGCAGCAGAGCTTCACTCAGAGT,CCCCTCGCCGGCCTGTGTAGACTTG
C285_bin_548,50-bp bin starting at position 548,548,597,56.0,68.0,4,3,0.977,0.944,104,56,AGCAGAGCTTCACTCAGAGTCCCCT,CGCCGGCCTGTGTAGACTTGGGCAC
C285_bin_557,50-bp bin starting at position 557,557,606,68.0,60.0,4,3,0.902,0.955,70,52,TCACTCAGAGTCCCCTCGCCGGCCT,GTGTAGACTTGGGCACTGGAGCGCT
C285_bin_559,50-bp bin starting at position 559,559,608,68.0,60.0,4,3,0.923,0.977,62,50,ACTCAGAGTCCCCTCGCCGGCCTGT,GTAGACTTGGGCACTGGAGCGCTCA
C285_bin_561,50-bp bin starting at position 561,561,610,68.0,60.0,4,3,0.914,0.977,66,52,TCAGAGTCCCCTCGCCGGCCTGTGT,AGACTTGGGCACTGGAGCGCTCAGT
C285_bin_566,50-bp bin starting at position 566,566,615,68.0,64.0,4,3,0.914,0.955,62,68,GTCCCCTCGCCGGCCTGTGTAGACT,TGGGCACTGGAGCGCTCAGTGACTG
C285_bin_567,50-bp bin starting at position 567,567,616,64.0,68.0,4,3,0.914,0.931,60,86,TCCCCTCGCCGGCCTGTGTAGACTT,GGGCACTGGAGCGCTCAGTGACTGG
C285_bin_574,50-bp bin starting at position 574,574,623,64.0,68.0,3,4,0.953,0.902,60,66,GCCGGCCTGTGTAGACTTGGGCACT,GGAGCGCTCAGTGACTGGGGTGGTC
C285_bin_590,50-bp bin starting at position 590,590,639,60.0,72.0,3,4,0.971,0.873,52,113,TTGGGCACTGGAGCGCTCAGTGACT,GGGGTGGTCCTGGGGTCAGCACAGG
C285_bin_595,50-bp bin starting at position 595,595,644,64.0,72.0,4,4,0.955,0.896,94,96,CACTGGAGCGCTCAGTGACTGGGGT,GGTCCTGGGGTCAGCACAGGGGCTG
C285_bin_598,50-bp bin starting at position 598,598,647,64.0,72.0,4,4,0.896,0.896,67,84,TGGAGCGCTCAGTGACTGGGGTGGT,CCTGGGGTCAGCACAGGGGCTGGAG
C285_bin_601,50-bp bin starting at position 601,601,650,64.0,72.0,4,4,0.942,0.855,62,85,AGCGCTCAGTGACTGGGGTGGTCCT,GGGGTCAGCACAGGGGCTGGAGCAG
C285_bin_619,50-bp bin starting at position 619,619,668,68.0,72.0,4,3,0.923,0.855,96,81,TGGTCCTGGGGTCAGCACAGGGGCT,GGAGCAGGTGGCTGGGCCAGAGGCA
C285_bin_628,50-bp bin starting at position 628,628,677,68.0,68.0,4,3,0.902,0.921,93,73,GGTCAGCACAGGGGCTGGAGCAGGT,GGCTGGGCCAGAGGCACCATAGCAC
C285_bin_632,50-bp bin starting at position 632,632,681,68.0,60.0,4,3,0.902,0.929,114,88,AGCACAGGGGCTGGAGCAGGTGGCT,GGGCCAGAGGCACCATAGCACTAGA
C285_bin_648,50-bp bin starting at position 648,648,697,68.0,56.0,3,3,0.937,0.979,71,62,CAGGTGGCTGGGCCAGAGGCACCAT,AGCACTAGAGGGCACCATAGTCTGG
C285_bin_654,50-bp bin starting at position 654,654,703,64.0,64.0,3,3,0.957,0.953,72,58,GCTGGGCCAGAGGCACCATAGCACT,AGAGGGCACCATAGTCTGGGCCAGC
C285_bin_671,50-bp bin starting at position 671,671,720,48.0,72.0,3,3,0.989,0.879,83,85,ATAGCACTAGAGGGCACCATAGTCT,GGGCCAGCACTGGAGCGGAGCTAGG
C285_bin_682,50-bp bin starting at position 682,682,731,64.0,72.0,3,4,0.97,0.841,84,122,GGGCACCATAGTCTGGGCCAGCACT,GGAGCGGAGCTAGGGGCCAGAGCCA
C306_bin_2,50-bp bin starting at position 2,2,51,48.0,52.0,2,4,0.989,0.951,80,88,TAGAATTCAGCGATAGAACCGGCCT,TCAGCCCTTTGAGCAGCTTTTCCAC
C306_bin_3,50-bp bin starting at position 3,3,52,48.0,52.0,2,4,0.989,0.966,56,86,AGAATTCAGCGATAGAACCGGCCTT,CAGCCCTTTGAGCAGCTTTTCCACA
C306_bin_10,50-bp bin starting at position 10,10,59,60.0,44.0,3,4,0.971,0.979,50,56,AGCGATAGAACCGGCCTTCAGCCCT,TTGAGCAGCTTTTCCACAAACTCTG
C306_bin_11,50-bp bin starting at position 11,11,60,60.0,48.0,3,4,0.977,0.993,60,54,GCGATAGAACCGGCCTTCAGCCCTT,TGAGCAGCTTTTCCACAAACTCTGG
C306_bin_12,50-bp bin starting at position 12,12,61,56.0,52.0,3,4,0.977,0.998,60,54,CGATAGAACCGGCCTTCAGCCCTTT,GAGCAGCTTTTCCACAAACTCTGGG
C306_bin_20,50-bp bin starting at position 20,20,69,64.0,52.0,3,3,0.942,0.971,87,78,CCGGCCTTCAGCCCTTTGAGCAGCT,TTTCCACAAACTCTGGGACCACCTG
C306_bin_21,50-bp bin starting at position 21,21,70,60.0,56.0,3,3,0.953,0.977,90,90,CGGCCTTCAGCCCTTTGAGCAGCTT,TTCCACAAACTCTGGGACCACCTGG
C306_bin_22,50-bp bin starting at position 22,22,71,56.0,60.0,3,3,0.957,0.955,106,90,GGCCTTCAGCCCTTTGAGCAGCTTT,TCCACAAACTCTGGGACCACCTGGC
C306_bin_23,50-bp bin starting at position 23,23,72,52.0,60.0,4,3,0.944,0.955,111,88,GCCTTCAGCCCTTTGAGCAGCTTTT,CCACAAACTCTGGGACCACCTGGCT
C306_bin_32,50-bp bin starting at position 32,32,81,44.0,68.0,4,3,0.957,0.951,71,111,CCTTTGAGCAGCTTTTCCACAAACT,CTGGGACCACCTGGCTTGCAGGACC
C306_bin_44,50-bp bin starting at position 44,44,93,48.0,48.0,4,4,0.953,0.989,76,48,TTTTCCACAAACTCTGGGACCACCT,GGCTTGCAGGACCATAGTACTTTTC
C306_bin_48,50-bp bin starting at position 48,48,97,60.0,48.0,3,4,0.955,0.998,88,42,CCACAAACTCTGGGACCACCTGGCT,TGCAGGACCATAGTACTTTTCAGCG
C306_bin_49,50-bp bin starting at position 49,49,98,56.0,48.0,3,4,0.977,0.998,72,46,CACAAACTCTGGGACCACCTGGCTT,GCAGGACCATAGTACTTTTCAGCGA
C306_bin_59,50-bp bin starting at position 59,59,108,64.0,44.0,3,4,0.97,0.957,113,58,GGGACCACCTGGCTTGCAGGACCAT,AGTACTTTTCAGCGAACTCATTCCC
C306_bin_62,50-bp bin starting at position 62,62,111,56.0,48.0,2,4,0.989,0.953,61,70,ACCACCTGGCTTGCAGGACCATAGT,ACTTTTCAGCGAACTCATTCCCGAC
C306_bin_65,50-bp bin starting at position 65,65,114,52.0,52.0,2,3,0.998,0.966,46,56,ACCTGGCTTGCAGGACCATAGTACT,TTTCAGCGAACTCATTCCCGACCTG
C306_bin_66,50-bp bin starting at position 66,66,115,52.0,52.0,2,3,0.993,0.966,48,54,CCTGGCTTGCAGGACCATAGTACTT,TTCAGCGAACTCATTCCCGACCTGT
C306_bin_67,50-bp bin starting at position 67,67,116,48.0,56.0,3,3,0.989,0.977,46,48,CTGGCTTGCAGGACCATAGTACTTT,TCAGCGAACTCATTCCCGACCTGTG
C306_bin_68,50-bp bin starting at position 68,68,117,44.0,56.0,4,3,0.977,0.977,52,42,TGGCTTGCAGGACCATAGTACTTTT,CAGCGAACTCATTCCCGACCTGTGA
C306_bin_77,50-bp bin starting at position 77,77,126,44.0,56.0,4,3,0.993,0.983,44,50,GGACCATAGTACTTTTCAGCGAACT,CATTCCCGACCTGTGATGGTTCGAG
C306_bin_89,50-bp bin starting at position 89,89,138,48.0,56.0,4,2,0.944,0.979,64,80,TTTTCAGCGAACTCATTCCCGACCT,GTGATGGTTCGAGGTTCAGCTCCAC
C306_bin_91,50-bp bin starting at position 91,91,140,52.0,56.0,3,2,0.966,0.979,54,82,TTCAGCGAACTCATTCCCGACCTGT,GATGGTTCGAGGTTCAGCTCCACTG
C306_bin_94,50-bp bin starting at position 94,94,143,52.0,52.0,3,2,0.989,0.979,42,76,AGCGAACTCATTCCCGACCTGTGAT,GGTTCGAGGTTCAGCTCCACTGTAT
C306_bin_97,50-bp bin starting at position 97,97,146,52.0,56.0,3,3,0.993,0.979,38,32,GAACTCATTCCCGACCTGTGATGGT,TCGAGGTTCAGCTCCACTGTATGGG
C306_bin_98,50-bp bin starting at position 98,98,147,48.0,60.0,3,3,0.985,0.979,40,34,AACTCATTCCCGACCTGTGATGGTT,CGAGGTTCAGCTCCACTGTATGGGC
C306_bin_104,50-bp bin starting at position 104,104,153,56.0,60.0,3,3,0.957,0.961,58,82,TTCCCGACCTGTGATGGTTCGAGGT,TCAGCTCCACTGTATGGGCTCCGTG
C306_bin_105,50-bp bin starting at position 105,105,154,56.0,64.0,3,3,0.957,0.953,66,82,TCCCGACCTGTGATGGTTCGAGGTT,CAGCTCCACTGTATGGGCTCCGTGC
C306_bin_110,50-bp bin starting at position 110,110,159,52.0,56.0,2,3,0.97,0.961,80,36,ACCTGTGATGGTTCGAGGTTCAGCT,CCACTGTATGGGCTCCGTGCAGTTT
C306_bin_115,50-bp bin starting at position 115,115,164,52.0,56.0,2,4,0.979,0.921,82,48,TGATGGTTCGAGGTTCAGCTCCACT,GTATGGGCTCCGTGCAGTTTTGCCT
C306_bin_117,50-bp bin starting at position 117,117,166,52.0,56.0,2,4,0.979,0.961,80,60,ATGGTTCGAGGTTCAGCTCCACTGT,ATGGGCTCCGTGCAGTTTTGCCTCA
C306_bin_119,50-bp bin starting at position 119,119,168,52.0,60.0,2,4,0.979,0.929,76,60,GGTTCGAGGTTCAGCTCCACTGTAT,GGGCTCCGTGCAGTTTTGCCTCATG
C306_bin_124,50-bp bin starting at position 124,124,173,56.0,52.0,3,4,0.979,0.993,42,42,GAGGTTCAGCTCCACTGTATGGGCT,CCGTGCAGTTTTGCCTCATGGACAA
C306_bin_128,50-bp bin starting at position 128,128,177,56.0,52.0,3,4,0.957,0.998,80,46,TTCAGCTCCACTGTATGGGCTCCGT,GCAGTTTTGCCTCATGGACAAAGCC
C306_bin_133,50-bp bin starting at position 133,133,182,60.0,52.0,3,3,0.961,0.998,58,64,CTCCACTGTATGGGCTCCGTGCAGT,TTTGCCTCATGGACAAAGCCTGCAG
C306_bin_134,50-bp bin starting at position 134,134,183,56.0,56.0,3,3,0.961,0.989,42,68,TCCACTGTATGGGCTCCGTGCAGTT,TTGCCTCATGGACAAAGCCTGCAGC
C306_bin_135,50-bp bin starting at position 135,135,184,56.0,56.0,3,3,0.961,0.979,36,76,CCACTGTATGGGCTCCGTGCAGTTT,TGCCTCATGGACAAAGCCTGCAGCA
C306_bin_136,50-bp bin starting at position 136,136,185,52.0,60.0,4,3,0.953,0.961,40,84,CACTGTATGGGCTCCGTGCAGTTTT,GCCTCATGGACAAAGCCTGCAGCAG
C306_bin_140,50-bp bin starting at position 140,140,189,56.0,52.0,4,3,0.921,0.953,48,72,GTATGGGCTCCGTGCAGTTTTGCCT,CATGGACAAAGCCTGCAGCAGGATA
C306_bin_143,50-bp bin starting at position 143,143,192,56.0,56.0,4,3,0.925,0.925,60,76,TGGGCTCCGTGCAGTTTTGCCTCAT,GGACAAAGCCTGCAGCAGGATACAC
C306_bin_154,50-bp bin starting at position 154,154,203,48.0,60.0,4,2,0.993,0.979,62,60,CAGTTTTGCCTCATGGACAAAGCCT,GCAGCAGGATACACGTGTCCACTGG
C306_bin_164,50-bp bin starting at position 164,164,213,52.0,60.0,3,2,0.979,0.985,72,46,TCATGGACAAAGCCTGCAGCAGGAT,ACACGTGTCCACTGGTGCCGATAGC
C306_bin_170,50-bp bin starting at position 170,170,219,52.0,52.0,3,2,0.953,0.993,62,34,ACAAAGCCTGCAGCAGGATACACGT,GTCCACTGGTGCCGATAGCAATGAA
C306_bin_172,50-bp bin starting at position 172,172,221,52.0,52.0,3,2,0.979,0.979,60,36,AAAGCCTGCAGCAGGATACACGTGT,CCACTGGTGCCGATAGCAATGAAGA
C306_bin_177,50-bp bin starting at position 177,177,226,56.0,44.0,2,2,0.989,0.979,60,54,CTGCAGCAGGATACACGTGTCCACT,GGTGCCGATAGCAATGAAGATATCT
C306_bin_180,50-bp bin starting at position 180,180,229,56.0,48.0,2,2,0.993,0.989,44,66,CAGCAGGATACACGTGTCCACTGGT,GCCGATAGCAATGAAGATATCTGCC
C306_bin_192,50-bp bin starting at position 192,192,241,56.0,48.0,2,2,0.993,0.966,38,111,CGTGTCCACTGGTGCCGATAGCAAT,GAAGATATCTGCCATAGAGAGAGCC
C306_bin_234,50-bp bin starting at position 234,234,283,44.0,64.0,3,4,0.993,0.942,83,69,AGAGAGCCATGTAGATTTCGTCCAT,TCCCAGGGGCATCTCGCCAAACCAG
C306_bin_235,50-bp bin starting at position 235,235,284,44.0,64.0,3,4,0.989,0.914,78,67,GAGAGCCATGTAGATTTCGTCCATT,CCCAGGGGCATCTCGCCAAACCAGA
C306_bin_246,50-bp bin starting at position 246,246,295,52.0,56.0,4,3,0.993,0.966,76,55,AGATTTCGTCCATTCCCAGGGGCAT,CTCGCCAAACCAGACCACATGTGGT
C306_bin_248,50-bp bin starting at position 248,248,297,52.0,60.0,4,3,0.97,0.953,74,59,ATTTCGTCCATTCCCAGGGGCATCT,CGCCAAACCAGACCACATGTGGTCG
C306_bin_266,50-bp bin starting at position 266,266,315,56.0,64.0,3,3,0.922,0.909,67,62,GGCATCTCGCCAAACCAGACCACAT,GTGGTCGCAGAGGTGCTGGGAACTG
C306_bin_268,50-bp bin starting at position 268,268,317,52.0,64.0,3,3,0.922,0.936,63,52,CATCTCGCCAAACCAGACCACATGT,GGTCGCAGAGGTGCTGGGAACTGAC
C306_bin_271,50-bp bin starting at position 271,271,320,56.0,64.0,3,3,0.966,0.942,55,54,CTCGCCAAACCAGACCACATGTGGT,CGCAGAGGTGCTGGGAACTGACAGC
C306_bin_280,50-bp bin starting at position 280,280,329,60.0,56.0,2,3,0.979,0.979,72,106,CCAGACCACATGTGGTCGCAGAGGT,GCTGGGAACTGACAGCAGTGACACT
C306_bin_283,50-bp bin starting at position 283,283,332,60.0,48.0,2,3,0.977,0.985,50,92,GACCACATGTGGTCGCAGAGGTGCT,GGGAACTGACAGCAGTGACACTTAT
C306_bin_290,50-bp bin starting at position 290,290,339,60.0,56.0,3,3,0.931,0.993,56,58,TGTGGTCGCAGAGGTGCTGGGAACT,GACAGCAGTGACACTTATCCTCGGG
C306_bin_299,50-bp bin starting at position 299,299,348,56.0,56.0,3,3,0.945,0.983,58,50,AGAGGTGCTGGGAACTGACAGCAGT,GACACTTATCCTCGGGTGTGACGTC
C306_bin_305,50-bp bin starting at position 305,305,354,56.0,64.0,3,3,0.979,0.925,106,60,GCTGGGAACTGACAGCAGTGACACT,TATCCTCGGGTGTGACGTCGCCGGT
C306_bin_306,50-bp bin starting at position 306,306,355,52.0,68.0,3,3,0.993,0.921,102,68,CTGGGAACTGACAGCAGTGACACTT,ATCCTCGGGTGTGACGTCGCCGGTC
C306_bin_308,50-bp bin starting at position 308,308,357,48.0,72.0,3,3,0.985,0.909,92,68,GGGAACTGACAGCAGTGACACTTAT,CCTCGGGTGTGACGTCGCCGGTCCA
C306_bin_311,50-bp bin starting at position 311,311,360,44.0,72.0,2,3,0.979,0.905,88,65,AACTGACAGCAGTGACACTTATCCT,CGGGTGTGACGTCGCCGGTCCAGTC
C306_bin_316,50-bp bin starting at position 316,316,365,52.0,68.0,3,2,0.998,0.951,44,111,ACAGCAGTGACACTTATCCTCGGGT,GTGACGTCGCCGGTCCAGTCCAGCA
C306_bin_318,50-bp bin starting at position 318,318,367,52.0,72.0,3,2,0.993,0.913,40,115,AGCAGTGACACTTATCCTCGGGTGT,GACGTCGCCGGTCCAGTCCAGCACC
C306_bin_323,50-bp bin starting at position 323,323,372,52.0,72.0,3,2,0.979,0.896,64,118,TGACACTTATCCTCGGGTGTGACGT,CGCCGGTCCAGTCCAGCACCTGTCC
C306_bin_330,50-bp bin starting at position 330,330,379,64.0,68.0,3,2,0.925,0.945,60,88,TATCCTCGGGTGTGACGTCGCCGGT,CCAGTCCAGCACCTGTCCGGACTGG
C306_bin_335,50-bp bin starting at position 335,335,384,68.0,68.0,3,2,0.914,0.945,68,53,TCGGGTGTGACGTCGCCGGTCCAGT,CCAGCACCTGTCCGGACTGGCTGCA
C306_bin_344,50-bp bin starting at position 344,344,393,68.0,60.0,2,3,0.931,0.961,115,58,ACGTCGCCGGTCCAGTCCAGCACCT,GTCCGGACTGGCTGCATCGCACTTT
C306_bin_346,50-bp bin starting at position 346,346,395,68.0,60.0,2,3,0.937,0.979,111,60,GTCGCCGGTCCAGTCCAGCACCTGT,CCGGACTGGCTGCATCGCACTTTGA
C306_bin_353,50-bp bin starting at position 353,353,402,64.0,56.0,2,3,0.955,0.983,116,45,GTCCAGTCCAGCACCTGTCCGGACT,GGCTGCATCGCACTTTGAGCAGTTC
C306_bin_357,50-bp bin starting at position 357,357,406,64.0,52.0,2,3,0.966,0.989,70,49,AGTCCAGCACCTGTCCGGACTGGCT,GCATCGCACTTTGAGCAGTTCACCA
C306_bin_361,50-bp bin starting at position 361,361,410,64.0,52.0,2,3,0.966,0.989,51,49,CAGCACCTGTCCGGACTGGCTGCAT,CGCACTTTGAGCAGTTCACCATGCA
C306_bin_367,50-bp bin starting at position 367,367,416,64.0,48.0,2,2,0.953,0.993,61,66,CTGTCCGGACTGGCTGCATCGCACT,TTGAGCAGTTCACCATGCATGTGGA
C306_bin_368,50-bp bin starting at position 368,368,417,60.0,48.0,2,2,0.961,0.993,56,64,TGTCCGGACTGGCTGCATCGCACTT,TGAGCAGTTCACCATGCATGTGGAT
C306_bin_369,50-bp bin starting at position 369,369,418,60.0,52.0,3,2,0.961,0.998,58,66,GTCCGGACTGGCTGCATCGCACTTT,GAGCAGTTCACCATGCATGTGGATC
C306_bin_376,50-bp bin starting at position 376,376,425,56.0,48.0,3,2,0.983,0.998,49,87,CTGGCTGCATCGCACTTTGAGCAGT,TCACCATGCATGTGGATCACATTGG
C306_bin_377,50-bp bin starting at position 377,377,426,52.0,48.0,3,2,0.979,0.998,43,73,TGGCTGCATCGCACTTTGAGCAGTT,CACCATGCATGTGGATCACATTGGT
C306_bin_383,50-bp bin starting at position 383,383,432,48.0,52.0,3,3,0.979,0.979,54,66,CATCGCACTTTGAGCAGTTCACCAT,GCATGTGGATCACATTGGTGTTCCC
C306_bin_387,50-bp bin starting at position 387,387,436,48.0,56.0,3,3,0.993,0.979,59,50,GCACTTTGAGCAGTTCACCATGCAT,GTGGATCACATTGGTGTTCCCAGCG
C306_bin_389,50-bp bin starting at position 389,389,438,44.0,60.0,3,3,0.989,0.979,66,48,ACTTTGAGCAGTTCACCATGCATGT,GGATCACATTGGTGTTCCCAGCGCG
C306_bin_393,50-bp bin starting at position 393,393,442,48.0,60.0,2,3,0.993,0.971,64,58,TGAGCAGTTCACCATGCATGTGGAT,CACATTGGTGTTCCCAGCGCGCTCA
C306_bin_398,50-bp bin starting at position 398,398,447,44.0,64.0,2,3,0.993,0.957,79,66,AGTTCACCATGCATGTGGATCACAT,TGGTGTTCCCAGCGCGCTCATGCAG
C306_bin_399,50-bp bin starting at position 399,399,448,44.0,64.0,2,3,0.989,0.97,83,64,GTTCACCATGCATGTGGATCACATT,GGTGTTCCCAGCGCGCTCATGCAGA
C306_bin_402,50-bp bin starting at position 402,402,451,48.0,60.0,2,3,0.998,0.979,73,68,CACCATGCATGTGGATCACATTGGT,GTTCCCAGCGCGCTCATGCAGATTG
C306_bin_404,50-bp bin starting at position 404,404,453,48.0,60.0,2,3,0.985,0.971,77,66,CCATGCATGTGGATCACATTGGTGT,TCCCAGCGCGCTCATGCAGATTGTC
C306_bin_405,50-bp bin starting at position 405,405,454,44.0,60.0,2,3,0.966,0.977,81,72,CATGCATGTGGATCACATTGGTGTT,CCCAGCGCGCTCATGCAGATTGTCA
C306_bin_419,50-bp bin starting at position 419,419,468,56.0,44.0,3,2,0.979,0.989,66,66,ACATTGGTGTTCCCAGCGCGCTCAT,GCAGATTGTCAATGTTCTGAGTCAC
C306_bin_425,50-bp bin starting at position 425,425,474,60.0,48.0,3,2,0.979,0.993,68,66,GTGTTCCCAGCGCGCTCATGCAGAT,TGTCAATGTTCTGAGTCACGAGCAG
C306_bin_426,50-bp bin starting at position 426,426,475,56.0,48.0,3,2,0.979,0.993,68,60,TGTTCCCAGCGCGCTCATGCAGATT,GTCAATGTTCTGAGTCACGAGCAGA
C306_bin_428,50-bp bin starting at position 428,428,477,56.0,44.0,3,3,0.979,0.977,68,42,TTCCCAGCGCGCTCATGCAGATTGT,CAATGTTCTGAGTCACGAGCAGAAA
C306_bin_432,50-bp bin starting at position 432,432,481,52.0,52.0,2,3,0.998,0.979,70,50,CAGCGCGCTCATGCAGATTGTCAAT,GTTCTGAGTCACGAGCAGAAACCGA
C306_bin_434,50-bp bin starting at position 434,434,483,52.0,52.0,2,3,0.993,0.979,76,48,GCGCGCTCATGCAGATTGTCAATGT,TCTGAGTCACGAGCAGAAACCGATC
C306_bin_435,50-bp bin starting at position 435,435,484,48.0,56.0,2,3,0.989,0.961,64,48,CGCGCTCATGCAGATTGTCAATGTT,CTGAGTCACGAGCAGAAACCGATCG
C306_bin_437,50-bp bin starting at position 437,437,486,44.0,60.0,2,3,0.977,0.929,58,56,CGCTCATGCAGATTGTCAATGTTCT,GAGTCACGAGCAGAAACCGATCGCC
C306_bin_458,50-bp bin starting at position 458,458,507,48.0,68.0,3,3,0.989,0.944,46,36,TTCTGAGTCACGAGCAGAAACCGAT,CGCCGAGGGCGTCCTGCAGTTTAGC
C306_bin_470,50-bp bin starting at position 470,470,519,64.0,64.0,3,3,0.925,0.955,58,52,AGCAGAAACCGATCGCCGAGGGCGT,CCTGCAGTTTAGCGAGGGCCAGGTG
C306_bin_473,50-bp bin starting at position 473,473,522,64.0,64.0,3,3,0.957,0.936,60,58,AGAAACCGATCGCCGAGGGCGTCCT,GCAGTTTAGCGAGGGCCAGGTGTGC
C306_bin_478,50-bp bin starting at position 478,478,527,72.0,60.0,3,3,0.926,0.955,60,52,CCGATCGCCGAGGGCGTCCTGCAGT,TTAGCGAGGGCCAGGTGTGCTGCAT
C306_bin_479,50-bp bin starting at position 479,479,528,68.0,60.0,3,3,0.944,0.955,44,52,CGATCGCCGAGGGCGTCCTGCAGTT,TAGCGAGGGCCAGGTGTGCTGCATT
C306_bin_480,50-bp bin starting at position 480,480,529,64.0,60.0,3,3,0.953,0.955,40,56,GATCGCCGAGGGCGTCCTGCAGTTT,AGCGAGGGCCAGGTGTGCTGCATTT
C306_bin_494,50-bp bin starting at position 494,494,543,60.0,52.0,3,3,0.971,0.887,48,106,TCCTGCAGTTTAGCGAGGGCCAGGT,GTGCTGCATTTGGCTGGATTTCTGG
C306_bin_509,50-bp bin starting at position 509,509,558,60.0,64.0,3,3,0.937,0.914,74,115,AGGGCCAGGTGTGCTGCATTTGGCT,GGATTTCTGGCTGCTGGAGCTGCCG
C306_bin_513,50-bp bin starting at position 513,513,562,56.0,64.0,3,2,0.944,0.882,80,113,CCAGGTGTGCTGCATTTGGCTGGAT,TTCTGGCTGCTGGAGCTGCCGTCTC
C306_bin_514,50-bp bin starting at position 514,514,563,52.0,68.0,3,2,0.926,0.878,88,117,CAGGTGTGCTGCATTTGGCTGGATT,TCTGGCTGCTGGAGCTGCCGTCTCC
C306_bin_515,50-bp bin starting at position 515,515,564,48.0,68.0,3,2,0.897,0.878,100,111,AGGTGTGCTGCATTTGGCTGGATTT,CTGGCTGCTGGAGCTGCCGTCTCCT
C306_bin_517,50-bp bin starting at position 517,517,566,48.0,72.0,3,2,0.881,0.867,100,111,GTGTGCTGCATTTGGCTGGATTTCT,GGCTGCTGGAGCTGCCGTCTCCTGG
C306_bin_535,50-bp bin starting at position 535,535,584,60.0,52.0,3,4,0.921,0.993,107,66,GATTTCTGGCTGCTGGAGCTGCCGT,CTCCTGGCGTTGTAAAATGCCTGCA
C306_bin_537,50-bp bin starting at position 537,537,586,60.0,56.0,3,4,0.878,0.989,115,66,TTTCTGGCTGCTGGAGCTGCCGTCT,CCTGGCGTTGTAAAATGCCTGCACC
C306_bin_540,50-bp bin starting at position 540,540,589,68.0,56.0,2,4,0.878,0.993,111,44,CTGGCTGCTGGAGCTGCCGTCTCCT,GGCGTTGTAAAATGCCTGCACCAGC
C306_bin_545,50-bp bin starting at position 545,545,594,68.0,52.0,2,4,0.878,0.993,93,54,TGCTGGAGCTGCCGTCTCCTGGCGT,TGTAAAATGCCTGCACCAGCTCAGG
C306_bin_546,50-bp bin starting at position 546,546,595,68.0,52.0,2,4,0.878,0.979,85,52,GCTGGAGCTGCCGTCTCCTGGCGTT,GTAAAATGCCTGCACCAGCTCAGGA
C306_bin_548,50-bp bin starting at position 548,548,597,64.0,52.0,2,4,0.878,0.97,60,60,TGGAGCTGCCGTCTCCTGGCGTTGT,AAAATGCCTGCACCAGCTCAGGATC
C306_bin_553,50-bp bin starting at position 553,553,602,52.0,60.0,4,2,0.979,0.971,58,62,CTGCCGTCTCCTGGCGTTGTAAAAT,GCCTGCACCAGCTCAGGATCTCTGT
C306_bin_557,50-bp bin starting at position 557,557,606,52.0,56.0,4,2,0.979,0.989,58,50,CGTCTCCTGGCGTTGTAAAATGCCT,GCACCAGCTCAGGATCTCTGTCGAA
C306_bin_566,50-bp bin starting at position 566,566,615,52.0,56.0,4,3,0.998,0.983,48,52,GCGTTGTAAAATGCCTGCACCAGCT,CAGGATCTCTGTCGAATCCTTCGGG
C306_bin_572,50-bp bin starting at position 572,572,621,48.0,60.0,4,3,0.985,0.961,56,42,TAAAATGCCTGCACCAGCTCAGGAT,CTCTGTCGAATCCTTCGGGAGTGGC
C306_bin_574,50-bp bin starting at position 574,574,623,52.0,60.0,3,3,0.985,0.971,54,48,AAATGCCTGCACCAGCTCAGGATCT,CTGTCGAATCCTTCGGGAGTGGCGA
C306_bin_576,50-bp bin starting at position 576,576,625,56.0,60.0,2,3,0.977,0.977,66,40,ATGCCTGCACCAGCTCAGGATCTCT,GTCGAATCCTTCGGGAGTGGCGACA
C306_bin_578,50-bp bin starting at position 578,578,627,60.0,60.0,2,3,0.971,0.985,62,40,GCCTGCACCAGCTCAGGATCTCTGT,CGAATCCTTCGGGAGTGGCGACATC
C306_bin_583,50-bp bin starting at position 583,583,632,52.0,64.0,2,3,0.989,0.966,50,46,CACCAGCTCAGGATCTCTGTCGAAT,CCTTCGGGAGTGGCGACATCCTCCA
C306_bin_586,50-bp bin starting at position 586,586,635,52.0,68.0,2,3,0.985,0.945,58,42,CAGCTCAGGATCTCTGTCGAATCCT,TCGGGAGTGGCGACATCCTCCACCC
C306_bin_587,50-bp bin starting at position 587,587,636,48.0,68.0,2,3,0.985,0.945,48,50,AGCTCAGGATCTCTGTCGAATCCTT,CGGGAGTGGCGACATCCTCCACCCT
C306_bin_594,50-bp bin starting at position 594,594,643,52.0,64.0,3,3,0.979,0.923,56,57,GATCTCTGTCGAATCCTTCGGGAGT,GGCGACATCCTCCACCCTGTGTTCC
C306_bin_605,50-bp bin starting at position 605,605,654,56.0,64.0,3,3,0.993,0.859,76,91,AATCCTTCGGGAGTGGCGACATCCT,CCACCCTGTGTTCCTCCCACAGTCC
C306_bin_612,50-bp bin starting at position 612,612,661,68.0,64.0,3,3,0.945,0.942,50,59,CGGGAGTGGCGACATCCTCCACCCT,GTGTTCCTCCCACAGTCCGTCAGCG
C306_bin_614,50-bp bin starting at position 614,614,663,64.0,68.0,3,3,0.966,0.923,52,61,GGAGTGGCGACATCCTCCACCCTGT,GTTCCTCCCACAGTCCGTCAGCGGC
C306_bin_616,50-bp bin starting at position 616,616,665,60.0,68.0,3,3,0.971,0.902,60,71,AGTGGCGACATCCTCCACCCTGTGT,TCCTCCCACAGTCCGTCAGCGGCTC
C306_bin_617,50-bp bin starting at position 617,617,666,60.0,72.0,3,3,0.953,0.896,60,68,GTGGCGACATCCTCCACCCTGTGTT,CCTCCCACAGTCCGTCAGCGGCTCG
C306_bin_620,50-bp bin starting at position 620,620,669,60.0,68.0,3,3,0.913,0.937,70,58,GCGACATCCTCCACCCTGTGTTCCT,CCCACAGTCCGTCAGCGGCTCGGAA
C306_bin_628,50-bp bin starting at position 628,628,677,60.0,64.0,3,2,0.878,0.966,105,56,CTCCACCCTGTGTTCCTCCCACAGT,CCGTCAGCGGCTCGGAATGTGCGAA
C306_bin_632,50-bp bin starting at position 632,632,681,60.0,64.0,3,2,0.913,0.966,69,98,ACCCTGTGTTCCTCCCACAGTCCGT,CAGCGGCTCGGAATGTGCGAATGCC
C306_bin_640,50-bp bin starting at position 640,640,689,64.0,56.0,3,3,0.923,0.989,63,84,TTCCTCCCACAGTCCGTCAGCGGCT,CGGAATGTGCGAATGCCGCTTTCAG
C306_bin_646,50-bp bin starting at position 646,646,695,64.0,52.0,2,3,0.966,0.998,56,38,CCACAGTCCGTCAGCGGCTCGGAAT,GTGCGAATGCCGCTTTCAGCACTAA
C306_bin_648,50-bp bin starting at position 648,648,697,60.0,48.0,2,3,0.985,0.993,52,42,ACAGTCCGTCAGCGGCTCGGAATGT,GCGAATGCCGCTTTCAGCACTAATA
C306_bin_654,50-bp bin starting at position 654,654,703,60.0,52.0,2,3,0.977,0.966,74,84,CGTCAGCGGCTCGGAATGTGCGAAT,GCCGCTTTCAGCACTAATACCAGCA
C306_bin_703,50-bp bin starting at position 703,703,752,64.0,48.0,3,3,0.925,0.897,98,80,ACCAGTCAGCACCAGGACCCGAGGT,TTCTCCATTGAGGCTTCCACTTTCC
C306_bin_704,50-bp bin starting at position 704,704,753,64.0,52.0,3,3,0.953,0.926,75,75,CCAGTCAGCACCAGGACCCGAGGTT,TCTCCATTGAGGCTTCCACTTTCCG
C306_bin_705,50-bp bin starting at position 705,705,754,60.0,56.0,3,3,0.979,0.922,63,77,CAGTCAGCACCAGGACCCGAGGTTT,CTCCATTGAGGCTTCCACTTTCCGC
C306_bin_707,50-bp bin starting at position 707,707,756,60.0,52.0,3,3,0.985,0.926,60,83,GTCAGCACCAGGACCCGAGGTTTCT,CCATTGAGGCTTCCACTTTCCGCTT
C346_bin_12,50-bp bin starting at position 12,12,61,52.0,64.0,3,3,0.993,0.936,60,46,GGTACATACCGTATCCCACAGGAGT,TGCGTAGAGCCCGACGGGTGGGATT
C346_bin_13,50-bp bin starting at position 13,13,62,48.0,68.0,3,3,0.993,0.909,56,46,GTACATACCGTATCCCACAGGAGTT,GCGTAGAGCCCGACGGGTGGGATTG
C346_bin_17,50-bp bin starting at position 17,17,66,52.0,68.0,3,3,0.998,0.873,42,91,ATACCGTATCCCACAGGAGTTGCGT,AGAGCCCGACGGGTGGGATTGGGAG
C346_bin_31,50-bp bin starting at position 31,31,80,64.0,64.0,3,3,0.936,0.824,46,69,AGGAGTTGCGTAGAGCCCGACGGGT,GGGATTGGGAGGACGGGTCTGTGGA
C346_bin_36,50-bp bin starting at position 36,36,85,64.0,60.0,3,3,0.936,0.855,46,69,TTGCGTAGAGCCCGACGGGTGGGAT,TGGGAGGACGGGTCTGTGGAATGGA
C346_bin_37,50-bp bin starting at position 37,37,86,64.0,60.0,3,3,0.936,0.855,46,68,TGCGTAGAGCCCGACGGGTGGGATT,GGGAGGACGGGTCTGTGGAATGGAT
C346_bin_53,50-bp bin starting at position 53,53,102,64.0,48.0,3,3,0.811,0.979,90,62,GGTGGGATTGGGAGGACGGGTCTGT,GGAATGGATAGCTGGCTCCGTAAAT
C346_bin_58,50-bp bin starting at position 58,58,107,56.0,48.0,3,3,0.879,0.993,55,52,GATTGGGAGGACGGGTCTGTGGAAT,GGATAGCTGGCTCCGTAAATACTAG
C346_bin_62,50-bp bin starting at position 62,62,111,60.0,52.0,3,3,0.855,0.998,68,81,GGGAGGACGGGTCTGTGGAATGGAT,AGCTGGCTCCGTAAATACTAGCTGC
C346_bin_66,50-bp bin starting at position 66,66,115,56.0,56.0,3,3,0.923,0.989,57,60,GGACGGGTCTGTGGAATGGATAGCT,GGCTCCGTAAATACTAGCTGCCTGC
C346_bin_70,50-bp bin starting at position 70,70,119,56.0,56.0,3,3,0.913,0.993,75,58,GGGTCTGTGGAATGGATAGCTGGCT,CCGTAAATACTAGCTGCCTGCAGGG
C346_bin_74,50-bp bin starting at position 74,74,123,56.0,52.0,2,4,0.966,0.97,71,66,CTGTGGAATGGATAGCTGGCTCCGT,AAATACTAGCTGCCTGCAGGGGAGA
C346_bin_78,50-bp bin starting at position 78,78,127,48.0,64.0,3,4,0.979,0.955,62,113,GGAATGGATAGCTGGCTCCGTAAAT,ACTAGCTGCCTGCAGGGGAGAGCTG
C346_bin_81,50-bp bin starting at position 81,81,130,44.0,60.0,3,4,0.993,0.955,52,113,ATGGATAGCTGGCTCCGTAAATACT,AGCTGCCTGCAGGGGAGAGCTGATA
C346_bin_85,50-bp bin starting at position 85,85,134,44.0,64.0,3,4,0.993,0.896,87,89,ATAGCTGGCTCCGTAAATACTAGCT,GCCTGCAGGGGAGAGCTGATAGGGA
C346_bin_89,50-bp bin starting at position 89,89,138,52.0,60.0,3,4,0.985,0.832,46,83,CTGGCTCCGTAAATACTAGCTGCCT,GCAGGGGAGAGCTGATAGGGAATGG
C346_bin_102,50-bp bin starting at position 102,102,151,60.0,44.0,4,3,0.977,0.833,94,123,TACTAGCTGCCTGCAGGGGAGAGCT,GATAGGGAATGGGAGACTGAATGAA
C346_bin_112,50-bp bin starting at position 112,112,161,56.0,48.0,4,3,0.913,0.951,91,72,CTGCAGGGGAGAGCTGATAGGGAAT,GGGAGACTGAATGAACTTGGCAACA
C346_bin_120,50-bp bin starting at position 120,120,169,52.0,44.0,3,3,0.881,0.979,83,82,GAGAGCTGATAGGGAATGGGAGACT,GAATGAACTTGGCAACATGGGCTTA
C346_bin_124,50-bp bin starting at position 124,124,173,48.0,56.0,3,3,0.905,0.977,102,62,GCTGATAGGGAATGGGAGACTGAAT,GAACTTGGCAACATGGGCTTAGCGG
C346_bin_138,50-bp bin starting at position 138,138,187,44.0,56.0,2,4,0.966,0.961,74,84,GGAGACTGAATGAACTTGGCAACAT,GGGCTTAGCGGCCATTTTCAGCTTC
C346_bin_143,50-bp bin starting at position 143,143,192,48.0,52.0,3,4,0.993,0.979,90,56,CTGAATGAACTTGGCAACATGGGCT,TAGCGGCCATTTTCAGCTTCTCGAG
C346_bin_144,50-bp bin starting at position 144,144,193,44.0,52.0,3,4,0.983,0.979,98,56,TGAATGAACTTGGCAACATGGGCTT,AGCGGCCATTTTCAGCTTCTCGAGT
RC433_bin_5,50-bp bin starting at position 5,5,54,48.0,48.0,2,3,0.993,0.993,62,92,ATAGGCTTACTGCGAGATGCCAGAT,TTGGTCCTAGGCACACTTGGTAAAG
RC433_bin_6,50-bp bin starting at position 6,6,55,48.0,52.0,2,3,0.993,0.989,64,72,TAGGCTTACTGCGAGATGCCAGATT,TGGTCCTAGGCACACTTGGTAAAGG
RC433_bin_7,50-bp bin starting at position 7,7,56,48.0,56.0,3,3,0.993,0.989,62,72,AGGCTTACTGCGAGATGCCAGATTT,GGTCCTAGGCACACTTGGTAAAGGC
RC433_bin_10,50-bp bin starting at position 10,10,59,48.0,52.0,3,3,0.985,0.998,60,68,CTTACTGCGAGATGCCAGATTTGGT,CCTAGGCACACTTGGTAAAGGCGTT
RC433_bin_36,50-bp bin starting at position 36,36,85,48.0,44.0,3,2,0.993,0.979,70,103,CTAGGCACACTTGGTAAAGGCGTTT,TTGAACATTCGTTGACATTGCGAGG
RC433_bin_37,50-bp bin starting at position 37,37,86,44.0,48.0,4,2,0.979,0.993,74,94,TAGGCACACTTGGTAAAGGCGTTTT,TGAACATTCGTTGACATTGCGAGGC
RC433_bin_69,50-bp bin starting at position 69,69,118,56.0,64.0,3,3,0.977,0.942,98,62,TCGTTGACATTGCGAGGCGGGACAT,TCCCTTTACTCCGGGAGCGCTACGC
RC433_bin_70,50-bp bin starting at position 70,70,119,56.0,68.0,3,3,0.977,0.923,124,54,CGTTGACATTGCGAGGCGGGACATT,CCCTTTACTCCGGGAGCGCTACGCC
RC433_bin_120,50-bp bin starting at position 120,120,169,52.0,60.0,4,3,0.993,0.953,54,52,CCCCGAGAGTGGTAACATATGACGT,GCTCAGTCCGCGCCCTGCTTTGTAA
RC433_bin_123,50-bp bin starting at position 123,123,172,48.0,64.0,2,3,0.979,0.957,50,46,CGAGAGTGGTAACATATGACGTGCT,CAGTCCGCGCCCTGCTTTGTAAGGG
RC433_bin_127,50-bp bin starting at position 127,127,176,44.0,68.0,2,3,0.983,0.944,46,42,AGTGGTAACATATGACGTGCTCAGT,CCGCGCCCTGCTTTGTAAGGGACGG
RC433_bin_136,50-bp bin starting at position 136,136,185,60.0,56.0,3,3,0.971,0.913,44,56,ATATGACGTGCTCAGTCCGCGCCCT,GCTTTGTAAGGGACGGAAGAGGCGA
RC433_bin_139,50-bp bin starting at position 139,139,188,68.0,52.0,3,3,0.914,0.897,66,62,TGACGTGCTCAGTCCGCGCCCTGCT,TTGTAAGGGACGGAAGAGGCGAAAC
RC433_bin_140,50-bp bin starting at position 140,140,189,68.0,56.0,3,3,0.914,0.887,64,62,GACGTGCTCAGTCCGCGCCCTGCTT,TGTAAGGGACGGAAGAGGCGAAACC
RC433_bin_141,50-bp bin starting at position 141,141,190,64.0,60.0,3,3,0.914,0.83,68,64,ACGTGCTCAGTCCGCGCCCTGCTTT,GTAAGGGACGGAAGAGGCGAAACCG
RC433_bin_190,50-bp bin starting at position 190,190,239,56.0,44.0,3,4,0.977,0.979,40,54,GCCGGCAAAGCCCAGATACTCCTTT,GTCTTCGATCTACTAGACAAAACGC
